{"level":"info","message":"Connected to MongoDB","timestamp":"2026-09-03T11:54:31.378Z"}
{"level":"info","message":"Server running on port 8000","timestamp":"2026-09-03T11:54:31.400Z"}
{"level":"info","message":"GET /api/v1/accounts 200 562 - 252.245 ms","timestamp":"2026-09-03T11:56:58.112Z"}
{"level":"info","message":"GET /api/v1/accounts 200 562 - 142.721 ms","timestamp":"2026-09-03T12:00:31.958Z"}
{"level":"info","message":"GET /api/v1/accounts 200 562 - 139.470 ms","timestamp":"2026-09-03T12:03:57.914Z"}
{"level":"info","message":"GET /api/v1/accounts/1788278253338fm7cj0 200 273 - 211.811 ms","timestamp":"2026-09-03T12:04:12.041Z"}
{"level":"info","message":"GET /api/v1/accounts/9 404 29 - 167.591 ms","timestamp":"2026-09-03T12:04:35.524Z"}
{"level":"info","message":"GET /api/v1/accounts/%7B%7D 404 29 - 197.563 ms","timestamp":"2026-09-03T12:04:44.730Z"}
{"amount":"9000000","fromAccountId":"1788283318953mcbpw6","level":"info","message":"Transfer completed","timestamp":"2026-09-03T12:07:47.619Z","toAccountId":"1788278253338fm7cj0","transferId":"6a996312bf22afdb3d7fd490"}
{"level":"info","message":"POST /api/v1/transfers/ 201 301 - 1522.263 ms","timestamp":"2026-09-03T12:07:47.624Z"}
{"errors":[{"code":"invalid_type","expected":"string","message":"Expected string, received number","path":["fromAccountId"],"received":"number"}],"level":"error","message":"Validation error:","timestamp":"2026-09-03T12:08:06.849Z"}
{"level":"info","message":"POST /api/v1/transfers/ 400 145 - 4.123 ms","timestamp":"2026-09-03T12:08:06.851Z"}
{"errors":[{"code":"invalid_type","expected":"string","message":"Required","path":["fromAccountId"],"received":"undefined"}],"level":"error","message":"Validation error:","timestamp":"2026-09-03T12:09:02.316Z"}
{"level":"info","message":"POST /api/v1/transfers/ 400 124 - 2.265 ms","timestamp":"2026-09-03T12:09:02.318Z"}
{"level":"info","message":"Connected to MongoDB","timestamp":"2026-09-03T12:15:04.015Z"}
{"level":"info","message":"Server running on port 8000","timestamp":"2026-09-03T12:15:04.031Z"}
{"amount":"9000000","fromAccountId":"1788283318953mcbpw6","level":"info","message":"Transfer completed","timestamp":"2026-09-03T12:15:54.200Z","toAccountId":"1788278253338fm7cj0","transferId":"6a9964f9d2ca6907ebb3c11e"}
{"errors":[{"code":"invalid_type","expected":"number","message":"Expected number, received object","path":["amount"],"received":"object"}],"level":"error","message":"Transfer DTO validation error:","timestamp":"2026-09-03T12:15:54.203Z"}
{"level":"error","message":"CREATE TRANSFER ERROR: Invalid transfer data","stack":"Error: Invalid transfer data\n    at transferDTO (file:///C:/Users/PROGRESSIVE/Desktop/express-money-transfer/validators/transfer.validator.dto.js:53:15)\n    at createTransfer (file:///C:/Users/PROGRESSIVE/Desktop/express-money-transfer/controllers/transfer.js:59:30)\n    at process.processTicksAndRejections (node:internal/process/task_queues:104:5)\n    at async file:///C:/Users/PROGRESSIVE/Desktop/express-money-transfer/routes/transfer.js:8:5","timestamp":"2026-09-03T12:15:54.205Z"}
{"level":"info","message":"POST /api/v1/transfers/ 500 142 - 1036.697 ms","timestamp":"2026-09-03T12:15:54.215Z"}
{"level":"info","message":"Connected to MongoDB","timestamp":"2026-09-03T12:17:37.181Z"}
{"level":"info","message":"Server running on port 8000","timestamp":"2026-09-03T12:17:37.202Z"}
{"amount":"9000000","fromAccountId":"1788283318953mcbpw6","level":"info","message":"Transfer completed","timestamp":"2026-09-03T12:18:30.182Z","toAccountId":"1788278253338fm7cj0","transferId":"6a9965959ceb9a1564f6852f"}
{"level":"info","message":"POST /api/v1/transfers/ 201 95 - 1522.783 ms","timestamp":"2026-09-03T12:18:30.193Z"}
{"level":"info","message":"Connected to MongoDB","timestamp":"2026-09-03T12:22:58.317Z"}
{"level":"info","message":"Server running on port 8000","timestamp":"2026-09-03T12:22:58.356Z"}
{"level":"info","message":"Connected to MongoDB","timestamp":"2026-09-03T12:24:19.861Z"}
{"level":"info","message":"Server running on port 8000","timestamp":"2026-09-03T12:24:19.880Z"}
{"amount":"9000000","fromAccountId":"1788283318953mcbpw6","level":"info","message":"Transfer completed","timestamp":"2026-09-03T12:25:48.552Z","toAccountId":"1788278253338fm7cj0","transferId":"6a99674c8ccab4c33c05aec6"}
{"errors":[{"code":"invalid_type","expected":"string","message":"Expected string, received object","path":["amount"],"received":"object"}],"level":"error","message":"Transfer DTO validation error:","timestamp":"2026-09-03T12:25:48.559Z"}
{"level":"error","message":"CREATE TRANSFER ERROR: Invalid transfer data","stack":"Error: Invalid transfer data\n    at transferDTO (file:///C:/Users/PROGRESSIVE/Desktop/express-money-transfer/validators/transfer.validator.dto.js:59:15)\n    at createTransfer (file:///C:/Users/PROGRESSIVE/Desktop/express-money-transfer/controllers/transfer.js:59:30)\n    at process.processTicksAndRejections (node:internal/process/task_queues:104:5)\n    at async file:///C:/Users/PROGRESSIVE/Desktop/express-money-transfer/routes/transfer.js:8:5","timestamp":"2026-09-03T12:25:48.562Z"}
{"level":"info","message":"POST /api/v1/transfers/ 500 142 - 1802.253 ms","timestamp":"2026-09-03T12:25:48.589Z"}
{"level":"info","message":"Connected to MongoDB","timestamp":"2026-09-03T12:27:37.246Z"}
{"level":"info","message":"Server running on port 8000","timestamp":"2026-09-03T12:27:37.259Z"}
{"level":"info","message":"Connected to MongoDB","timestamp":"2026-09-03T12:27:48.428Z"}
{"level":"info","message":"Server running on port 8000","timestamp":"2026-09-03T12:27:48.448Z"}
{"level":"info","message":"Connected to MongoDB","timestamp":"2026-09-03T12:27:54.221Z"}
{"level":"info","message":"Server running on port 8000","timestamp":"2026-09-03T12:27:54.257Z"}
{"amount":"9000000","fromAccountId":"1788283318953mcbpw6","level":"info","message":"Transfer completed","timestamp":"2026-09-03T12:28:10.393Z","toAccountId":"1788278253338fm7cj0","transferId":"6a9967dacd0de5a4d35f6b9c"}
{"level":"info","message":"POST /api/v1/transfers/ 201 95 - 1061.364 ms","timestamp":"2026-09-03T12:28:10.407Z"}
{"amount":"775880","fromAccountId":"1788283318953mcbpw6","level":"info","message":"Transfer completed","timestamp":"2026-09-03T12:28:47.342Z","toAccountId":"1788278253338fm7cj0","transferId":"6a9967fecd0de5a4d35f6b9e"}
{"level":"info","message":"POST /api/v1/transfers/ 201 94 - 1296.886 ms","timestamp":"2026-09-03T12:28:47.346Z"}
{"level":"info","message":"GET /api/v1/accounts/ 200 562 - 168.573 ms","timestamp":"2026-09-03T12:29:07.703Z"}
{"level":"info","message":"GET /api/v1/accounts/ 200 562 - 128.445 ms","timestamp":"2026-09-03T12:29:26.240Z"}
{"level":"info","message":"GET /api/v1/accounts/ 200 562 - 201.009 ms","timestamp":"2026-09-03T12:29:58.734Z"}
{"level":"info","message":"Connected to MongoDB","timestamp":"2026-09-03T12:31:20.876Z"}
{"level":"info","message":"Server running on port 8000","timestamp":"2026-09-03T12:31:20.894Z"}
{"level":"info","message":"Connected to MongoDB","timestamp":"2026-09-03T12:51:43.973Z"}
{"level":"info","message":"Server running on port 8000","timestamp":"2026-09-03T12:51:43.981Z"}
{"level":"info","message":"Connected to MongoDB","timestamp":"2026-09-03T13:45:12.107Z"}
{"level":"info","message":"Server running on port 8000","timestamp":"2026-09-03T13:45:12.115Z"}
{"level":"error","message":"Error connecting to MongoDB: querySrv ECONNREFUSED _mongodb._tcp.cluster0.lun9qde.mongodb.net","timestamp":"2026-09-03T15:26:40.199Z"}
{"level":"error","message":"Error connecting to MongoDB: querySrv ECONNREFUSED _mongodb._tcp.cluster0.lun9qde.mongodb.net","timestamp":"2026-09-03T15:26:41.655Z"}
{"level":"info","message":"Connected to MongoDB","timestamp":"2026-09-03T20:10:13.414Z"}
{"level":"info","message":"Server running on port 8000","timestamp":"2026-09-03T20:10:13.433Z"}
{"level":"info","message":"POST /api/v1/accounts 400 327 - 13.367 ms","timestamp":"2026-09-06T21:12:23.263Z"}
{"level":"info","message":"POST /api/v1/accounts 400 327 - 1.617 ms","timestamp":"2026-09-06T21:12:23.296Z"}
{"level":"error","message":"CREATE TRANSFER ERROR: Account not found","stack":"Error: Account not found\n    at C:\\Users\\PROGRESSIVE\\Desktop\\express-money-transfer\\controllers\\transfer.js:24:37\n    at processTicksAndRejections (node:internal/process/task_queues:104:5)\n    at ClientSession.withTransaction (C:\\Users\\PROGRESSIVE\\Desktop\\express-money-transfer\\node_modules\\mongodb\\src\\sessions.ts:826:20)\n    at createTransfer (C:\\Users\\PROGRESSIVE\\Desktop\\express-money-transfer\\controllers\\transfer.js:19:9)\n    at C:\\Users\\PROGRESSIVE\\Desktop\\express-money-transfer\\routes\\transfer.js:8:5","statusCode":404,"timestamp":"2026-09-06T21:12:23.293Z"}
{"level":"info","message":"POST /api/v1/accounts 400 327 - 2.528 ms","timestamp":"2026-09-06T21:12:23.304Z"}
{"level":"info","message":"POST /api/v1/transfers 404 120 - 56.097 ms","timestamp":"2026-09-06T21:12:23.305Z"}
{"level":"info","message":"GET /api/v1/accounts 200 2 - 7.877 ms","timestamp":"2026-09-06T21:12:23.322Z"}
{"level":"info","message":"POST /api/v1/accounts 400 327 - 5.563 ms","timestamp":"2026-09-06T21:12:23.330Z"}
{"level":"info","message":"POST /api/v1/accounts 400 327 - 1.642 ms","timestamp":"2026-09-06T21:12:23.338Z"}
{"errors":[{"code":"invalid_type","expected":"string","message":"Required","path":["fromAccountId"],"received":"undefined"},{"code":"invalid_type","expected":"string","message":"Required","path":["toAccountId"],"received":"undefined"}],"level":"error","message":"Validation error:","timestamp":"2026-09-06T21:12:23.344Z"}
{"level":"info","message":"POST /api/v1/transfers 400 235 - 3.958 ms","timestamp":"2026-09-06T21:12:23.346Z"}
{"level":"info","message":"POST /api/v1/accounts 400 327 - 1.506 ms","timestamp":"2026-09-06T21:12:23.360Z"}
{"level":"info","message":"POST /api/v1/accounts 400 327 - 1.271 ms","timestamp":"2026-09-06T21:12:23.366Z"}
{"errors":[{"code":"invalid_type","expected":"string","message":"Required","path":["fromAccountId"],"received":"undefined"},{"code":"invalid_type","expected":"string","message":"Required","path":["toAccountId"],"received":"undefined"}],"level":"error","message":"Validation error:","timestamp":"2026-09-06T21:12:23.371Z"}
{"level":"info","message":"POST /api/v1/transfers 400 235 - 2.813 ms","timestamp":"2026-09-06T21:12:23.373Z"}
{"level":"error","message":"CREATE TRANSFER ERROR: Account not found","stack":"Error: Account not found\n    at C:\\Users\\PROGRESSIVE\\Desktop\\express-money-transfer\\controllers\\transfer.js:24:37\n    at processTicksAndRejections (node:internal/process/task_queues:104:5)\n    at ClientSession.withTransaction (C:\\Users\\PROGRESSIVE\\Desktop\\express-money-transfer\\node_modules\\mongodb\\src\\sessions.ts:826:20)\n    at createTransfer (C:\\Users\\PROGRESSIVE\\Desktop\\express-money-transfer\\controllers\\transfer.js:19:9)\n    at C:\\Users\\PROGRESSIVE\\Desktop\\express-money-transfer\\routes\\transfer.js:8:5","statusCode":404,"timestamp":"2026-09-06T21:14:52.104Z"}
{"level":"info","message":"POST /api/v1/transfers 404 120 - 30.502 ms","timestamp":"2026-09-06T21:14:52.113Z"}
{"accountId":"17887292921297xmq9o","level":"info","message":"Account created","timestamp":"2026-09-06T21:14:53.693Z"}
{"level":"info","message":"POST /api/v1/accounts 201 260 - 1584.405 ms","timestamp":"2026-09-06T21:14:53.714Z"}
{"accountId":"1788729292028nbuf0g","level":"info","message":"Account created","timestamp":"2026-09-06T21:14:53.701Z"}
{"level":"info","message":"POST /api/v1/accounts 201 262 - 1723.411 ms","timestamp":"2026-09-06T21:14:53.751Z"}
{"accountId":"1788729293737vrhh32","level":"info","message":"Account created","timestamp":"2026-09-06T21:14:54.000Z"}
{"level":"info","message":"POST /api/v1/accounts 201 255 - 267.151 ms","timestamp":"2026-09-06T21:14:54.003Z"}
{"accountId":"1788729294018rctdst","level":"info","message":"Account created","timestamp":"2026-09-06T21:14:54.030Z"}
{"level":"info","message":"POST /api/v1/accounts 201 267 - 14.841 ms","timestamp":"2026-09-06T21:14:54.032Z"}
{"amount":"200","fromAccountId":"17887292921297xmq9o","level":"info","message":"Transfer completed","timestamp":"2026-09-06T21:14:54.183Z","toAccountId":"1788729293737vrhh32","transferId":"6a9dd7ce5ec3291f7bc02796"}
{"level":"info","message":"POST /api/v1/transfers 201 91 - 173.524 ms","timestamp":"2026-09-06T21:14:54.186Z"}
{"level":"info","message":"POST /api/v1/accounts 409 49 - 4.161 ms","timestamp":"2026-09-06T21:14:54.185Z"}
{"level":"info","message":"GET /api/v1/accounts 200 2 - 3.808 ms","timestamp":"2026-09-06T21:14:54.266Z"}
{"accountId":"17887292943334k1mdu","level":"info","message":"Account created","timestamp":"2026-09-06T21:14:54.404Z"}
{"level":"info","message":"POST /api/v1/accounts 201 259 - 71.944 ms","timestamp":"2026-09-06T21:14:54.405Z"}
{"accountId":"17887292944099bd3ba","level":"info","message":"Account created","timestamp":"2026-09-06T21:14:54.475Z"}
{"level":"info","message":"POST /api/v1/accounts 201 255 - 66.783 ms","timestamp":"2026-09-06T21:14:54.476Z"}
{"level":"error","message":"CREATE TRANSFER ERROR: Insufficient funds","stack":"Error: Insufficient funds\n    at C:\\Users\\PROGRESSIVE\\Desktop\\express-money-transfer\\controllers\\transfer.js:31:37\n    at processTicksAndRejections (node:internal/process/task_queues:104:5)\n    at ClientSession.withTransaction (C:\\Users\\PROGRESSIVE\\Desktop\\express-money-transfer\\node_modules\\mongodb\\src\\sessions.ts:826:20)\n    at createTransfer (C:\\Users\\PROGRESSIVE\\Desktop\\express-money-transfer\\controllers\\transfer.js:19:9)\n    at C:\\Users\\PROGRESSIVE\\Desktop\\express-money-transfer\\routes\\transfer.js:8:5","statusCode":400,"timestamp":"2026-09-06T21:14:54.491Z"}
{"level":"info","message":"POST /api/v1/transfers 400 135 - 9.498 ms","timestamp":"2026-09-06T21:14:54.493Z"}
{"level":"error","message":"CREATE TRANSFER ERROR: Account not found","stack":"Error: Account not found\n    at C:\\Users\\PROGRESSIVE\\Desktop\\express-money-transfer\\controllers\\transfer.js:24:37\n    at processTicksAndRejections (node:internal/process/task_queues:104:5)\n    at ClientSession.withTransaction (C:\\Users\\PROGRESSIVE\\Desktop\\express-money-transfer\\node_modules\\mongodb\\src\\sessions.ts:826:20)\n    at createTransfer (C:\\Users\\PROGRESSIVE\\Desktop\\express-money-transfer\\controllers\\transfer.js:19:9)\n    at C:\\Users\\PROGRESSIVE\\Desktop\\express-money-transfer\\routes\\transfer.js:8:5","statusCode":404,"timestamp":"2026-09-06T21:15:20.539Z"}
{"level":"info","message":"POST /api/v1/transfers 404 120 - 207.953 ms","timestamp":"2026-09-06T21:15:20.602Z"}
{"accountId":"17887293206867eagps","level":"info","message":"Account created","timestamp":"2026-09-06T21:15:20.754Z"}
{"level":"info","message":"POST /api/v1/accounts 201 260 - 87.308 ms","timestamp":"2026-09-06T21:15:20.772Z"}
{"accountId":"1788729320782441838","level":"info","message":"Account created","timestamp":"2026-09-06T21:15:20.831Z"}
{"level":"info","message":"POST /api/v1/accounts 201 255 - 53.526 ms","timestamp":"2026-09-06T21:15:20.838Z"}
{"accountId":"1788729320494gxyag2","level":"info","message":"Account created","timestamp":"2026-09-06T21:15:20.852Z"}
{"level":"info","message":"POST /api/v1/accounts 201 262 - 392.139 ms","timestamp":"2026-09-06T21:15:20.886Z"}
{"amount":"200","fromAccountId":"17887293206867eagps","level":"info","message":"Transfer completed","timestamp":"2026-09-06T21:15:20.901Z","toAccountId":"1788729320782441838","transferId":"6a9dd7e8eba51bd87fafadf4"}
{"level":"info","message":"POST /api/v1/transfers 201 162 - 39.943 ms","timestamp":"2026-09-06T21:15:20.904Z"}
{"level":"info","message":"GET /api/v1/accounts/17887293206867eagps 200 259 - 2.874 ms","timestamp":"2026-09-06T21:15:20.913Z"}
{"level":"info","message":"GET /api/v1/accounts/1788729320782441838 200 255 - 2.916 ms","timestamp":"2026-09-06T21:15:20.922Z"}
{"accountId":"1788729320908svskm7","level":"info","message":"Account created","timestamp":"2026-09-06T21:15:20.916Z"}
{"level":"info","message":"POST /api/v1/accounts 201 267 - 10.159 ms","timestamp":"2026-09-06T21:15:20.918Z"}
{"level":"info","message":"POST /api/v1/accounts 409 49 - 4.122 ms","timestamp":"2026-09-06T21:15:20.928Z"}
{"accountId":"1788729320934u5gm1s","level":"info","message":"Account created","timestamp":"2026-09-06T21:15:20.942Z"}
{"level":"info","message":"POST /api/v1/accounts 201 259 - 9.032 ms","timestamp":"2026-09-06T21:15:20.943Z"}
{"level":"info","message":"GET /api/v1/accounts 200 2 - 2.714 ms","timestamp":"2026-09-06T21:15:20.943Z"}
{"accountId":"1788729320948fih32e","level":"info","message":"Account created","timestamp":"2026-09-06T21:15:20.954Z"}
{"level":"info","message":"POST /api/v1/accounts 201 255 - 7.824 ms","timestamp":"2026-09-06T21:15:20.956Z"}
{"level":"error","message":"CREATE TRANSFER ERROR: Insufficient funds","stack":"Error: Insufficient funds\n    at C:\\Users\\PROGRESSIVE\\Desktop\\express-money-transfer\\controllers\\transfer.js:31:37\n    at processTicksAndRejections (node:internal/process/task_queues:104:5)\n    at ClientSession.withTransaction (C:\\Users\\PROGRESSIVE\\Desktop\\express-money-transfer\\node_modules\\mongodb\\src\\sessions.ts:826:20)\n    at createTransfer (C:\\Users\\PROGRESSIVE\\Desktop\\express-money-transfer\\controllers\\transfer.js:19:9)\n    at C:\\Users\\PROGRESSIVE\\Desktop\\express-money-transfer\\routes\\transfer.js:8:5","statusCode":400,"timestamp":"2026-09-06T21:15:20.965Z"}
{"level":"info","message":"POST /api/v1/transfers 400 135 - 5.138 ms","timestamp":"2026-09-06T21:15:20.966Z"}
{"level":"info","message":"Connected to MongoDB","timestamp":"2026-09-08T08:46:50.624Z"}
{"level":"info","message":"Server running on port 8000","timestamp":"2026-09-08T08:46:50.632Z"}
{"level":"info","message":"Connected to MongoDB","timestamp":"2026-09-08T10:46:51.928Z"}
{"level":"info","message":"Server running on port 8000","timestamp":"2026-09-08T10:46:51.945Z"}
{"level":"info","message":"Connected to MongoDB","timestamp":"2026-09-08T10:49:07.164Z"}
{"level":"info","message":"Server running on port 8000","timestamp":"2026-09-08T10:49:07.183Z"}
{"level":"info","message":"Connected to MongoDB","timestamp":"2026-09-08T10:50:03.264Z"}
{"level":"info","message":"Server running on port 8000","timestamp":"2026-09-08T10:50:03.287Z"}
{"level":"info","message":"Connected to MongoDB","timestamp":"2026-09-08T10:50:45.186Z"}
{"level":"info","message":"Server running on port 8000","timestamp":"2026-09-08T10:50:45.205Z"}
{"level":"info","message":"Connected to MongoDB","timestamp":"2026-09-08T10:55:38.046Z"}
{"level":"info","message":"Server running on port 8000","timestamp":"2026-09-08T10:55:38.061Z"}
{"level":"info","message":"Connected to MongoDB","timestamp":"2026-09-08T10:55:50.369Z"}
{"level":"info","message":"Server running on port 8000","timestamp":"2026-09-08T10:55:50.386Z"}
{"level":"info","message":"Connected to MongoDB","timestamp":"2026-09-08T10:56:01.087Z"}
{"level":"info","message":"Server running on port 8000","timestamp":"2026-09-08T10:56:01.115Z"}
{"level":"info","message":"Connected to MongoDB","timestamp":"2026-09-08T11:06:34.772Z"}
{"level":"info","message":"Server running on port 8000","timestamp":"2026-09-08T11:06:34.790Z"}
{"level":"info","message":"Connected to MongoDB","timestamp":"2026-09-08T11:09:57.489Z"}
{"level":"info","message":"Server running on port 8000","timestamp":"2026-09-08T11:09:57.510Z"}
{"level":"info","message":"Connected to MongoDB","timestamp":"2026-09-08T11:10:12.360Z"}
{"level":"info","message":"Server running on port 8000","timestamp":"2026-09-08T11:10:12.383Z"}
{"level":"info","message":"Connected to MongoDB","timestamp":"2026-09-08T11:10:55.714Z"}
{"level":"info","message":"Server running on port 8000","timestamp":"2026-09-08T11:10:55.727Z"}
{"level":"info","message":"Connected to MongoDB","timestamp":"2026-09-08T11:11:29.663Z"}
{"level":"info","message":"Server running on port 8000","timestamp":"2026-09-08T11:11:29.679Z"}
{"level":"info","message":"Connected to MongoDB","timestamp":"2026-09-08T11:12:26.435Z"}
{"level":"info","message":"Server running on port 8000","timestamp":"2026-09-08T11:12:26.456Z"}
{"level":"info","message":"Connected to MongoDB","timestamp":"2026-09-08T11:14:01.444Z"}
{"level":"info","message":"Server running on port 8000","timestamp":"2026-09-08T11:14:01.464Z"}
{"level":"info","message":"Connected to MongoDB","timestamp":"2026-09-08T11:14:07.403Z"}
{"level":"info","message":"Server running on port 8000","timestamp":"2026-09-08T11:14:07.423Z"}
{"level":"info","message":"Connected to MongoDB","timestamp":"2026-09-08T11:14:47.072Z"}
{"level":"info","message":"Server running on port 8000","timestamp":"2026-09-08T11:14:47.086Z"}
{"level":"info","message":"Connected to MongoDB","timestamp":"2026-09-08T11:15:07.459Z"}
{"level":"info","message":"Server running on port 8000","timestamp":"2026-09-08T11:15:07.480Z"}
{"level":"info","message":"Connected to MongoDB","timestamp":"2026-09-08T11:15:55.930Z"}
{"level":"info","message":"Server running on port 8000","timestamp":"2026-09-08T11:15:55.971Z"}
{"level":"info","message":"Connected to MongoDB","timestamp":"2026-09-08T11:16:53.168Z"}
{"level":"info","message":"Server running on port 8000","timestamp":"2026-09-08T11:16:53.183Z"}
{"level":"info","message":"Connected to MongoDB","timestamp":"2026-09-08T11:17:36.786Z"}
{"level":"info","message":"Server running on port 8000","timestamp":"2026-09-08T11:17:36.805Z"}
{"level":"info","message":"Connected to MongoDB","timestamp":"2026-09-08T11:17:48.203Z"}
{"level":"info","message":"Server running on port 8000","timestamp":"2026-09-08T11:17:48.222Z"}
{"level":"info","message":"Connected to MongoDB","timestamp":"2026-09-08T11:19:04.889Z"}
{"level":"info","message":"Server running on port 8000","timestamp":"2026-09-08T11:19:04.904Z"}
{"level":"error","message":"EXPRESS ERROR HANDLER: Cannot access 'Account' before initialization","stack":"ReferenceError: Cannot access 'Account' before initialization\n    at createAccount (file:///C:/Users/PROGRESSIVE/Desktop/express-money-transfer/services/account.js:7:85)\n    at file:///C:/Users/PROGRESSIVE/Desktop/express-money-transfer/controllers/account.js:14:30\n    at Layer.handleRequest (C:\\Users\\PROGRESSIVE\\Desktop\\express-money-transfer\\node_modules\\router\\lib\\layer.js:152:17)\n    at next (C:\\Users\\PROGRESSIVE\\Desktop\\express-money-transfer\\node_modules\\router\\lib\\route.js:157:13)\n    at file:///C:/Users/PROGRESSIVE/Desktop/express-money-transfer/validators/index.js:14:13\n    at Layer.handleRequest (C:\\Users\\PROGRESSIVE\\Desktop\\express-money-transfer\\node_modules\\router\\lib\\layer.js:152:17)\n    at next (C:\\Users\\PROGRESSIVE\\Desktop\\express-money-transfer\\node_modules\\router\\lib\\route.js:157:13)\n    at Route.dispatch (C:\\Users\\PROGRESSIVE\\Desktop\\express-money-transfer\\node_modules\\router\\lib\\route.js:117:3)\n    at handle (C:\\Users\\PROGRESSIVE\\Desktop\\express-money-transfer\\node_modules\\router\\index.js:435:11)\n    at Layer.handleRequest (C:\\Users\\PROGRESSIVE\\Desktop\\express-money-transfer\\node_modules\\router\\lib\\layer.js:152:17)","timestamp":"2026-09-08T11:21:57.253Z"}
{"level":"info","message":"POST /api/v1/accounts 500 57 - 3.856 ms","timestamp":"2026-09-08T11:21:57.256Z"}
{"level":"info","message":"Connected to MongoDB","timestamp":"2026-09-08T11:22:00.199Z"}
{"level":"info","message":"Server running on port 8000","timestamp":"2026-09-08T11:22:00.206Z"}
{"level":"info","message":"Connected to MongoDB","timestamp":"2026-09-08T11:24:57.559Z"}
{"level":"info","message":"Server running on port 8000","timestamp":"2026-09-08T11:24:57.572Z"}
{"accountId":"1788866707858oi1xwq","level":"info","message":"Account created","timestamp":"2026-09-08T11:25:08.189Z"}
{"level":"info","message":"POST /api/v1/accounts 201 280 - 334.977 ms","timestamp":"2026-09-08T11:25:08.194Z"}
{"level":"info","message":"GET /api/v1/accounts 200 1190 - 156.643 ms","timestamp":"2026-09-08T11:25:51.005Z"}
{"level":"info","message":"Connected to MongoDB","timestamp":"2026-09-08T11:26:58.681Z"}
{"level":"info","message":"Server running on port 8000","timestamp":"2026-09-08T11:26:58.688Z"}
{"level":"info","message":"Connected to MongoDB","timestamp":"2026-09-08T11:28:13.960Z"}
{"level":"info","message":"Server running on port 8000","timestamp":"2026-09-08T11:28:13.968Z"}
{"level":"error","message":"EXPRESS ERROR HANDLER: newTransfer is not a function","stack":"TypeError: newTransfer is not a function\n    at file:///C:/Users/PROGRESSIVE/Desktop/express-money-transfer/controllers/transfer.js:21:31\n    at Layer.handleRequest (C:\\Users\\PROGRESSIVE\\Desktop\\express-money-transfer\\node_modules\\router\\lib\\layer.js:152:17)\n    at next (C:\\Users\\PROGRESSIVE\\Desktop\\express-money-transfer\\node_modules\\router\\lib\\route.js:157:13)\n    at file:///C:/Users/PROGRESSIVE/Desktop/express-money-transfer/validators/transfer.validator.dto.js:34:9\n    at Layer.handleRequest (C:\\Users\\PROGRESSIVE\\Desktop\\express-money-transfer\\node_modules\\router\\lib\\layer.js:152:17)\n    at next (C:\\Users\\PROGRESSIVE\\Desktop\\express-money-transfer\\node_modules\\router\\lib\\route.js:157:13)\n    at Route.dispatch (C:\\Users\\PROGRESSIVE\\Desktop\\express-money-transfer\\node_modules\\router\\lib\\route.js:117:3)\n    at handle (C:\\Users\\PROGRESSIVE\\Desktop\\express-money-transfer\\node_modules\\router\\index.js:435:11)\n    at Layer.handleRequest (C:\\Users\\PROGRESSIVE\\Desktop\\express-money-transfer\\node_modules\\router\\lib\\layer.js:152:17)\n    at C:\\Users\\PROGRESSIVE\\Desktop\\express-money-transfer\\node_modules\\router\\index.js:295:15","timestamp":"2026-09-08T11:30:26.710Z"}
{"level":"info","message":"POST /api/v1/transfers 500 41 - 3.765 ms","timestamp":"2026-09-08T11:30:26.713Z"}
{"level":"info","message":"Connected to MongoDB","timestamp":"2026-09-08T11:31:26.530Z"}
{"level":"info","message":"Server running on port 8000","timestamp":"2026-09-08T11:31:26.538Z"}
{"amount":"19999","fromAccountId":"1788866707858oi1xwq","level":"info","message":"Transfer completed","timestamp":"2026-09-08T11:31:38.467Z","toAccountId":"1788785048069fsp3hn"}
{"level":"info","message":"POST /api/v1/transfers 201 164 - 1686.214 ms","timestamp":"2026-09-08T11:31:38.479Z"}
{"level":"info","message":"GET /api/v1/transfers 200 3099 - 154.477 ms","timestamp":"2026-09-08T11:32:06.929Z"}
{"level":"info","message":"GET /api/v1/transfers 200 3099 - 166.662 ms","timestamp":"2026-09-08T11:34:18.626Z"}
{"level":"info","message":"Connected to MongoDB","timestamp":"2026-09-08T12:33:59.278Z"}
{"level":"info","message":"Server running on port 8000","timestamp":"2026-09-08T12:33:59.291Z"}
{"level":"info","message":"Connected to MongoDB","timestamp":"2026-09-08T12:42:25.609Z"}
{"level":"info","message":"Server running on port 8000","timestamp":"2026-09-08T12:42:25.627Z"}
{"level":"info","message":"GET /api/v1/accounts 200 1190 - 174.815 ms","timestamp":"2026-09-08T12:42:51.516Z"}
{"level":"info","message":"Connected to MongoDB","timestamp":"2026-09-08T12:42:54.722Z"}
{"level":"info","message":"Server running on port 8000","timestamp":"2026-09-08T12:42:54.738Z"}
{"level":"info","message":"Connected to MongoDB","timestamp":"2026-09-08T12:47:32.213Z"}
{"level":"info","message":"Server running on port 8000","timestamp":"2026-09-08T12:47:32.239Z"}
{"level":"info","message":"GET /api/v1/accounts 200 1190 - 255.388 ms","timestamp":"2026-09-08T12:47:57.119Z"}
{"level":"info","message":"GET /api/v1/accounts 200 1190 - 213.114 ms","timestamp":"2026-09-08T12:48:20.824Z"}
{"level":"info","message":"GET /api/v1/transfers 200 3099 - 232.933 ms","timestamp":"2026-09-08T12:48:47.771Z"}
{"level":"info","message":"Connected to MongoDB","timestamp":"2026-09-08T12:50:00.792Z"}
{"level":"info","message":"Server running on port 8000","timestamp":"2026-09-08T12:50:00.812Z"}
{"level":"info","message":"Connected to MongoDB","timestamp":"2026-09-08T13:01:11.290Z"}
{"level":"info","message":"Server running on port 8000","timestamp":"2026-09-08T13:01:11.307Z"}
{"level":"info","message":"Connected to MongoDB","timestamp":"2026-09-08T13:08:00.297Z"}
{"level":"info","message":"Server running on port 8000","timestamp":"2026-09-08T13:08:00.312Z"}
{"level":"info","message":"GET /api/v1/transfers 200 1060 - 190.340 ms","timestamp":"2026-09-08T13:08:42.556Z"}
{"level":"info","message":"GET /api/v1/accounts 200 510 - 170.142 ms","timestamp":"2026-09-08T13:09:03.083Z"}
{"accountId":"acc-bob","level":"info","message":"Account created","timestamp":"2026-09-08T13:23:02.995Z"}
{"amount":"50","fromAccountId":"acc-1","level":"info","message":"Transfer completed","timestamp":"2026-09-08T13:23:03.058Z","toAccountId":"acc-2"}
{"details":{"id":"nonexistent1","reason":"Not Found","resource":"Account"},"level":"warn","message":"DOMAIN EXCEPTION: Account not found","statusCode":404,"timestamp":"2026-09-08T13:23:06.543Z"}
{"level":"info","message":"POST /api/v1/transfers 404 103 - 78.844 ms","timestamp":"2026-09-08T13:23:06.588Z"}
{"accountId":"1788873786549booozs","level":"info","message":"Account created","timestamp":"2026-09-08T13:23:06.607Z"}
{"level":"info","message":"POST /api/v1/accounts 201 88 - 83.201 ms","timestamp":"2026-09-08T13:23:06.632Z"}
{"accountId":"1788873786621u6wail","level":"info","message":"Account created","timestamp":"2026-09-08T13:23:06.653Z"}
{"level":"info","message":"POST /api/v1/accounts 201 86 - 36.997 ms","timestamp":"2026-09-08T13:23:06.658Z"}
{"accountId":"17888737866636vs73e","level":"info","message":"Account created","timestamp":"2026-09-08T13:23:06.674Z"}
{"level":"info","message":"POST /api/v1/accounts 201 93 - 13.445 ms","timestamp":"2026-09-08T13:23:06.676Z"}
{"accountId":"1788873786669wwthb0","level":"info","message":"Account created","timestamp":"2026-09-08T13:23:06.679Z"}
{"level":"info","message":"POST /api/v1/accounts 201 81 - 12.384 ms","timestamp":"2026-09-08T13:23:06.681Z"}
{"details":{"email":"duplicate@example.com","resource":"Account"},"level":"warn","message":"DOMAIN EXCEPTION: Account already exists for this email","statusCode":409,"timestamp":"2026-09-08T13:23:06.694Z"}
{"level":"info","message":"POST /api/v1/accounts 409 114 - 11.769 ms","timestamp":"2026-09-08T13:23:06.698Z"}
{"level":"info","message":"GET /api/v1/accounts 200 2 - 4.306 ms","timestamp":"2026-09-08T13:23:06.719Z"}
{"amount":"200","fromAccountId":"1788873786621u6wail","level":"info","message":"Transfer completed","timestamp":"2026-09-08T13:23:06.723Z","toAccountId":"1788873786669wwthb0"}
{"level":"info","message":"POST /api/v1/transfers 201 197 - 38.113 ms","timestamp":"2026-09-08T13:23:06.727Z"}
{"level":"info","message":"GET /api/v1/accounts/1788873786621u6wail 200 85 - 4.375 ms","timestamp":"2026-09-08T13:23:06.741Z"}
{"level":"info","message":"GET /api/v1/accounts/1788873786669wwthb0 200 81 - 3.249 ms","timestamp":"2026-09-08T13:23:06.754Z"}
{"accountId":"17888737867731yeejl","level":"info","message":"Account created","timestamp":"2026-09-08T13:23:06.783Z"}
{"level":"info","message":"POST /api/v1/accounts 201 85 - 10.653 ms","timestamp":"2026-09-08T13:23:06.784Z"}
{"accountId":"17888737867903citrc","level":"info","message":"Account created","timestamp":"2026-09-08T13:23:06.798Z"}
{"level":"info","message":"POST /api/v1/accounts 201 81 - 9.183 ms","timestamp":"2026-09-08T13:23:06.800Z"}
{"details":{"fromBalance":"100","transferAmount":"200"},"level":"warn","message":"DOMAIN EXCEPTION: Insufficient funds","statusCode":400,"timestamp":"2026-09-08T13:23:06.816Z"}
{"level":"info","message":"POST /api/v1/transfers 400 85 - 10.746 ms","timestamp":"2026-09-08T13:23:06.819Z"}
{"level":"info","message":"Connected to MongoDB","timestamp":"2026-09-08T13:32:06.444Z"}
{"level":"info","message":"Server running on port 8000","timestamp":"2026-09-08T13:32:06.453Z"}
{"accountId":"acc-bob","level":"info","message":"Account created","timestamp":"2026-09-08T13:32:12.420Z"}
{"amount":"50","fromAccountId":"acc-1","level":"info","message":"Transfer completed","timestamp":"2026-09-08T13:32:12.551Z","toAccountId":"acc-2"}
{"accountId":"1788874335130rl4mqt","level":"info","message":"Account created","timestamp":"2026-09-08T13:32:15.188Z"}
{"level":"info","message":"POST /api/v1/accounts 201 88 - 98.600 ms","timestamp":"2026-09-08T13:32:15.229Z"}
{"details":{"id":"nonexistent1","reason":"Not Found","resource":"Account"},"level":"warn","message":"DOMAIN EXCEPTION: Account not found","statusCode":404,"timestamp":"2026-09-08T13:32:15.211Z"}
{"level":"info","message":"POST /api/v1/transfers 404 103 - 105.700 ms","timestamp":"2026-09-08T13:32:15.249Z"}
{"accountId":"1788874335278friv75","level":"info","message":"Account created","timestamp":"2026-09-08T13:32:15.288Z"}
{"level":"info","message":"POST /api/v1/accounts 201 93 - 12.995 ms","timestamp":"2026-09-08T13:32:15.291Z"}
{"details":{"email":"duplicate@example.com","resource":"Account"},"level":"warn","message":"DOMAIN EXCEPTION: Account already exists for this email","statusCode":409,"timestamp":"2026-09-08T13:32:15.307Z"}
{"accountId":"1788874335278kynqbz","level":"info","message":"Account created","timestamp":"2026-09-08T13:32:15.310Z"}
{"level":"info","message":"POST /api/v1/accounts 409 114 - 10.855 ms","timestamp":"2026-09-08T13:32:15.311Z"}
{"level":"info","message":"POST /api/v1/accounts 201 86 - 37.291 ms","timestamp":"2026-09-08T13:32:15.314Z"}
{"accountId":"1788874335323omlpd6","level":"info","message":"Account created","timestamp":"2026-09-08T13:32:15.335Z"}
{"level":"info","message":"POST /api/v1/accounts 201 81 - 14.603 ms","timestamp":"2026-09-08T13:32:15.338Z"}
{"level":"info","message":"GET /api/v1/accounts 200 2 - 4.676 ms","timestamp":"2026-09-08T13:32:15.340Z"}
{"amount":"200","fromAccountId":"1788874335278kynqbz","level":"info","message":"Transfer completed","timestamp":"2026-09-08T13:32:15.378Z","toAccountId":"1788874335323omlpd6"}
{"level":"info","message":"POST /api/v1/transfers 201 197 - 35.423 ms","timestamp":"2026-09-08T13:32:15.382Z"}
{"level":"info","message":"GET /api/v1/accounts/1788874335278kynqbz 200 85 - 4.718 ms","timestamp":"2026-09-08T13:32:15.396Z"}
{"level":"info","message":"GET /api/v1/accounts/1788874335323omlpd6 200 81 - 3.690 ms","timestamp":"2026-09-08T13:32:15.408Z"}
{"accountId":"1788874335423yhustf","level":"info","message":"Account created","timestamp":"2026-09-08T13:32:15.447Z"}
{"level":"info","message":"POST /api/v1/accounts 201 85 - 26.123 ms","timestamp":"2026-09-08T13:32:15.449Z"}
{"accountId":"1788874335456yqrtmi","level":"info","message":"Account created","timestamp":"2026-09-08T13:32:15.464Z"}
{"level":"info","message":"POST /api/v1/accounts 201 81 - 9.136 ms","timestamp":"2026-09-08T13:32:15.465Z"}
{"details":{"fromBalance":"100","transferAmount":"200"},"level":"warn","message":"DOMAIN EXCEPTION: Insufficient funds","statusCode":400,"timestamp":"2026-09-08T13:32:15.479Z"}
{"level":"info","message":"POST /api/v1/transfers 400 85 - 9.493 ms","timestamp":"2026-09-08T13:32:15.481Z"}
{"level":"info","message":"GET /api/v1/accounts 200 2 - 29.287 ms","timestamp":"2026-09-08T13:32:15.763Z"}
{"accountId":"17888743358100skqvu","level":"info","message":"Account created","timestamp":"2026-09-08T13:32:15.860Z"}
{"level":"info","message":"POST /api/v1/accounts 201 93 - 56.410 ms","timestamp":"2026-09-08T13:32:15.864Z"}
{"accountId":"1788874335875s0o6eu","level":"info","message":"Account created","timestamp":"2026-09-08T13:32:15.886Z"}
{"level":"info","message":"POST /api/v1/accounts 201 88 - 13.479 ms","timestamp":"2026-09-08T13:32:15.888Z"}
{"details":{"email":"alice@example.com","resource":"Account"},"level":"warn","message":"DOMAIN EXCEPTION: Account already exists for this email","statusCode":409,"timestamp":"2026-09-08T13:32:15.904Z"}
{"level":"info","message":"POST /api/v1/accounts 409 110 - 10.321 ms","timestamp":"2026-09-08T13:32:15.907Z"}
{"errors":[{"code":"too_small","exact":false,"inclusive":true,"message":"Amount must be a positive number","minimum":0.1,"path":["amount"],"type":"number"}],"level":"error","message":"Validation error:","timestamp":"2026-09-08T13:32:15.918Z"}
{"level":"info","message":"POST /api/v1/transfers 400 156 - 8.216 ms","timestamp":"2026-09-08T13:32:15.925Z"}
{"details":{"fromBalance":"1000","transferAmount":"5000"},"level":"warn","message":"DOMAIN EXCEPTION: Insufficient funds","statusCode":400,"timestamp":"2026-09-08T13:32:15.948Z"}
{"level":"info","message":"POST /api/v1/transfers 400 87 - 16.387 ms","timestamp":"2026-09-08T13:32:15.951Z"}
{"amount":"350","fromAccountId":"17888743358100skqvu","level":"info","message":"Transfer completed","timestamp":"2026-09-08T13:32:15.989Z","toAccountId":"1788874335875s0o6eu"}
{"level":"info","message":"POST /api/v1/transfers 201 197 - 33.985 ms","timestamp":"2026-09-08T13:32:15.993Z"}
{"level":"info","message":"GET /api/v1/transfers/6aa00e5fb90f6156e3c87a59 200 197 - 4.698 ms","timestamp":"2026-09-08T13:32:16.005Z"}
{"level":"info","message":"GET /api/v1/accounts/17888743358100skqvu 200 92 - 4.382 ms","timestamp":"2026-09-08T13:32:16.018Z"}
{"level":"info","message":"GET /api/v1/accounts/1788874335875s0o6eu 200 88 - 3.540 ms","timestamp":"2026-09-08T13:32:16.031Z"}
{"level":"info","message":"GET /api/v1/transfers?page=1&limit=10 200 199 - 3.271 ms","timestamp":"2026-09-08T13:32:16.043Z"}
{"level":"info","message":"PATCH /api/v1/accounts/17888743358100skqvu 200 110 - 12.042 ms","timestamp":"2026-09-08T13:32:16.063Z"}
{"level":"info","message":"DELETE /api/v1/accounts/1788874335875s0o6eu 200 42 - 7.263 ms","timestamp":"2026-09-08T13:32:16.076Z"}
{"details":{"id":"1788874335875s0o6eu","reason":"Not Found","resource":"Account"},"level":"warn","message":"DOMAIN EXCEPTION: Account not found","statusCode":404,"timestamp":"2026-09-08T13:32:16.089Z"}
{"level":"info","message":"POST /api/v1/transfers 404 110 - 6.393 ms","timestamp":"2026-09-08T13:32:16.091Z"}
{"level":"info","message":"Connected to MongoDB","timestamp":"2026-09-08T13:34:09.950Z"}
{"level":"info","message":"Server running on port 8000","timestamp":"2026-09-08T13:34:09.972Z"}
{"accountId":"acc-bob","level":"info","message":"Account created","timestamp":"2026-09-08T13:34:46.306Z"}
{"amount":"50","fromAccountId":"acc-1","level":"info","message":"Transfer completed","timestamp":"2026-09-08T13:34:46.363Z","toAccountId":"acc-2"}
{"accountId":"1788874489748dur4x7","level":"info","message":"Account created","timestamp":"2026-09-08T13:34:49.921Z"}
{"level":"info","message":"POST /api/v1/accounts 201 88 - 232.107 ms","timestamp":"2026-09-08T13:34:49.975Z"}
{"accountId":"1788874490052acwgz3","level":"info","message":"Account created","timestamp":"2026-09-08T13:34:50.067Z"}
{"level":"info","message":"POST /api/v1/accounts 201 93 - 19.529 ms","timestamp":"2026-09-08T13:34:50.071Z"}
{"details":{"email":"duplicate@example.com","resource":"Account"},"level":"warn","message":"DOMAIN EXCEPTION: Account already exists for this email","statusCode":409,"timestamp":"2026-09-08T13:34:50.096Z"}
{"level":"info","message":"POST /api/v1/accounts 409 114 - 16.607 ms","timestamp":"2026-09-08T13:34:50.102Z"}
{"level":"info","message":"GET /api/v1/accounts 200 2 - 8.556 ms","timestamp":"2026-09-08T13:34:50.138Z"}
{"details":{"id":"nonexistent1","reason":"Not Found","resource":"Account"},"level":"warn","message":"DOMAIN EXCEPTION: Account not found","statusCode":404,"timestamp":"2026-09-08T13:34:50.140Z"}
{"level":"info","message":"GET /api/v1/accounts 200 2 - 79.938 ms","timestamp":"2026-09-08T13:34:50.165Z"}
{"level":"info","message":"POST /api/v1/transfers 404 103 - 99.957 ms","timestamp":"2026-09-08T13:34:50.178Z"}
{"accountId":"178887449022372ggdx","level":"info","message":"Account created","timestamp":"2026-09-08T13:34:50.287Z"}
{"level":"info","message":"POST /api/v1/accounts 201 86 - 72.429 ms","timestamp":"2026-09-08T13:34:50.295Z"}
{"accountId":"1788874490265zdokii","level":"info","message":"Account created","timestamp":"2026-09-08T13:34:50.327Z"}
{"level":"info","message":"POST /api/v1/accounts 201 93 - 73.988 ms","timestamp":"2026-09-08T13:34:50.334Z"}
{"accountId":"1788874490309exzc7l","level":"info","message":"Account created","timestamp":"2026-09-08T13:34:50.325Z"}
{"level":"info","message":"POST /api/v1/accounts 201 81 - 21.305 ms","timestamp":"2026-09-08T13:34:50.332Z"}
{"accountId":"1788874490353kkydil","level":"info","message":"Account created","timestamp":"2026-09-08T13:34:50.369Z"}
{"level":"info","message":"POST /api/v1/accounts 201 88 - 19.139 ms","timestamp":"2026-09-08T13:34:50.373Z"}
{"details":{"email":"alice@example.com","resource":"Account"},"level":"warn","message":"DOMAIN EXCEPTION: Account already exists for this email","statusCode":409,"timestamp":"2026-09-08T13:34:50.399Z"}
{"level":"info","message":"POST /api/v1/accounts 409 110 - 17.045 ms","timestamp":"2026-09-08T13:34:50.405Z"}
{"amount":"200","fromAccountId":"178887449022372ggdx","level":"info","message":"Transfer completed","timestamp":"2026-09-08T13:34:50.415Z","toAccountId":"1788874490309exzc7l"}
{"errors":[{"code":"too_small","exact":false,"inclusive":true,"message":"Amount must be a positive number","minimum":0.1,"path":["amount"],"type":"number"}],"level":"error","message":"Validation error:","timestamp":"2026-09-08T13:34:50.421Z"}
{"level":"info","message":"POST /api/v1/transfers 201 197 - 68.732 ms","timestamp":"2026-09-08T13:34:50.420Z"}
{"level":"info","message":"POST /api/v1/transfers 400 156 - 13.116 ms","timestamp":"2026-09-08T13:34:50.433Z"}
{"level":"info","message":"GET /api/v1/accounts/178887449022372ggdx 200 85 - 6.287 ms","timestamp":"2026-09-08T13:34:50.443Z"}
{"details":{"fromBalance":"1000","transferAmount":"5000"},"level":"warn","message":"DOMAIN EXCEPTION: Insufficient funds","statusCode":400,"timestamp":"2026-09-08T13:34:50.466Z"}
{"level":"info","message":"POST /api/v1/transfers 400 87 - 22.547 ms","timestamp":"2026-09-08T13:34:50.470Z"}
{"level":"info","message":"GET /api/v1/accounts/1788874490309exzc7l 200 81 - 5.349 ms","timestamp":"2026-09-08T13:34:50.461Z"}
{"accountId":"17888744905030bsdi2","level":"info","message":"Account created","timestamp":"2026-09-08T13:34:50.522Z"}
{"level":"info","message":"POST /api/v1/accounts 201 85 - 21.797 ms","timestamp":"2026-09-08T13:34:50.524Z"}
{"amount":"350","fromAccountId":"1788874490265zdokii","level":"info","message":"Transfer completed","timestamp":"2026-09-08T13:34:50.547Z","toAccountId":"1788874490353kkydil"}
{"level":"info","message":"POST /api/v1/transfers 201 197 - 68.217 ms","timestamp":"2026-09-08T13:34:50.552Z"}
{"accountId":"1788874490536lpaf80","level":"info","message":"Account created","timestamp":"2026-09-08T13:34:50.550Z"}
{"level":"info","message":"POST /api/v1/accounts 201 81 - 16.532 ms","timestamp":"2026-09-08T13:34:50.553Z"}
{"level":"info","message":"GET /api/v1/transfers/6aa00efad9553563ae5c22ad 200 197 - 6.722 ms","timestamp":"2026-09-08T13:34:50.574Z"}
{"details":{"fromBalance":"100","transferAmount":"200"},"level":"warn","message":"DOMAIN EXCEPTION: Insufficient funds","statusCode":400,"timestamp":"2026-09-08T13:34:50.576Z"}
{"level":"info","message":"POST /api/v1/transfers 400 85 - 15.835 ms","timestamp":"2026-09-08T13:34:50.579Z"}
{"level":"info","message":"GET /api/v1/accounts/1788874490265zdokii 200 92 - 6.094 ms","timestamp":"2026-09-08T13:34:50.592Z"}
{"level":"info","message":"GET /api/v1/accounts/1788874490353kkydil 200 88 - 5.813 ms","timestamp":"2026-09-08T13:34:50.612Z"}
{"level":"info","message":"GET /api/v1/transfers?page=1&limit=10 200 199 - 6.252 ms","timestamp":"2026-09-08T13:34:50.629Z"}
{"level":"info","message":"PATCH /api/v1/accounts/1788874490265zdokii 200 110 - 26.702 ms","timestamp":"2026-09-08T13:34:50.670Z"}
{"level":"info","message":"DELETE /api/v1/accounts/1788874490353kkydil 200 42 - 18.676 ms","timestamp":"2026-09-08T13:34:50.700Z"}
{"details":{"id":"1788874490353kkydil","reason":"Not Found","resource":"Account"},"level":"warn","message":"DOMAIN EXCEPTION: Account not found","statusCode":404,"timestamp":"2026-09-08T13:34:50.722Z"}
{"level":"info","message":"POST /api/v1/transfers 404 110 - 13.631 ms","timestamp":"2026-09-08T13:34:50.726Z"}
{"accountId":"acc-bob","level":"info","message":"Account created","timestamp":"2026-09-09T17:06:10.471Z"}
{"amount":"50","fromAccountId":"acc-1","level":"info","message":"Transfer completed","timestamp":"2026-09-09T17:06:10.491Z","toAccountId":"acc-2"}
{"level":"info","message":"GET /api/v1/accounts 200 2 - 32.592 ms","timestamp":"2026-09-09T17:06:36.599Z"}
{"accountId":"1788973596648rs1b92","level":"info","message":"Account created","timestamp":"2026-09-09T17:06:36.683Z"}
{"level":"info","message":"POST /api/v1/accounts 201 93 - 39.529 ms","timestamp":"2026-09-09T17:06:36.685Z"}
{"accountId":"1788973596696frgli0","level":"info","message":"Account created","timestamp":"2026-09-09T17:06:36.709Z"}
{"level":"info","message":"POST /api/v1/accounts 201 88 - 14.836 ms","timestamp":"2026-09-09T17:06:36.711Z"}
{"details":{"email":"alice@example.com","resource":"Account"},"level":"warn","message":"DOMAIN EXCEPTION: Account already exists for this email","statusCode":409,"timestamp":"2026-09-09T17:06:36.728Z"}
{"level":"info","message":"POST /api/v1/accounts 409 110 - 9.798 ms","timestamp":"2026-09-09T17:06:36.730Z"}
{"errors":[{"code":"too_small","exact":false,"inclusive":true,"message":"Amount must be a positive number","minimum":0.1,"path":["amount"],"type":"number"}],"level":"error","message":"Validation error:","timestamp":"2026-09-09T17:06:36.741Z"}
{"level":"info","message":"POST /api/v1/transfers 400 156 - 2.569 ms","timestamp":"2026-09-09T17:06:36.742Z"}
{"details":{"fromBalance":"1000","transferAmount":"5000"},"level":"warn","message":"DOMAIN EXCEPTION: Insufficient funds","statusCode":400,"timestamp":"2026-09-09T17:06:36.767Z"}
{"level":"info","message":"POST /api/v1/transfers 400 87 - 15.645 ms","timestamp":"2026-09-09T17:06:36.769Z"}
{"amount":"350","fromAccountId":"1788973596648rs1b92","level":"info","message":"Transfer completed","timestamp":"2026-09-09T17:06:36.810Z","toAccountId":"1788973596696frgli0"}
{"level":"info","message":"POST /api/v1/transfers 201 197 - 31.980 ms","timestamp":"2026-09-09T17:06:36.812Z"}
{"level":"info","message":"GET /api/v1/transfers/6aa1921c93e0fb1d8f945083 200 197 - 5.248 ms","timestamp":"2026-09-09T17:06:36.826Z"}
{"level":"info","message":"GET /api/v1/accounts/1788973596648rs1b92 200 92 - 4.506 ms","timestamp":"2026-09-09T17:06:36.840Z"}
{"level":"info","message":"GET /api/v1/accounts/1788973596696frgli0 200 88 - 3.760 ms","timestamp":"2026-09-09T17:06:36.851Z"}
{"level":"info","message":"GET /api/v1/transfers?page=1&limit=10 200 199 - 4.133 ms","timestamp":"2026-09-09T17:06:36.862Z"}
{"level":"info","message":"PATCH /api/v1/accounts/1788973596648rs1b92 200 110 - 15.416 ms","timestamp":"2026-09-09T17:06:36.887Z"}
{"level":"info","message":"DELETE /api/v1/accounts/1788973596696frgli0 200 42 - 7.721 ms","timestamp":"2026-09-09T17:06:36.901Z"}
{"details":{"id":"1788973596696frgli0","reason":"Not Found","resource":"Account"},"level":"warn","message":"DOMAIN EXCEPTION: Account not found","statusCode":404,"timestamp":"2026-09-09T17:06:36.918Z"}
{"level":"info","message":"POST /api/v1/transfers 404 110 - 10.045 ms","timestamp":"2026-09-09T17:06:36.919Z"}
{"level":"info","message":"GET /api/v1/accounts 200 2 - 26.252 ms","timestamp":"2026-09-09T17:06:56.856Z"}
{"level":"info","message":"POST /api/v1/auth/token 200 303 - 7.586 ms","timestamp":"2026-09-09T17:06:56.925Z"}
{"details":null,"level":"warn","message":"DOMAIN EXCEPTION: Authentication required","statusCode":401,"timestamp":"2026-09-09T17:06:56.945Z"}
{"level":"info","message":"GET /api/v1/admin/stats 401 35 - 3.677 ms","timestamp":"2026-09-09T17:06:56.947Z"}
{"level":"info","message":"POST /api/v1/auth/token 200 305 - 1.497 ms","timestamp":"2026-09-09T17:06:56.966Z"}
{"details":{"requiredRoles":["admin"],"userRole":"user"},"level":"warn","message":"DOMAIN EXCEPTION: Forbidden: Insufficient permissions","statusCode":403,"timestamp":"2026-09-09T17:06:56.977Z"}
{"level":"info","message":"GET /api/v1/admin/stats 403 103 - 4.244 ms","timestamp":"2026-09-09T17:06:56.979Z"}
{"accountId":"1788973616999vqs53f","level":"info","message":"Account created","timestamp":"2026-09-09T17:06:57.033Z"}
{"level":"info","message":"POST /api/v1/accounts 201 97 - 38.132 ms","timestamp":"2026-09-09T17:06:57.034Z"}
{"level":"info","message":"POST /api/v1/auth/token 200 315 - 1.207 ms","timestamp":"2026-09-09T17:06:57.043Z"}
{"level":"info","message":"GET /api/v1/admin/stats 200 64 - 14.564 ms","timestamp":"2026-09-09T17:06:57.066Z"}
{"accountId":"acc-bob","level":"info","message":"Account created","timestamp":"2026-09-09T17:07:11.185Z"}
{"amount":"50","fromAccountId":"acc-1","level":"info","message":"Transfer completed","timestamp":"2026-09-09T17:07:11.213Z","toAccountId":"acc-2"}
{"level":"info","message":"GET /api/v1/accounts 200 2 - 49.984 ms","timestamp":"2026-09-09T17:07:16.279Z"}
{"level":"info","message":"GET /api/v1/accounts 200 2 - 55.072 ms","timestamp":"2026-09-09T17:07:16.296Z"}
{"level":"info","message":"POST /api/v1/auth/token 200 303 - 18.020 ms","timestamp":"2026-09-09T17:07:16.418Z"}
{"details":null,"level":"warn","message":"DOMAIN EXCEPTION: Authentication required","statusCode":401,"timestamp":"2026-09-09T17:07:16.453Z"}
{"level":"info","message":"GET /api/v1/admin/stats 401 35 - 4.237 ms","timestamp":"2026-09-09T17:07:16.455Z"}
{"level":"info","message":"POST /api/v1/auth/token 200 305 - 1.919 ms","timestamp":"2026-09-09T17:07:16.485Z"}
{"accountId":"1788973636272tbe01b","level":"info","message":"Account created","timestamp":"2026-09-09T17:07:16.482Z"}
{"level":"info","message":"POST /api/v1/accounts 201 88 - 235.652 ms","timestamp":"2026-09-09T17:07:16.501Z"}
{"details":{"requiredRoles":["admin"],"userRole":"user"},"level":"warn","message":"DOMAIN EXCEPTION: Forbidden: Insufficient permissions","statusCode":403,"timestamp":"2026-09-09T17:07:16.506Z"}
{"level":"info","message":"GET /api/v1/admin/stats 403 103 - 12.546 ms","timestamp":"2026-09-09T17:07:16.508Z"}
{"accountId":"1788973636380oicvxh","level":"info","message":"Account created","timestamp":"2026-09-09T17:07:16.529Z"}
{"level":"info","message":"POST /api/v1/accounts 201 93 - 156.251 ms","timestamp":"2026-09-09T17:07:16.531Z"}
{"accountId":"1788973636544k3rrzg","level":"info","message":"Account created","timestamp":"2026-09-09T17:07:16.562Z"}
{"level":"info","message":"POST /api/v1/accounts 201 88 - 19.910 ms","timestamp":"2026-09-09T17:07:16.564Z"}
{"details":{"email":"alice@example.com","resource":"Account"},"level":"warn","message":"DOMAIN EXCEPTION: Account already exists for this email","statusCode":409,"timestamp":"2026-09-09T17:07:16.586Z"}
{"level":"info","message":"POST /api/v1/accounts 409 110 - 10.679 ms","timestamp":"2026-09-09T17:07:16.588Z"}
{"errors":[{"code":"too_small","exact":false,"inclusive":true,"message":"Amount must be a positive number","minimum":0.1,"path":["amount"],"type":"number"}],"level":"error","message":"Validation error:","timestamp":"2026-09-09T17:07:16.602Z"}
{"accountId":"1788973636548m8fe59","level":"info","message":"Account created","timestamp":"2026-09-09T17:07:16.595Z"}
{"level":"info","message":"POST /api/v1/accounts 201 93 - 48.438 ms","timestamp":"2026-09-09T17:07:16.597Z"}
{"level":"info","message":"POST /api/v1/transfers 400 156 - 7.192 ms","timestamp":"2026-09-09T17:07:16.608Z"}
{"details":{"email":"duplicate@example.com","resource":"Account"},"level":"warn","message":"DOMAIN EXCEPTION: Account already exists for this email","statusCode":409,"timestamp":"2026-09-09T17:07:16.618Z"}
{"level":"info","message":"POST /api/v1/accounts 409 114 - 11.480 ms","timestamp":"2026-09-09T17:07:16.620Z"}
{"details":{"fromBalance":"1000","transferAmount":"5000"},"level":"warn","message":"DOMAIN EXCEPTION: Insufficient funds","statusCode":400,"timestamp":"2026-09-09T17:07:16.647Z"}
{"level":"info","message":"POST /api/v1/transfers 400 87 - 29.532 ms","timestamp":"2026-09-09T17:07:16.648Z"}
{"level":"info","message":"GET /api/v1/accounts 200 2 - 7.069 ms","timestamp":"2026-09-09T17:07:16.654Z"}
{"amount":"350","fromAccountId":"1788973636380oicvxh","level":"info","message":"Transfer completed","timestamp":"2026-09-09T17:07:16.704Z","toAccountId":"1788973636544k3rrzg"}
{"level":"info","message":"POST /api/v1/transfers 201 197 - 39.756 ms","timestamp":"2026-09-09T17:07:16.706Z"}
{"level":"info","message":"GET /api/v1/transfers/6aa19244bce7428c77027bbe 200 197 - 6.179 ms","timestamp":"2026-09-09T17:07:16.722Z"}
{"accountId":"1788973636545azhzdt","level":"info","message":"Account created","timestamp":"2026-09-09T17:07:16.731Z"}
{"level":"info","message":"POST /api/v1/accounts 201 97 - 193.729 ms","timestamp":"2026-09-09T17:07:16.734Z"}
{"level":"info","message":"GET /api/v1/accounts/1788973636380oicvxh 200 92 - 5.484 ms","timestamp":"2026-09-09T17:07:16.737Z"}
{"level":"info","message":"POST /api/v1/auth/token 200 315 - 1.892 ms","timestamp":"2026-09-09T17:07:16.749Z"}
{"level":"info","message":"GET /api/v1/accounts/1788973636544k3rrzg 200 88 - 4.447 ms","timestamp":"2026-09-09T17:07:16.751Z"}
{"level":"info","message":"GET /api/v1/transfers?page=1&limit=10 200 199 - 5.643 ms","timestamp":"2026-09-09T17:07:16.767Z"}
{"level":"info","message":"GET /api/v1/admin/stats 200 64 - 20.281 ms","timestamp":"2026-09-09T17:07:16.781Z"}
{"level":"info","message":"PATCH /api/v1/accounts/1788973636380oicvxh 200 110 - 25.966 ms","timestamp":"2026-09-09T17:07:16.802Z"}
{"level":"info","message":"DELETE /api/v1/accounts/1788973636544k3rrzg 200 42 - 8.439 ms","timestamp":"2026-09-09T17:07:16.817Z"}
{"details":{"id":"1788973636544k3rrzg","reason":"Not Found","resource":"Account"},"level":"warn","message":"DOMAIN EXCEPTION: Account not found","statusCode":404,"timestamp":"2026-09-09T17:07:16.836Z"}
{"level":"info","message":"POST /api/v1/transfers 404 110 - 11.461 ms","timestamp":"2026-09-09T17:07:16.838Z"}
{"details":{"id":"nonexistent1","reason":"Not Found","resource":"Account"},"level":"warn","message":"DOMAIN EXCEPTION: Account not found","statusCode":404,"timestamp":"2026-09-09T17:07:16.988Z"}
{"level":"info","message":"POST /api/v1/transfers 404 103 - 90.346 ms","timestamp":"2026-09-09T17:07:17.004Z"}
{"accountId":"1788973637038eevog9","level":"info","message":"Account created","timestamp":"2026-09-09T17:07:17.083Z"}
{"level":"info","message":"POST /api/v1/accounts 201 86 - 47.543 ms","timestamp":"2026-09-09T17:07:17.084Z"}
{"accountId":"1788973637095ox24tu","level":"info","message":"Account created","timestamp":"2026-09-09T17:07:17.111Z"}
{"level":"info","message":"POST /api/v1/accounts 201 81 - 17.947 ms","timestamp":"2026-09-09T17:07:17.113Z"}
{"amount":"200","fromAccountId":"1788973637038eevog9","level":"info","message":"Transfer completed","timestamp":"2026-09-09T17:07:17.176Z","toAccountId":"1788973637095ox24tu"}
{"level":"info","message":"POST /api/v1/transfers 201 197 - 53.119 ms","timestamp":"2026-09-09T17:07:17.178Z"}
{"level":"info","message":"GET /api/v1/accounts/1788973637038eevog9 200 85 - 5.926 ms","timestamp":"2026-09-09T17:07:17.193Z"}
{"level":"info","message":"GET /api/v1/accounts/1788973637095ox24tu 200 81 - 5.110 ms","timestamp":"2026-09-09T17:07:17.209Z"}
{"accountId":"1788973637250ugcszi","level":"info","message":"Account created","timestamp":"2026-09-09T17:07:17.264Z"}
{"level":"info","message":"POST /api/v1/accounts 201 85 - 15.612 ms","timestamp":"2026-09-09T17:07:17.266Z"}
{"accountId":"1788973637276i6jcxs","level":"info","message":"Account created","timestamp":"2026-09-09T17:07:17.288Z"}
{"level":"info","message":"POST /api/v1/accounts 201 81 - 13.166 ms","timestamp":"2026-09-09T17:07:17.289Z"}
{"details":{"fromBalance":"100","transferAmount":"200"},"level":"warn","message":"DOMAIN EXCEPTION: Insufficient funds","statusCode":400,"timestamp":"2026-09-09T17:07:17.310Z"}
{"level":"info","message":"POST /api/v1/transfers 400 85 - 12.682 ms","timestamp":"2026-09-09T17:07:17.312Z"}
{"accountId":"acc-bob","level":"info","message":"Account created","timestamp":"2026-09-09T17:07:49.096Z"}
{"amount":"50","fromAccountId":"acc-1","level":"info","message":"Transfer completed","timestamp":"2026-09-09T17:07:49.122Z","toAccountId":"acc-2"}
{"level":"info","message":"GET /api/v1/accounts 200 2 - 116.150 ms","timestamp":"2026-09-09T17:07:53.870Z"}
{"level":"info","message":"POST /api/v1/auth/token 200 303 - 12.949 ms","timestamp":"2026-09-09T17:07:53.990Z"}
{"details":null,"level":"warn","message":"DOMAIN EXCEPTION: Authentication required","statusCode":401,"timestamp":"2026-09-09T17:07:54.040Z"}
{"level":"info","message":"GET /api/v1/admin/stats 401 35 - 4.844 ms","timestamp":"2026-09-09T17:07:54.042Z"}
{"level":"info","message":"POST /api/v1/auth/token 200 305 - 1.810 ms","timestamp":"2026-09-09T17:07:54.064Z"}
{"details":{"requiredRoles":["admin"],"userRole":"user"},"level":"warn","message":"DOMAIN EXCEPTION: Forbidden: Insufficient permissions","statusCode":403,"timestamp":"2026-09-09T17:07:54.083Z"}
{"level":"info","message":"GET /api/v1/admin/stats 403 103 - 8.077 ms","timestamp":"2026-09-09T17:07:54.085Z"}
{"accountId":"1788973674114z2janu","level":"info","message":"Account created","timestamp":"2026-09-09T17:07:54.175Z"}
{"level":"info","message":"POST /api/v1/accounts 201 97 - 68.289 ms","timestamp":"2026-09-09T17:07:54.177Z"}
{"level":"info","message":"POST /api/v1/auth/token 200 315 - 1.244 ms","timestamp":"2026-09-09T17:07:54.190Z"}
{"accountId":"1788973673990b88ryf","level":"info","message":"Account created","timestamp":"2026-09-09T17:07:54.204Z"}
{"level":"info","message":"GET /api/v1/admin/stats 200 64 - 21.519 ms","timestamp":"2026-09-09T17:07:54.223Z"}
{"level":"info","message":"POST /api/v1/accounts 201 88 - 244.983 ms","timestamp":"2026-09-09T17:07:54.228Z"}
{"accountId":"17889736742994hisno","level":"info","message":"Account created","timestamp":"2026-09-09T17:07:54.324Z"}
{"level":"info","message":"POST /api/v1/accounts 201 93 - 28.669 ms","timestamp":"2026-09-09T17:07:54.327Z"}
{"details":{"email":"duplicate@example.com","resource":"Account"},"level":"warn","message":"DOMAIN EXCEPTION: Account already exists for this email","statusCode":409,"timestamp":"2026-09-09T17:07:54.351Z"}
{"level":"info","message":"POST /api/v1/accounts 409 114 - 13.940 ms","timestamp":"2026-09-09T17:07:54.354Z"}
{"level":"info","message":"GET /api/v1/accounts 200 2 - 6.528 ms","timestamp":"2026-09-09T17:07:54.387Z"}
{"level":"info","message":"GET /api/v1/accounts 200 2 - 78.763 ms","timestamp":"2026-09-09T17:07:54.449Z"}
{"accountId":"1788973674525sqi2h3","level":"info","message":"Account created","timestamp":"2026-09-09T17:07:54.588Z"}
{"level":"info","message":"POST /api/v1/accounts 201 93 - 69.917 ms","timestamp":"2026-09-09T17:07:54.591Z"}
{"accountId":"1788973674609bl75d3","level":"info","message":"Account created","timestamp":"2026-09-09T17:07:54.626Z"}
{"level":"info","message":"POST /api/v1/accounts 201 88 - 24.207 ms","timestamp":"2026-09-09T17:07:54.628Z"}
{"details":{"email":"alice@example.com","resource":"Account"},"level":"warn","message":"DOMAIN EXCEPTION: Account already exists for this email","statusCode":409,"timestamp":"2026-09-09T17:07:54.649Z"}
{"level":"info","message":"POST /api/v1/accounts 409 110 - 11.720 ms","timestamp":"2026-09-09T17:07:54.651Z"}
{"errors":[{"code":"too_small","exact":false,"inclusive":true,"message":"Amount must be a positive number","minimum":0.1,"path":["amount"],"type":"number"}],"level":"error","message":"Validation error:","timestamp":"2026-09-09T17:07:54.668Z"}
{"level":"info","message":"POST /api/v1/transfers 400 156 - 2.764 ms","timestamp":"2026-09-09T17:07:54.670Z"}
{"details":{"fromBalance":"1000","transferAmount":"5000"},"level":"warn","message":"DOMAIN EXCEPTION: Insufficient funds","statusCode":400,"timestamp":"2026-09-09T17:07:54.698Z"}
{"level":"info","message":"POST /api/v1/transfers 400 87 - 18.429 ms","timestamp":"2026-09-09T17:07:54.700Z"}
{"amount":"350","fromAccountId":"1788973674525sqi2h3","level":"info","message":"Transfer completed","timestamp":"2026-09-09T17:07:54.761Z","toAccountId":"1788973674609bl75d3"}
{"level":"info","message":"POST /api/v1/transfers 201 197 - 51.117 ms","timestamp":"2026-09-09T17:07:54.762Z"}
{"level":"info","message":"GET /api/v1/transfers/6aa1926aa7425aab9037f908 200 197 - 7.062 ms","timestamp":"2026-09-09T17:07:54.778Z"}
{"level":"info","message":"GET /api/v1/accounts/1788973674525sqi2h3 200 92 - 6.663 ms","timestamp":"2026-09-09T17:07:54.798Z"}
{"level":"info","message":"GET /api/v1/accounts/1788973674609bl75d3 200 88 - 5.558 ms","timestamp":"2026-09-09T17:07:54.813Z"}
{"level":"info","message":"GET /api/v1/transfers?page=1&limit=10 200 199 - 5.681 ms","timestamp":"2026-09-09T17:07:54.828Z"}
{"level":"info","message":"PATCH /api/v1/accounts/1788973674525sqi2h3 200 110 - 34.956 ms","timestamp":"2026-09-09T17:07:54.872Z"}
{"level":"info","message":"DELETE /api/v1/accounts/1788973674609bl75d3 200 42 - 18.135 ms","timestamp":"2026-09-09T17:07:54.898Z"}
{"details":{"id":"1788973674609bl75d3","reason":"Not Found","resource":"Account"},"level":"warn","message":"DOMAIN EXCEPTION: Account not found","statusCode":404,"timestamp":"2026-09-09T17:07:54.915Z"}
{"level":"info","message":"POST /api/v1/transfers 404 110 - 9.126 ms","timestamp":"2026-09-09T17:07:54.916Z"}
{"details":{"id":"nonexistent1","reason":"Not Found","resource":"Account"},"level":"warn","message":"DOMAIN EXCEPTION: Account not found","statusCode":404,"timestamp":"2026-09-09T17:07:54.997Z"}
{"level":"info","message":"POST /api/v1/transfers 404 103 - 270.309 ms","timestamp":"2026-09-09T17:07:55.015Z"}
{"accountId":"178897367505165b9kp","level":"info","message":"Account created","timestamp":"2026-09-09T17:07:55.101Z"}
{"level":"info","message":"POST /api/v1/accounts 201 86 - 52.471 ms","timestamp":"2026-09-09T17:07:55.103Z"}
{"accountId":"1788973675131hng4u8","level":"info","message":"Account created","timestamp":"2026-09-09T17:07:55.215Z"}
{"level":"info","message":"POST /api/v1/accounts 201 81 - 86.274 ms","timestamp":"2026-09-09T17:07:55.217Z"}
{"amount":"200","fromAccountId":"178897367505165b9kp","level":"info","message":"Transfer completed","timestamp":"2026-09-09T17:07:55.272Z","toAccountId":"1788973675131hng4u8"}
{"level":"info","message":"POST /api/v1/transfers 201 197 - 45.948 ms","timestamp":"2026-09-09T17:07:55.273Z"}
{"level":"info","message":"GET /api/v1/accounts/178897367505165b9kp 200 85 - 6.373 ms","timestamp":"2026-09-09T17:07:55.289Z"}
{"level":"info","message":"GET /api/v1/accounts/1788973675131hng4u8 200 81 - 5.209 ms","timestamp":"2026-09-09T17:07:55.305Z"}
{"accountId":"1788973675328del4m9","level":"info","message":"Account created","timestamp":"2026-09-09T17:07:55.342Z"}
{"level":"info","message":"POST /api/v1/accounts 201 85 - 14.778 ms","timestamp":"2026-09-09T17:07:55.343Z"}
{"accountId":"1788973675350x6v14i","level":"info","message":"Account created","timestamp":"2026-09-09T17:07:55.360Z"}
{"level":"info","message":"POST /api/v1/accounts 201 81 - 10.561 ms","timestamp":"2026-09-09T17:07:55.361Z"}
{"details":{"fromBalance":"100","transferAmount":"200"},"level":"warn","message":"DOMAIN EXCEPTION: Insufficient funds","statusCode":400,"timestamp":"2026-09-09T17:07:55.380Z"}
{"level":"info","message":"POST /api/v1/transfers 400 85 - 10.973 ms","timestamp":"2026-09-09T17:07:55.382Z"}
{"accountId":"acc-bob","level":"info","message":"Account created","timestamp":"2026-09-09T17:08:37.909Z"}
{"amount":"50","fromAccountId":"acc-1","level":"info","message":"Transfer completed","timestamp":"2026-09-09T17:08:37.937Z","toAccountId":"acc-2"}
{"level":"info","message":"GET /api/v1/accounts 200 2 - 54.234 ms","timestamp":"2026-09-09T17:08:42.188Z"}
{"level":"info","message":"GET /api/v1/accounts 200 2 - 80.252 ms","timestamp":"2026-09-09T17:08:42.235Z"}
{"level":"info","message":"POST /api/v1/auth/token 200 303 - 8.462 ms","timestamp":"2026-09-09T17:08:42.322Z"}
{"details":null,"level":"warn","message":"DOMAIN EXCEPTION: Authentication required","statusCode":401,"timestamp":"2026-09-09T17:08:42.348Z"}
{"accountId":"1788973722286mlitgx","level":"info","message":"Account created","timestamp":"2026-09-09T17:08:42.343Z"}
{"level":"info","message":"GET /api/v1/admin/stats 401 35 - 3.361 ms","timestamp":"2026-09-09T17:08:42.350Z"}
{"level":"info","message":"POST /api/v1/accounts 201 93 - 67.908 ms","timestamp":"2026-09-09T17:08:42.345Z"}
{"accountId":"1788973722356hzjyh4","level":"info","message":"Account created","timestamp":"2026-09-09T17:08:42.369Z"}
{"level":"info","message":"POST /api/v1/auth/token 200 305 - 2.121 ms","timestamp":"2026-09-09T17:08:42.371Z"}
{"level":"info","message":"POST /api/v1/accounts 201 88 - 14.911 ms","timestamp":"2026-09-09T17:08:42.371Z"}
{"details":{"requiredRoles":["admin"],"userRole":"user"},"level":"warn","message":"DOMAIN EXCEPTION: Forbidden: Insufficient permissions","statusCode":403,"timestamp":"2026-09-09T17:08:42.384Z"}
{"level":"info","message":"GET /api/v1/admin/stats 403 103 - 5.651 ms","timestamp":"2026-09-09T17:08:42.386Z"}
{"details":{"email":"alice@example.com","resource":"Account"},"level":"warn","message":"DOMAIN EXCEPTION: Account already exists for this email","statusCode":409,"timestamp":"2026-09-09T17:08:42.389Z"}
{"level":"info","message":"POST /api/v1/accounts 409 110 - 10.708 ms","timestamp":"2026-09-09T17:08:42.391Z"}
{"errors":[{"code":"too_small","exact":false,"inclusive":true,"message":"Amount must be a positive number","minimum":0.1,"path":["amount"],"type":"number"}],"level":"error","message":"Validation error:","timestamp":"2026-09-09T17:08:42.404Z"}
{"level":"info","message":"POST /api/v1/transfers 400 156 - 2.801 ms","timestamp":"2026-09-09T17:08:42.406Z"}
{"details":{"fromBalance":"1000","transferAmount":"5000"},"level":"warn","message":"DOMAIN EXCEPTION: Insufficient funds","statusCode":400,"timestamp":"2026-09-09T17:08:42.433Z"}
{"level":"info","message":"POST /api/v1/transfers 400 87 - 17.544 ms","timestamp":"2026-09-09T17:08:42.434Z"}
{"accountId":"17889737224101spz76","level":"info","message":"Account created","timestamp":"2026-09-09T17:08:42.464Z"}
{"level":"info","message":"POST /api/v1/accounts 201 97 - 60.487 ms","timestamp":"2026-09-09T17:08:42.465Z"}
{"level":"info","message":"POST /api/v1/auth/token 200 315 - 1.308 ms","timestamp":"2026-09-09T17:08:42.476Z"}
{"amount":"350","fromAccountId":"1788973722286mlitgx","level":"info","message":"Transfer completed","timestamp":"2026-09-09T17:08:42.484Z","toAccountId":"1788973722356hzjyh4"}
{"level":"info","message":"POST /api/v1/transfers 201 197 - 41.125 ms","timestamp":"2026-09-09T17:08:42.485Z"}
{"level":"info","message":"GET /api/v1/transfers/6aa1929aedc766b2917d92a1 200 197 - 6.293 ms","timestamp":"2026-09-09T17:08:42.501Z"}
{"level":"info","message":"GET /api/v1/admin/stats 200 64 - 22.683 ms","timestamp":"2026-09-09T17:08:42.508Z"}
{"level":"info","message":"GET /api/v1/accounts/1788973722286mlitgx 200 92 - 5.846 ms","timestamp":"2026-09-09T17:08:42.516Z"}
{"level":"info","message":"GET /api/v1/accounts/1788973722356hzjyh4 200 88 - 4.963 ms","timestamp":"2026-09-09T17:08:42.531Z"}
{"level":"info","message":"GET /api/v1/transfers?page=1&limit=10 200 199 - 5.247 ms","timestamp":"2026-09-09T17:08:42.548Z"}
{"details":{"id":"nonexistent1","reason":"Not Found","resource":"Account"},"level":"warn","message":"DOMAIN EXCEPTION: Account not found","statusCode":404,"timestamp":"2026-09-09T17:08:42.547Z"}
{"level":"info","message":"POST /api/v1/transfers 404 103 - 102.954 ms","timestamp":"2026-09-09T17:08:42.563Z"}
{"level":"info","message":"PATCH /api/v1/accounts/1788973722286mlitgx 200 110 - 22.938 ms","timestamp":"2026-09-09T17:08:42.581Z"}
{"level":"info","message":"DELETE /api/v1/accounts/1788973722356hzjyh4 200 42 - 8.850 ms","timestamp":"2026-09-09T17:08:42.597Z"}
{"accountId":"1788973722525zfzzx0","level":"info","message":"Account created","timestamp":"2026-09-09T17:08:42.598Z"}
{"details":{"id":"1788973722356hzjyh4","reason":"Not Found","resource":"Account"},"level":"warn","message":"DOMAIN EXCEPTION: Account not found","statusCode":404,"timestamp":"2026-09-09T17:08:42.612Z"}
{"level":"info","message":"POST /api/v1/transfers 404 110 - 8.848 ms","timestamp":"2026-09-09T17:08:42.613Z"}
{"level":"info","message":"POST /api/v1/accounts 201 88 - 99.201 ms","timestamp":"2026-09-09T17:08:42.618Z"}
{"accountId":"17889737225957m4a38","level":"info","message":"Account created","timestamp":"2026-09-09T17:08:42.636Z"}
{"level":"info","message":"POST /api/v1/accounts 201 86 - 44.102 ms","timestamp":"2026-09-09T17:08:42.638Z"}
{"accountId":"17889737226497fv3nl","level":"info","message":"Account created","timestamp":"2026-09-09T17:08:42.664Z"}
{"accountId":"1788973722651zon90e","level":"info","message":"Account created","timestamp":"2026-09-09T17:08:42.664Z"}
{"level":"info","message":"POST /api/v1/accounts 201 93 - 15.104 ms","timestamp":"2026-09-09T17:08:42.666Z"}
{"level":"info","message":"POST /api/v1/accounts 201 81 - 16.808 ms","timestamp":"2026-09-09T17:08:42.666Z"}
{"details":{"email":"duplicate@example.com","resource":"Account"},"level":"warn","message":"DOMAIN EXCEPTION: Account already exists for this email","statusCode":409,"timestamp":"2026-09-09T17:08:42.687Z"}
{"level":"info","message":"POST /api/v1/accounts 409 114 - 12.848 ms","timestamp":"2026-09-09T17:08:42.689Z"}
{"level":"info","message":"GET /api/v1/accounts 200 2 - 6.159 ms","timestamp":"2026-09-09T17:08:42.720Z"}
{"amount":"200","fromAccountId":"17889737225957m4a38","level":"info","message":"Transfer completed","timestamp":"2026-09-09T17:08:42.721Z","toAccountId":"17889737226497fv3nl"}
{"level":"info","message":"POST /api/v1/transfers 201 197 - 46.727 ms","timestamp":"2026-09-09T17:08:42.723Z"}
{"level":"info","message":"GET /api/v1/accounts/17889737225957m4a38 200 85 - 5.837 ms","timestamp":"2026-09-09T17:08:42.772Z"}
{"level":"info","message":"GET /api/v1/accounts/17889737226497fv3nl 200 81 - 5.942 ms","timestamp":"2026-09-09T17:08:42.788Z"}
{"accountId":"1788973722846nphhhw","level":"info","message":"Account created","timestamp":"2026-09-09T17:08:42.859Z"}
{"level":"info","message":"POST /api/v1/accounts 201 85 - 14.402 ms","timestamp":"2026-09-09T17:08:42.861Z"}
{"accountId":"1788973722871cqsplc","level":"info","message":"Account created","timestamp":"2026-09-09T17:08:42.884Z"}
{"level":"info","message":"POST /api/v1/accounts 201 81 - 14.492 ms","timestamp":"2026-09-09T17:08:42.886Z"}
{"details":{"fromBalance":"100","transferAmount":"200"},"level":"warn","message":"DOMAIN EXCEPTION: Insufficient funds","statusCode":400,"timestamp":"2026-09-09T17:08:42.908Z"}
{"level":"info","message":"POST /api/v1/transfers 400 85 - 11.932 ms","timestamp":"2026-09-09T17:08:42.910Z"}
{"accountId":"acc-bob","level":"info","message":"Account created","timestamp":"2026-09-09T21:49:52.222Z"}
{"amount":"50","fromAccountId":"acc-1","level":"info","message":"Transfer completed","timestamp":"2026-09-09T21:49:52.235Z","toAccountId":"acc-2"}
{"level":"info","message":"GET /api/v1/accounts 200 2 - 46.206 ms","timestamp":"2026-09-09T21:49:55.158Z"}
{"level":"info","message":"GET /api/v1/accounts 200 2 - 34.909 ms","timestamp":"2026-09-09T21:49:55.196Z"}
{"details":{"id":"nonexistent1","reason":"Not Found","resource":"Account"},"level":"warn","message":"DOMAIN EXCEPTION: Account not found","statusCode":404,"timestamp":"2026-09-09T21:49:55.286Z"}
{"level":"info","message":"POST /api/v1/transfers 404 103 - 67.234 ms","timestamp":"2026-09-09T21:49:55.298Z"}
{"accountId":"1788990595228sd2sw4","level":"info","message":"Account created","timestamp":"2026-09-09T21:49:55.320Z"}
{"level":"info","message":"POST /api/v1/accounts 201 93 - 95.906 ms","timestamp":"2026-09-09T21:49:55.322Z"}
{"level":"info","message":"POST /api/v1/auth/token 200 303 - 7.359 ms","timestamp":"2026-09-09T21:49:55.336Z"}
{"accountId":"17889905952333zj6l9","level":"info","message":"Account created","timestamp":"2026-09-09T21:49:55.352Z"}
{"details":null,"level":"warn","message":"DOMAIN EXCEPTION: Authentication required","statusCode":401,"timestamp":"2026-09-09T21:49:55.357Z"}
{"level":"info","message":"GET /api/v1/admin/stats 401 35 - 2.704 ms","timestamp":"2026-09-09T21:49:55.359Z"}
{"accountId":"17889905953285ukxug","level":"info","message":"Account created","timestamp":"2026-09-09T21:49:55.363Z"}
{"level":"info","message":"POST /api/v1/accounts 201 86 - 36.602 ms","timestamp":"2026-09-09T21:49:55.365Z"}
{"level":"info","message":"POST /api/v1/accounts 201 88 - 133.591 ms","timestamp":"2026-09-09T21:49:55.365Z"}
{"accountId":"1788990595330tjud48","level":"info","message":"Account created","timestamp":"2026-09-09T21:49:55.376Z"}
{"level":"info","message":"POST /api/v1/auth/token 200 305 - 1.475 ms","timestamp":"2026-09-09T21:49:55.376Z"}
{"accountId":"1788990595372wd9rmk","level":"info","message":"Account created","timestamp":"2026-09-09T21:49:55.382Z"}
{"level":"info","message":"POST /api/v1/accounts 201 88 - 47.298 ms","timestamp":"2026-09-09T21:49:55.377Z"}
{"level":"info","message":"POST /api/v1/accounts 201 81 - 10.959 ms","timestamp":"2026-09-09T21:49:55.383Z"}
{"details":{"requiredRoles":["admin"],"userRole":"user"},"level":"warn","message":"DOMAIN EXCEPTION: Forbidden: Insufficient permissions","statusCode":403,"timestamp":"2026-09-09T21:49:55.386Z"}
{"level":"info","message":"GET /api/v1/admin/stats 403 103 - 3.996 ms","timestamp":"2026-09-09T21:49:55.387Z"}
{"details":{"email":"alice@example.com","resource":"Account"},"level":"warn","message":"DOMAIN EXCEPTION: Account already exists for this email","statusCode":409,"timestamp":"2026-09-09T21:49:55.393Z"}
{"level":"info","message":"POST /api/v1/accounts 409 110 - 8.962 ms","timestamp":"2026-09-09T21:49:55.394Z"}
{"accountId":"1788990595393ey4ssy","level":"info","message":"Account created","timestamp":"2026-09-09T21:49:55.406Z"}
{"errors":[{"code":"too_small","exact":false,"inclusive":true,"message":"Amount must be a positive number","minimum":0.1,"path":["amount"],"type":"number"}],"level":"error","message":"Validation error:","timestamp":"2026-09-09T21:49:55.406Z"}
{"level":"info","message":"POST /api/v1/accounts 201 93 - 14.649 ms","timestamp":"2026-09-09T21:49:55.408Z"}
{"level":"info","message":"POST /api/v1/transfers 400 156 - 5.807 ms","timestamp":"2026-09-09T21:49:55.410Z"}
{"amount":"200","fromAccountId":"17889905953285ukxug","level":"info","message":"Transfer completed","timestamp":"2026-09-09T21:49:55.426Z","toAccountId":"1788990595372wd9rmk"}
{"level":"info","message":"POST /api/v1/transfers 201 197 - 35.925 ms","timestamp":"2026-09-09T21:49:55.427Z"}
{"details":{"email":"duplicate@example.com","resource":"Account"},"level":"warn","message":"DOMAIN EXCEPTION: Account already exists for this email","statusCode":409,"timestamp":"2026-09-09T21:49:55.425Z"}
{"details":{"fromBalance":"1000","transferAmount":"5000"},"level":"warn","message":"DOMAIN EXCEPTION: Insufficient funds","statusCode":400,"timestamp":"2026-09-09T21:49:55.430Z"}
{"level":"info","message":"POST /api/v1/accounts 409 114 - 11.105 ms","timestamp":"2026-09-09T21:49:55.426Z"}
{"level":"info","message":"POST /api/v1/transfers 400 87 - 13.011 ms","timestamp":"2026-09-09T21:49:55.432Z"}
{"level":"info","message":"GET /api/v1/accounts/17889905953285ukxug 200 85 - 6.493 ms","timestamp":"2026-09-09T21:49:55.440Z"}
{"accountId":"1788990595403y0i9rm","level":"info","message":"Account created","timestamp":"2026-09-09T21:49:55.451Z"}
{"level":"info","message":"GET /api/v1/accounts/1788990595372wd9rmk 200 81 - 3.603 ms","timestamp":"2026-09-09T21:49:55.451Z"}
{"level":"info","message":"POST /api/v1/accounts 201 97 - 52.059 ms","timestamp":"2026-09-09T21:49:55.452Z"}
{"level":"info","message":"GET /api/v1/accounts 200 2 - 7.354 ms","timestamp":"2026-09-09T21:49:55.457Z"}
{"level":"info","message":"POST /api/v1/auth/token 200 315 - 0.887 ms","timestamp":"2026-09-09T21:49:55.460Z"}
{"accountId":"178899059547275q8iz","level":"info","message":"Account created","timestamp":"2026-09-09T21:49:55.480Z"}
{"level":"info","message":"POST /api/v1/accounts 201 85 - 8.982 ms","timestamp":"2026-09-09T21:49:55.481Z"}
{"amount":"350","fromAccountId":"1788990595228sd2sw4","level":"info","message":"Transfer completed","timestamp":"2026-09-09T21:49:55.484Z","toAccountId":"1788990595330tjud48"}
{"level":"info","message":"POST /api/v1/transfers 201 197 - 46.526 ms","timestamp":"2026-09-09T21:49:55.486Z"}
{"level":"info","message":"GET /api/v1/transfers/6aa1d4836610c1bbe44d434d 200 197 - 3.507 ms","timestamp":"2026-09-09T21:49:55.496Z"}
{"accountId":"1788990595488nfndh4","level":"info","message":"Account created","timestamp":"2026-09-09T21:49:55.497Z"}
{"level":"info","message":"POST /api/v1/accounts 201 81 - 10.397 ms","timestamp":"2026-09-09T21:49:55.498Z"}
{"level":"info","message":"GET /api/v1/accounts/1788990595228sd2sw4 200 92 - 4.570 ms","timestamp":"2026-09-09T21:49:55.506Z"}
{"details":{"fromBalance":"100","transferAmount":"200"},"level":"warn","message":"DOMAIN EXCEPTION: Insufficient funds","statusCode":400,"timestamp":"2026-09-09T21:49:55.512Z"}
{"level":"info","message":"POST /api/v1/transfers 400 85 - 8.495 ms","timestamp":"2026-09-09T21:49:55.513Z"}
{"level":"info","message":"GET /api/v1/accounts/1788990595330tjud48 200 88 - 3.519 ms","timestamp":"2026-09-09T21:49:55.516Z"}
{"level":"info","message":"GET /api/v1/transfers?page=1&limit=10 200 199 - 3.907 ms","timestamp":"2026-09-09T21:49:55.525Z"}
{"level":"info","message":"GET /api/v1/admin/stats 200 64 - 70.150 ms","timestamp":"2026-09-09T21:49:55.537Z"}
{"level":"info","message":"PATCH /api/v1/accounts/1788990595228sd2sw4 200 110 - 14.829 ms","timestamp":"2026-09-09T21:49:55.545Z"}
{"level":"info","message":"DELETE /api/v1/accounts/1788990595330tjud48 200 42 - 7.680 ms","timestamp":"2026-09-09T21:49:55.559Z"}
{"details":{"id":"1788990595330tjud48","reason":"Not Found","resource":"Account"},"level":"warn","message":"DOMAIN EXCEPTION: Account not found","statusCode":404,"timestamp":"2026-09-09T21:49:55.570Z"}
{"level":"info","message":"POST /api/v1/transfers 404 110 - 6.341 ms","timestamp":"2026-09-09T21:49:55.571Z"}
{"level":"info","message":"Connected to MongoDB","timestamp":"2026-09-09T23:17:38.780Z"}
{"level":"info","message":"Server running on port 8000","timestamp":"2026-09-09T23:17:38.795Z"}
{"level":"info","message":"GET /api/v1/token 404 151 - 2.609 ms","timestamp":"2026-09-09T23:25:15.759Z"}
{"level":"info","message":"Connected to MongoDB","timestamp":"2026-09-09T23:25:18.544Z"}
{"level":"info","message":"Server running on port 8000","timestamp":"2026-09-09T23:25:18.557Z"}
{"level":"info","message":"POST /api/v1/token 404 152 - 2.854 ms","timestamp":"2026-09-09T23:25:39.988Z"}
{"level":"info","message":"POST /api/v1/auth/token 200 305 - 5.215 ms","timestamp":"2026-09-09T23:26:19.291Z"}
{"level":"info","message":"GET /api/v1/admin/stats 200 77 - 1120.702 ms","timestamp":"2026-09-09T23:30:53.527Z"}
{"level":"info","message":"Connected to MongoDB","timestamp":"2026-09-10T00:40:07.874Z"}
{"level":"info","message":"Server running on port 8000","timestamp":"2026-09-10T00:40:07.884Z"}
{"level":"info","message":"Connected to MongoDB","timestamp":"2026-09-10T01:16:15.598Z"}
{"level":"info","message":"Server running on port 8000","timestamp":"2026-09-10T01:16:15.621Z"}
{"level":"info","message":"Connected to MongoDB","timestamp":"2026-09-10T01:16:40.998Z"}
{"level":"info","message":"Seeded admin successfully: admin1@email.com (id: 17890030020196dfbes, role: admin)","timestamp":"2026-09-10T01:16:42.590Z"}
{"level":"info","message":"Seeded admin successfully: admin2@email.com (id: 1789003002755qy2og6, role: admin)","timestamp":"2026-09-10T01:16:42.941Z"}
{"level":"info","message":"Admin seeding completed.","timestamp":"2026-09-10T01:16:42.942Z"}
{"level":"info","message":"MongoDB connection closed.","timestamp":"2026-09-10T01:16:42.954Z"}
{"accountId":"acc-bob","level":"info","message":"Account created","timestamp":"2026-09-10T01:16:52.329Z"}
{"amount":"50","fromAccountId":"acc-1","level":"info","message":"Transfer completed","timestamp":"2026-09-10T01:16:52.347Z","toAccountId":"acc-2"}
{"level":"info","message":"GET /api/v1/accounts 200 2 - 117.775 ms","timestamp":"2026-09-10T01:17:01.351Z"}
{"details":{"id":"nonexistent1","reason":"Not Found","resource":"Account"},"level":"warn","message":"DOMAIN EXCEPTION: Account not found","statusCode":404,"timestamp":"2026-09-10T01:17:01.404Z"}
{"level":"info","message":"POST /api/v1/transfers 404 103 - 112.796 ms","timestamp":"2026-09-10T01:17:01.424Z"}
{"level":"info","message":"POST /api/v1/auth/token 200 303 - 10.280 ms","timestamp":"2026-09-10T01:17:01.485Z"}
{"level":"info","message":"GET /api/v1/accounts 200 2 - 74.016 ms","timestamp":"2026-09-10T01:17:01.537Z"}
{"details":null,"level":"warn","message":"DOMAIN EXCEPTION: Authentication required","statusCode":401,"timestamp":"2026-09-10T01:17:01.557Z"}
{"accountId":"1789003021315w9n3oj","level":"info","message":"Account created","timestamp":"2026-09-10T01:17:01.555Z"}
{"level":"info","message":"GET /api/v1/admin/stats 401 35 - 3.874 ms","timestamp":"2026-09-10T01:17:01.559Z"}
{"accountId":"1789003021465v9bmqb","level":"info","message":"Account created","timestamp":"2026-09-10T01:17:01.565Z"}
{"level":"info","message":"POST /api/v1/accounts 201 86 - 102.659 ms","timestamp":"2026-09-10T01:17:01.567Z"}
{"level":"info","message":"POST /api/v1/accounts 201 88 - 274.212 ms","timestamp":"2026-09-10T01:17:01.574Z"}
{"level":"info","message":"POST /api/v1/auth/token 200 305 - 1.769 ms","timestamp":"2026-09-10T01:17:01.582Z"}
{"accountId":"17890030215790crjjg","level":"info","message":"Account created","timestamp":"2026-09-10T01:17:01.596Z"}
{"details":{"requiredRoles":["admin"],"userRole":"user"},"level":"warn","message":"DOMAIN EXCEPTION: Forbidden: Insufficient permissions","statusCode":403,"timestamp":"2026-09-10T01:17:01.598Z"}
{"level":"info","message":"POST /api/v1/accounts 201 81 - 19.117 ms","timestamp":"2026-09-10T01:17:01.598Z"}
{"level":"info","message":"GET /api/v1/admin/stats 403 103 - 5.416 ms","timestamp":"2026-09-10T01:17:01.600Z"}
{"accountId":"1789003021617uvvora","level":"info","message":"Account created","timestamp":"2026-09-10T01:17:01.634Z"}
{"level":"info","message":"POST /api/v1/accounts 201 93 - 18.772 ms","timestamp":"2026-09-10T01:17:01.636Z"}
{"amount":"200","fromAccountId":"1789003021465v9bmqb","level":"info","message":"Transfer completed","timestamp":"2026-09-10T01:17:01.656Z","toAccountId":"17890030215790crjjg"}
{"details":{"email":"duplicate@example.com","resource":"Account"},"level":"warn","message":"DOMAIN EXCEPTION: Account already exists for this email","statusCode":409,"timestamp":"2026-09-10T01:17:01.656Z"}
{"level":"info","message":"POST /api/v1/transfers 201 197 - 47.138 ms","timestamp":"2026-09-10T01:17:01.658Z"}
{"level":"info","message":"POST /api/v1/accounts 409 114 - 11.311 ms","timestamp":"2026-09-10T01:17:01.658Z"}
{"level":"info","message":"GET /api/v1/accounts/1789003021465v9bmqb 200 85 - 7.003 ms","timestamp":"2026-09-10T01:17:01.679Z"}
{"accountId":"17890030216287kb2es","level":"info","message":"Account created","timestamp":"2026-09-10T01:17:01.682Z"}
{"level":"info","message":"POST /api/v1/accounts 201 97 - 60.313 ms","timestamp":"2026-09-10T01:17:01.684Z"}
{"level":"info","message":"GET /api/v1/accounts 200 2 - 7.254 ms","timestamp":"2026-09-10T01:17:01.690Z"}
{"level":"info","message":"GET /api/v1/accounts/17890030215790crjjg 200 81 - 4.619 ms","timestamp":"2026-09-10T01:17:01.694Z"}
{"level":"info","message":"POST /api/v1/auth/token 200 315 - 1.369 ms","timestamp":"2026-09-10T01:17:01.696Z"}
{"accountId":"17890030216204fn3yn","level":"info","message":"Account created","timestamp":"2026-09-10T01:17:01.708Z"}
{"level":"info","message":"POST /api/v1/accounts 201 93 - 98.983 ms","timestamp":"2026-09-10T01:17:01.711Z"}
{"accountId":"17890030217196riq58","level":"info","message":"Account created","timestamp":"2026-09-10T01:17:01.732Z"}
{"level":"info","message":"GET /api/v1/admin/stats 200 64 - 29.161 ms","timestamp":"2026-09-10T01:17:01.736Z"}
{"level":"info","message":"POST /api/v1/accounts 201 85 - 14.886 ms","timestamp":"2026-09-10T01:17:01.734Z"}
{"accountId":"1789003021723bsa69t","level":"info","message":"Account created","timestamp":"2026-09-10T01:17:01.738Z"}
{"level":"info","message":"POST /api/v1/accounts 201 88 - 17.529 ms","timestamp":"2026-09-10T01:17:01.740Z"}
{"accountId":"1789003021744ce7lbl","level":"info","message":"Account created","timestamp":"2026-09-10T01:17:01.756Z"}
{"level":"info","message":"POST /api/v1/accounts 201 81 - 12.718 ms","timestamp":"2026-09-10T01:17:01.757Z"}
{"details":{"email":"alice@example.com","resource":"Account"},"level":"warn","message":"DOMAIN EXCEPTION: Account already exists for this email","statusCode":409,"timestamp":"2026-09-10T01:17:01.759Z"}
{"level":"info","message":"POST /api/v1/accounts 409 110 - 11.517 ms","timestamp":"2026-09-10T01:17:01.762Z"}
{"errors":[{"code":"too_small","exact":false,"inclusive":true,"message":"Amount must be a positive number","minimum":0.1,"path":["amount"],"type":"number"}],"level":"error","message":"Validation error:","timestamp":"2026-09-10T01:17:01.774Z"}
{"level":"info","message":"POST /api/v1/transfers 400 156 - 3.166 ms","timestamp":"2026-09-10T01:17:01.776Z"}
{"details":{"fromBalance":"100","transferAmount":"200"},"level":"warn","message":"DOMAIN EXCEPTION: Insufficient funds","statusCode":400,"timestamp":"2026-09-10T01:17:01.780Z"}
{"level":"info","message":"POST /api/v1/transfers 400 85 - 14.778 ms","timestamp":"2026-09-10T01:17:01.782Z"}
{"details":{"fromBalance":"1000","transferAmount":"5000"},"level":"warn","message":"DOMAIN EXCEPTION: Insufficient funds","statusCode":400,"timestamp":"2026-09-10T01:17:01.807Z"}
{"level":"info","message":"POST /api/v1/transfers 400 87 - 18.798 ms","timestamp":"2026-09-10T01:17:01.808Z"}
{"amount":"350","fromAccountId":"17890030216204fn3yn","level":"info","message":"Transfer completed","timestamp":"2026-09-10T01:17:01.850Z","toAccountId":"1789003021723bsa69t"}
{"level":"info","message":"POST /api/v1/transfers 201 197 - 34.064 ms","timestamp":"2026-09-10T01:17:01.852Z"}
{"level":"info","message":"GET /api/v1/transfers/6aa2050d7fb5aba43522f3b4 200 197 - 8.397 ms","timestamp":"2026-09-10T01:17:01.869Z"}
{"level":"info","message":"GET /api/v1/accounts/17890030216204fn3yn 200 92 - 5.515 ms","timestamp":"2026-09-10T01:17:01.884Z"}
{"level":"info","message":"GET /api/v1/accounts/1789003021723bsa69t 200 88 - 4.406 ms","timestamp":"2026-09-10T01:17:01.897Z"}
{"level":"info","message":"GET /api/v1/transfers?page=1&limit=10 200 199 - 7.213 ms","timestamp":"2026-09-10T01:17:01.925Z"}
{"level":"info","message":"PATCH /api/v1/accounts/17890030216204fn3yn 200 110 - 70.954 ms","timestamp":"2026-09-10T01:17:02.003Z"}
{"level":"info","message":"DELETE /api/v1/accounts/1789003021723bsa69t 200 42 - 10.802 ms","timestamp":"2026-09-10T01:17:02.022Z"}
{"details":{"id":"1789003021723bsa69t","reason":"Not Found","resource":"Account"},"level":"warn","message":"DOMAIN EXCEPTION: Account not found","statusCode":404,"timestamp":"2026-09-10T01:17:02.039Z"}
{"level":"info","message":"POST /api/v1/transfers 404 110 - 10.675 ms","timestamp":"2026-09-10T01:17:02.040Z"}
{"level":"info","message":"Connected to MongoDB","timestamp":"2026-09-10T01:21:09.352Z"}
{"level":"info","message":"Updated existing admin with bcrypt hashed password: admin1@email.com (id: 17890030020196dfbes, role: admin)","timestamp":"2026-09-10T01:21:10.879Z"}
{"level":"info","message":"Updated existing admin with bcrypt hashed password: admin2@email.com (id: 1789003002755qy2og6, role: admin)","timestamp":"2026-09-10T01:21:11.461Z"}
{"level":"info","message":"Admin seeding completed.","timestamp":"2026-09-10T01:21:11.462Z"}
{"level":"info","message":"MongoDB connection closed.","timestamp":"2026-09-10T01:21:11.487Z"}
{"accountId":"acc-bob","level":"info","message":"Account created","timestamp":"2026-09-10T01:21:35.298Z"}
{"amount":"50","fromAccountId":"acc-1","level":"info","message":"Transfer completed","timestamp":"2026-09-10T01:21:35.323Z","toAccountId":"acc-2"}
{"level":"info","message":"GET /api/v1/accounts 200 2 - 94.640 ms","timestamp":"2026-09-10T01:21:39.880Z"}
{"accountId":"1789003299783qlckpj","level":"info","message":"Account created","timestamp":"2026-09-10T01:21:39.921Z"}
{"level":"info","message":"POST /api/v1/accounts 201 88 - 158.608 ms","timestamp":"2026-09-10T01:21:39.943Z"}
{"level":"info","message":"GET /api/v1/accounts 200 2 - 79.934 ms","timestamp":"2026-09-10T01:21:39.950Z"}
{"accountId":"1789003299980sul1th","level":"info","message":"Account created","timestamp":"2026-09-10T01:21:39.998Z"}
{"level":"info","message":"POST /api/v1/auth/token 200 303 - 30.286 ms","timestamp":"2026-09-10T01:21:39.995Z"}
{"level":"info","message":"POST /api/v1/accounts 201 93 - 19.950 ms","timestamp":"2026-09-10T01:21:40.000Z"}
{"details":null,"level":"warn","message":"DOMAIN EXCEPTION: Authentication required","statusCode":401,"timestamp":"2026-09-10T01:21:40.019Z"}
{"level":"info","message":"GET /api/v1/admin/stats 401 35 - 4.547 ms","timestamp":"2026-09-10T01:21:40.022Z"}
{"details":{"email":"duplicate@example.com","resource":"Account"},"level":"warn","message":"DOMAIN EXCEPTION: Account already exists for this email","statusCode":409,"timestamp":"2026-09-10T01:21:40.025Z"}
{"level":"info","message":"POST /api/v1/accounts 409 114 - 15.634 ms","timestamp":"2026-09-10T01:21:40.028Z"}
{"level":"info","message":"POST /api/v1/auth/token 200 305 - 3.058 ms","timestamp":"2026-09-10T01:21:40.049Z"}
{"level":"info","message":"GET /api/v1/accounts 200 2 - 6.590 ms","timestamp":"2026-09-10T01:21:40.057Z"}
{"details":{"requiredRoles":["admin"],"userRole":"user"},"level":"warn","message":"DOMAIN EXCEPTION: Forbidden: Insufficient permissions","statusCode":403,"timestamp":"2026-09-10T01:21:40.064Z"}
{"level":"info","message":"GET /api/v1/admin/stats 403 103 - 7.128 ms","timestamp":"2026-09-10T01:21:40.067Z"}
{"accountId":"1789003300112hle2dh","level":"info","message":"Account created","timestamp":"2026-09-10T01:21:40.160Z"}
{"level":"info","message":"POST /api/v1/accounts 201 97 - 54.241 ms","timestamp":"2026-09-10T01:21:40.162Z"}
{"level":"info","message":"POST /api/v1/auth/token 200 315 - 1.262 ms","timestamp":"2026-09-10T01:21:40.174Z"}
{"accountId":"1789003300108x0391q","level":"info","message":"Account created","timestamp":"2026-09-10T01:21:40.195Z"}
{"level":"info","message":"POST /api/v1/accounts 201 93 - 101.649 ms","timestamp":"2026-09-10T01:21:40.198Z"}
{"level":"info","message":"GET /api/v1/admin/stats 200 64 - 25.016 ms","timestamp":"2026-09-10T01:21:40.209Z"}
{"accountId":"1789003300210zi155h","level":"info","message":"Account created","timestamp":"2026-09-10T01:21:40.225Z"}
{"level":"info","message":"POST /api/v1/accounts 201 88 - 16.555 ms","timestamp":"2026-09-10T01:21:40.226Z"}
{"details":{"email":"alice@example.com","resource":"Account"},"level":"warn","message":"DOMAIN EXCEPTION: Account already exists for this email","statusCode":409,"timestamp":"2026-09-10T01:21:40.247Z"}
{"level":"info","message":"POST /api/v1/accounts 409 110 - 11.454 ms","timestamp":"2026-09-10T01:21:40.249Z"}
{"details":{"id":"nonexistent1","reason":"Not Found","resource":"Account"},"level":"warn","message":"DOMAIN EXCEPTION: Account not found","statusCode":404,"timestamp":"2026-09-10T01:21:40.249Z"}
{"errors":[{"code":"too_small","exact":false,"inclusive":true,"message":"Amount must be a positive number","minimum":0.1,"path":["amount"],"type":"number"}],"level":"error","message":"Validation error:","timestamp":"2026-09-10T01:21:40.262Z"}
{"level":"info","message":"POST /api/v1/transfers 400 156 - 3.037 ms","timestamp":"2026-09-10T01:21:40.264Z"}
{"level":"info","message":"POST /api/v1/transfers 404 103 - 88.117 ms","timestamp":"2026-09-10T01:21:40.275Z"}
{"details":{"fromBalance":"1000","transferAmount":"5000"},"level":"warn","message":"DOMAIN EXCEPTION: Insufficient funds","statusCode":400,"timestamp":"2026-09-10T01:21:40.292Z"}
{"level":"info","message":"POST /api/v1/transfers 400 87 - 18.177 ms","timestamp":"2026-09-10T01:21:40.293Z"}
{"amount":"350","fromAccountId":"1789003300108x0391q","level":"info","message":"Transfer completed","timestamp":"2026-09-10T01:21:40.342Z","toAccountId":"1789003300210zi155h"}
{"level":"info","message":"POST /api/v1/transfers 201 197 - 39.975 ms","timestamp":"2026-09-10T01:21:40.344Z"}
{"level":"info","message":"GET /api/v1/transfers/6aa20624e1eeb584ff03566f 200 197 - 6.422 ms","timestamp":"2026-09-10T01:21:40.359Z"}
{"level":"info","message":"GET /api/v1/accounts/1789003300108x0391q 200 92 - 14.521 ms","timestamp":"2026-09-10T01:21:40.384Z"}
{"accountId":"1789003300323aa573u","level":"info","message":"Account created","timestamp":"2026-09-10T01:21:40.395Z"}
{"level":"info","message":"POST /api/v1/accounts 201 86 - 74.923 ms","timestamp":"2026-09-10T01:21:40.397Z"}
{"level":"info","message":"GET /api/v1/accounts/1789003300210zi155h 200 88 - 19.856 ms","timestamp":"2026-09-10T01:21:40.414Z"}
{"accountId":"1789003300408zgl201","level":"info","message":"Account created","timestamp":"2026-09-10T01:21:40.424Z"}
{"level":"info","message":"POST /api/v1/accounts 201 81 - 19.604 ms","timestamp":"2026-09-10T01:21:40.427Z"}
{"level":"info","message":"GET /api/v1/transfers?page=1&limit=10 200 199 - 5.879 ms","timestamp":"2026-09-10T01:21:40.429Z"}
{"level":"info","message":"PATCH /api/v1/accounts/1789003300108x0391q 200 110 - 27.071 ms","timestamp":"2026-09-10T01:21:40.469Z"}
{"level":"info","message":"DELETE /api/v1/accounts/1789003300210zi155h 200 42 - 9.139 ms","timestamp":"2026-09-10T01:21:40.488Z"}
{"amount":"200","fromAccountId":"1789003300323aa573u","level":"info","message":"Transfer completed","timestamp":"2026-09-10T01:21:40.495Z","toAccountId":"1789003300408zgl201"}
{"level":"info","message":"POST /api/v1/transfers 201 197 - 58.425 ms","timestamp":"2026-09-10T01:21:40.497Z"}
{"details":{"id":"1789003300210zi155h","reason":"Not Found","resource":"Account"},"level":"warn","message":"DOMAIN EXCEPTION: Account not found","statusCode":404,"timestamp":"2026-09-10T01:21:40.507Z"}
{"level":"info","message":"POST /api/v1/transfers 404 110 - 11.050 ms","timestamp":"2026-09-10T01:21:40.508Z"}
{"level":"info","message":"GET /api/v1/accounts/1789003300323aa573u 200 85 - 6.222 ms","timestamp":"2026-09-10T01:21:40.514Z"}
{"level":"info","message":"GET /api/v1/accounts/1789003300408zgl201 200 81 - 5.684 ms","timestamp":"2026-09-10T01:21:40.530Z"}
{"accountId":"1789003300551fvppn8","level":"info","message":"Account created","timestamp":"2026-09-10T01:21:40.562Z"}
{"level":"info","message":"POST /api/v1/accounts 201 85 - 12.417 ms","timestamp":"2026-09-10T01:21:40.564Z"}
{"accountId":"1789003300573yqskf0","level":"info","message":"Account created","timestamp":"2026-09-10T01:21:40.583Z"}
{"level":"info","message":"POST /api/v1/accounts 201 81 - 11.211 ms","timestamp":"2026-09-10T01:21:40.584Z"}
{"details":{"fromBalance":"100","transferAmount":"200"},"level":"warn","message":"DOMAIN EXCEPTION: Insufficient funds","statusCode":400,"timestamp":"2026-09-10T01:21:40.604Z"}
{"level":"info","message":"POST /api/v1/transfers 400 85 - 11.392 ms","timestamp":"2026-09-10T01:21:40.605Z"}
{"level":"info","message":"Connected to MongoDB","timestamp":"2026-09-10T01:38:47.896Z"}
{"level":"info","message":"Updated existing admin with bcrypt hashed password: admin1@email.com (id: 17890030020196dfbes, role: admin)","timestamp":"2026-09-10T01:38:48.814Z"}
{"level":"info","message":"Updated existing admin with bcrypt hashed password: admin2@email.com (id: 1789003002755qy2og6, role: admin)","timestamp":"2026-09-10T01:38:49.322Z"}
{"level":"info","message":"Admin seeding completed.","timestamp":"2026-09-10T01:38:49.323Z"}
{"level":"info","message":"Querying accounts collection for existing accounts...","timestamp":"2026-09-10T01:38:49.324Z"}
{"level":"info","message":"Found 4 active account(s) to seed users for.","timestamp":"2026-09-10T01:38:49.481Z"}
{"level":"info","message":"Seeded user successfully: Ayomide Oluwatola (ayomideoluwatola1@gmail.com) linked to account 1788278253338fm7cj0","timestamp":"2026-09-10T01:38:50.032Z"}
{"level":"info","message":"Seeded user successfully: Ayomide 10x Dev Oluwatola (ayomideoluwatola10x@gmail.com) linked to account 1788283318953mcbpw6","timestamp":"2026-09-10T01:38:50.756Z"}
{"level":"info","message":"Seeded user successfully: John Doe (jd@gmail.com) linked to account 1788785048069fsp3hn","timestamp":"2026-09-10T01:38:51.381Z"}
{"level":"info","message":"Seeded user successfully: John 4 Doe (jd4@gmail.com) linked to account 1788866707858oi1xwq","timestamp":"2026-09-10T01:38:51.814Z"}
{"level":"info","message":"User seeding from accounts completed.","timestamp":"2026-09-10T01:38:51.815Z"}
{"level":"info","message":"All database seeding finished successfully.","timestamp":"2026-09-10T01:38:51.816Z"}
{"level":"info","message":"MongoDB connection closed.","timestamp":"2026-09-10T01:38:51.845Z"}
{"accountId":"acc-bob","level":"info","message":"Account created","timestamp":"2026-09-10T01:39:21.206Z"}
{"amount":"50","fromAccountId":"acc-1","level":"info","message":"Transfer completed","timestamp":"2026-09-10T01:39:21.231Z","toAccountId":"acc-2"}
{"level":"info","message":"GET /api/v1/accounts 200 2 - 49.982 ms","timestamp":"2026-09-10T01:39:26.933Z"}
{"level":"info","message":"GET /api/v1/accounts 200 2 - 66.188 ms","timestamp":"2026-09-10T01:39:26.962Z"}
{"level":"info","message":"POST /api/v1/auth/token 200 303 - 16.861 ms","timestamp":"2026-09-10T01:39:27.065Z"}
{"details":null,"level":"warn","message":"DOMAIN EXCEPTION: Authentication required","statusCode":401,"timestamp":"2026-09-10T01:39:27.113Z"}
{"level":"info","message":"GET /api/v1/admin/stats 401 35 - 3.471 ms","timestamp":"2026-09-10T01:39:27.115Z"}
{"level":"info","message":"POST /api/v1/auth/token 200 305 - 1.806 ms","timestamp":"2026-09-10T01:39:27.156Z"}
{"details":{"requiredRoles":["admin"],"userRole":"user"},"level":"warn","message":"DOMAIN EXCEPTION: Forbidden: Insufficient permissions","statusCode":403,"timestamp":"2026-09-10T01:39:27.170Z"}
{"level":"info","message":"GET /api/v1/admin/stats 403 103 - 6.756 ms","timestamp":"2026-09-10T01:39:27.172Z"}
{"accountId":"1789004367140rz4vbs","level":"info","message":"Account created","timestamp":"2026-09-10T01:39:27.217Z"}
{"level":"info","message":"POST /api/v1/accounts 201 93 - 126.249 ms","timestamp":"2026-09-10T01:39:27.220Z"}
{"accountId":"1789004367232ji2tho","level":"info","message":"Account created","timestamp":"2026-09-10T01:39:27.247Z"}
{"level":"info","message":"POST /api/v1/accounts 201 88 - 16.470 ms","timestamp":"2026-09-10T01:39:27.249Z"}
{"details":{"email":"alice@example.com","resource":"Account"},"level":"warn","message":"DOMAIN EXCEPTION: Account already exists for this email","statusCode":409,"timestamp":"2026-09-10T01:39:27.271Z"}
{"level":"info","message":"POST /api/v1/accounts 409 110 - 13.722 ms","timestamp":"2026-09-10T01:39:27.274Z"}
{"accountId":"1789004367197ppcn4v","level":"info","message":"Account created","timestamp":"2026-09-10T01:39:27.279Z"}
{"level":"info","message":"POST /api/v1/accounts 201 97 - 90.230 ms","timestamp":"2026-09-10T01:39:27.283Z"}
{"errors":[{"code":"too_small","exact":false,"inclusive":true,"message":"Amount must be a positive number","minimum":0.1,"path":["amount"],"type":"number"}],"level":"error","message":"Validation error:","timestamp":"2026-09-10T01:39:27.286Z"}
{"level":"info","message":"POST /api/v1/transfers 400 156 - 3.112 ms","timestamp":"2026-09-10T01:39:27.288Z"}
{"level":"info","message":"POST /api/v1/auth/token 200 315 - 2.380 ms","timestamp":"2026-09-10T01:39:27.313Z"}
{"details":{"fromBalance":"1000","transferAmount":"5000"},"level":"warn","message":"DOMAIN EXCEPTION: Insufficient funds","statusCode":400,"timestamp":"2026-09-10T01:39:27.315Z"}
{"level":"info","message":"POST /api/v1/transfers 400 87 - 18.418 ms","timestamp":"2026-09-10T01:39:27.317Z"}
{"details":{"id":"nonexistent1","reason":"Not Found","resource":"Account"},"level":"warn","message":"DOMAIN EXCEPTION: Account not found","statusCode":404,"timestamp":"2026-09-10T01:39:27.323Z"}
{"level":"info","message":"POST /api/v1/transfers 404 103 - 143.903 ms","timestamp":"2026-09-10T01:39:27.342Z"}
{"level":"info","message":"GET /api/v1/admin/stats 200 64 - 20.910 ms","timestamp":"2026-09-10T01:39:27.346Z"}
{"amount":"350","fromAccountId":"1789004367140rz4vbs","level":"info","message":"Transfer completed","timestamp":"2026-09-10T01:39:27.368Z","toAccountId":"1789004367232ji2tho"}
{"level":"info","message":"POST /api/v1/transfers 201 197 - 39.758 ms","timestamp":"2026-09-10T01:39:27.369Z"}
{"level":"info","message":"GET /api/v1/transfers/6aa20a4f179e8e7b187b73bf 200 197 - 6.029 ms","timestamp":"2026-09-10T01:39:27.384Z"}
{"level":"info","message":"GET /api/v1/accounts/1789004367140rz4vbs 200 92 - 6.333 ms","timestamp":"2026-09-10T01:39:27.399Z"}
{"level":"info","message":"GET /api/v1/accounts/1789004367232ji2tho 200 88 - 4.234 ms","timestamp":"2026-09-10T01:39:27.414Z"}
{"accountId":"1789004367376bpjrq2","level":"info","message":"Account created","timestamp":"2026-09-10T01:39:27.427Z"}
{"level":"info","message":"GET /api/v1/transfers?page=1&limit=10 200 199 - 5.867 ms","timestamp":"2026-09-10T01:39:27.429Z"}
{"level":"info","message":"POST /api/v1/accounts 201 86 - 53.450 ms","timestamp":"2026-09-10T01:39:27.429Z"}
{"accountId":"1789004367440nnymfd","level":"info","message":"Account created","timestamp":"2026-09-10T01:39:27.453Z"}
{"level":"info","message":"PATCH /api/v1/accounts/1789004367140rz4vbs 200 110 - 22.477 ms","timestamp":"2026-09-10T01:39:27.462Z"}
{"level":"info","message":"POST /api/v1/accounts 201 81 - 14.868 ms","timestamp":"2026-09-10T01:39:27.455Z"}
{"level":"info","message":"DELETE /api/v1/accounts/1789004367232ji2tho 200 42 - 10.092 ms","timestamp":"2026-09-10T01:39:27.481Z"}
{"details":{"id":"1789004367232ji2tho","reason":"Not Found","resource":"Account"},"level":"warn","message":"DOMAIN EXCEPTION: Account not found","statusCode":404,"timestamp":"2026-09-10T01:39:27.501Z"}
{"level":"info","message":"POST /api/v1/transfers 404 110 - 11.252 ms","timestamp":"2026-09-10T01:39:27.502Z"}
{"amount":"200","fromAccountId":"1789004367376bpjrq2","level":"info","message":"Transfer completed","timestamp":"2026-09-10T01:39:27.516Z","toAccountId":"1789004367440nnymfd"}
{"level":"info","message":"POST /api/v1/transfers 201 197 - 51.360 ms","timestamp":"2026-09-10T01:39:27.518Z"}
{"level":"info","message":"GET /api/v1/accounts/1789004367376bpjrq2 200 85 - 5.929 ms","timestamp":"2026-09-10T01:39:27.535Z"}
{"level":"info","message":"GET /api/v1/accounts/1789004367440nnymfd 200 81 - 7.332 ms","timestamp":"2026-09-10T01:39:27.551Z"}
{"accountId":"1789004367575pw7lah","level":"info","message":"Account created","timestamp":"2026-09-10T01:39:27.588Z"}
{"level":"info","message":"POST /api/v1/accounts 201 85 - 13.574 ms","timestamp":"2026-09-10T01:39:27.589Z"}
{"accountId":"1789004367599235528","level":"info","message":"Account created","timestamp":"2026-09-10T01:39:27.610Z"}
{"level":"info","message":"POST /api/v1/accounts 201 81 - 12.246 ms","timestamp":"2026-09-10T01:39:27.612Z"}
{"details":{"fromBalance":"100","transferAmount":"200"},"level":"warn","message":"DOMAIN EXCEPTION: Insufficient funds","statusCode":400,"timestamp":"2026-09-10T01:39:27.633Z"}
{"level":"info","message":"POST /api/v1/transfers 400 85 - 14.476 ms","timestamp":"2026-09-10T01:39:27.635Z"}
{"accountId":"17890043676604u4juk","level":"info","message":"Account created","timestamp":"2026-09-10T01:39:27.745Z"}
{"level":"info","message":"POST /api/v1/accounts 201 88 - 107.256 ms","timestamp":"2026-09-10T01:39:27.764Z"}
{"accountId":"17890043678286c7uwo","level":"info","message":"Account created","timestamp":"2026-09-10T01:39:27.850Z"}
{"level":"info","message":"POST /api/v1/accounts 201 93 - 26.090 ms","timestamp":"2026-09-10T01:39:27.851Z"}
{"details":{"email":"duplicate@example.com","resource":"Account"},"level":"warn","message":"DOMAIN EXCEPTION: Account already exists for this email","statusCode":409,"timestamp":"2026-09-10T01:39:27.874Z"}
{"level":"info","message":"POST /api/v1/accounts 409 114 - 12.708 ms","timestamp":"2026-09-10T01:39:27.877Z"}
{"level":"info","message":"GET /api/v1/accounts 200 2 - 7.128 ms","timestamp":"2026-09-10T01:39:27.909Z"}
{"level":"info","message":"Connected to MongoDB","timestamp":"2026-09-10T01:46:48.011Z"}
{"level":"info","message":"Server running on port 8000","timestamp":"2026-09-10T01:46:48.046Z"}
{"level":"info","message":"Connected to MongoDB","timestamp":"2026-09-10T01:49:38.097Z"}
{"level":"info","message":"Server running on port 8000","timestamp":"2026-09-10T01:49:38.134Z"}
{"level":"info","message":"Connected to MongoDB","timestamp":"2026-09-10T01:49:50.617Z"}
{"level":"info","message":"Server running on port 8000","timestamp":"2026-09-10T01:49:50.635Z"}
{"level":"info","message":"GET /api/v1/accounts 200 2 - 32.119 ms","timestamp":"2026-09-10T01:49:55.284Z"}
{"level":"info","message":"POST /api/v1/auth/token 200 303 - 6.443 ms","timestamp":"2026-09-10T01:49:55.422Z"}
{"details":null,"level":"warn","message":"DOMAIN EXCEPTION: Authentication required","statusCode":401,"timestamp":"2026-09-10T01:49:55.443Z"}
{"level":"info","message":"GET /api/v1/admin/stats 401 35 - 2.542 ms","timestamp":"2026-09-10T01:49:55.444Z"}
{"level":"info","message":"POST /api/v1/auth/token 200 305 - 1.837 ms","timestamp":"2026-09-10T01:49:55.468Z"}
{"details":{"requiredRoles":["admin"],"userRole":"user"},"level":"warn","message":"DOMAIN EXCEPTION: Forbidden: Insufficient permissions","statusCode":403,"timestamp":"2026-09-10T01:49:55.479Z"}
{"level":"info","message":"GET /api/v1/admin/stats 403 103 - 3.976 ms","timestamp":"2026-09-10T01:49:55.480Z"}
{"accountId":"1789004995506ditam1","level":"info","message":"Account created","timestamp":"2026-09-10T01:49:55.542Z"}
{"level":"info","message":"POST /api/v1/accounts 201 97 - 41.060 ms","timestamp":"2026-09-10T01:49:55.543Z"}
{"level":"info","message":"POST /api/v1/auth/token 200 315 - 1.536 ms","timestamp":"2026-09-10T01:49:55.553Z"}
{"level":"info","message":"GET /api/v1/admin/stats 200 64 - 13.345 ms","timestamp":"2026-09-10T01:49:55.575Z"}
{"level":"info","message":"GET /api/v1/accounts 200 2 - 33.529 ms","timestamp":"2026-09-10T01:50:56.944Z"}
{"level":"info","message":"POST /api/v1/auth/token 200 303 - 5.785 ms","timestamp":"2026-09-10T01:50:57.086Z"}
{"level":"info","message":"POST /api/v1/auth/login 200 315 - 152.013 ms","timestamp":"2026-09-10T01:50:57.418Z"}
{"level":"info","message":"POST /api/v1/auth/login 200 420 - 134.774 ms","timestamp":"2026-09-10T01:50:57.733Z"}
{"level":"info","message":"GET /api/v1/auth/me 200 126 - 5.887 ms","timestamp":"2026-09-10T01:50:57.747Z"}
{"details":null,"level":"warn","message":"DOMAIN EXCEPTION: Invalid email or password","statusCode":401,"timestamp":"2026-09-10T01:50:58.032Z"}
{"level":"info","message":"POST /api/v1/auth/login 401 37 - 138.348 ms","timestamp":"2026-09-10T01:50:58.034Z"}
{"details":null,"level":"warn","message":"DOMAIN EXCEPTION: Authentication required","statusCode":401,"timestamp":"2026-09-10T01:50:58.058Z"}
{"level":"info","message":"GET /api/v1/auth/me 401 35 - 1.735 ms","timestamp":"2026-09-10T01:50:58.059Z"}
{"details":null,"level":"warn","message":"DOMAIN EXCEPTION: Authentication required","statusCode":401,"timestamp":"2026-09-10T01:50:58.079Z"}
{"level":"info","message":"GET /api/v1/admin/stats 401 35 - 1.751 ms","timestamp":"2026-09-10T01:50:58.081Z"}
{"level":"info","message":"POST /api/v1/auth/token 200 305 - 1.314 ms","timestamp":"2026-09-10T01:50:58.104Z"}
{"details":{"requiredRoles":["admin"],"userRole":"user"},"level":"warn","message":"DOMAIN EXCEPTION: Forbidden: Insufficient permissions","statusCode":403,"timestamp":"2026-09-10T01:50:58.114Z"}
{"level":"info","message":"GET /api/v1/admin/stats 403 103 - 2.167 ms","timestamp":"2026-09-10T01:50:58.115Z"}
{"accountId":"1789005058138xx7me4","level":"info","message":"Account created","timestamp":"2026-09-10T01:50:58.155Z"}
{"level":"info","message":"POST /api/v1/accounts 201 97 - 22.129 ms","timestamp":"2026-09-10T01:50:58.156Z"}
{"level":"info","message":"POST /api/v1/auth/token 200 315 - 1.013 ms","timestamp":"2026-09-10T01:50:58.165Z"}
{"level":"info","message":"GET /api/v1/admin/stats 200 64 - 14.314 ms","timestamp":"2026-09-10T01:50:58.186Z"}
{"accountId":"acc-bob","level":"info","message":"Account created","timestamp":"2026-09-10T01:51:09.391Z"}
{"amount":"50","fromAccountId":"acc-1","level":"info","message":"Transfer completed","timestamp":"2026-09-10T01:51:09.412Z","toAccountId":"acc-2"}
{"accountId":"1789005072555e3uiza","level":"info","message":"Account created","timestamp":"2026-09-10T01:51:12.735Z"}
{"level":"info","message":"POST /api/v1/accounts 201 88 - 228.297 ms","timestamp":"2026-09-10T01:51:12.761Z"}
{"accountId":"1789005072897rph41c","level":"info","message":"Account created","timestamp":"2026-09-10T01:51:12.909Z"}
{"level":"info","message":"POST /api/v1/accounts 201 93 - 14.427 ms","timestamp":"2026-09-10T01:51:12.911Z"}
{"details":{"email":"duplicate@example.com","resource":"Account"},"level":"warn","message":"DOMAIN EXCEPTION: Account already exists for this email","statusCode":409,"timestamp":"2026-09-10T01:51:12.931Z"}
{"level":"info","message":"POST /api/v1/accounts 409 114 - 11.089 ms","timestamp":"2026-09-10T01:51:12.933Z"}
{"level":"info","message":"GET /api/v1/accounts 200 2 - 8.809 ms","timestamp":"2026-09-10T01:51:12.972Z"}
{"level":"info","message":"GET /api/v1/accounts 200 2 - 61.071 ms","timestamp":"2026-09-10T01:51:13.284Z"}
{"level":"info","message":"GET /api/v1/accounts 200 2 - 82.909 ms","timestamp":"2026-09-10T01:51:13.319Z"}
{"details":{"id":"nonexistent1","reason":"Not Found","resource":"Account"},"level":"warn","message":"DOMAIN EXCEPTION: Account not found","statusCode":404,"timestamp":"2026-09-10T01:51:13.321Z"}
{"level":"info","message":"POST /api/v1/transfers 404 103 - 212.610 ms","timestamp":"2026-09-10T01:51:13.340Z"}
{"accountId":"17890050733771t0fu5","level":"info","message":"Account created","timestamp":"2026-09-10T01:51:13.469Z"}
{"level":"info","message":"POST /api/v1/accounts 201 93 - 112.107 ms","timestamp":"2026-09-10T01:51:13.471Z"}
{"accountId":"1789005073418n5vbvx","level":"info","message":"Account created","timestamp":"2026-09-10T01:51:13.476Z"}
{"level":"info","message":"POST /api/v1/accounts 201 86 - 60.670 ms","timestamp":"2026-09-10T01:51:13.478Z"}
{"level":"info","message":"POST /api/v1/auth/token 200 303 - 9.711 ms","timestamp":"2026-09-10T01:51:13.484Z"}
{"accountId":"1789005073485wjdt8k","level":"info","message":"Account created","timestamp":"2026-09-10T01:51:13.502Z"}
{"level":"info","message":"POST /api/v1/accounts 201 88 - 19.203 ms","timestamp":"2026-09-10T01:51:13.504Z"}
{"accountId":"1789005073492x71sak","level":"info","message":"Account created","timestamp":"2026-09-10T01:51:13.507Z"}
{"level":"info","message":"POST /api/v1/accounts 201 81 - 16.763 ms","timestamp":"2026-09-10T01:51:13.509Z"}
{"details":{"email":"alice@example.com","resource":"Account"},"level":"warn","message":"DOMAIN EXCEPTION: Account already exists for this email","statusCode":409,"timestamp":"2026-09-10T01:51:13.540Z"}
{"level":"info","message":"POST /api/v1/accounts 409 110 - 26.518 ms","timestamp":"2026-09-10T01:51:13.541Z"}
{"errors":[{"code":"too_small","exact":false,"inclusive":true,"message":"Amount must be a positive number","minimum":0.1,"path":["amount"],"type":"number"}],"level":"error","message":"Validation error:","timestamp":"2026-09-10T01:51:13.556Z"}
{"level":"info","message":"POST /api/v1/transfers 400 156 - 3.225 ms","timestamp":"2026-09-10T01:51:13.558Z"}
{"amount":"200","fromAccountId":"1789005073418n5vbvx","level":"info","message":"Transfer completed","timestamp":"2026-09-10T01:51:13.589Z","toAccountId":"1789005073492x71sak"}
{"level":"info","message":"POST /api/v1/transfers 201 197 - 62.573 ms","timestamp":"2026-09-10T01:51:13.591Z"}
{"level":"info","message":"GET /api/v1/accounts/1789005073418n5vbvx 200 85 - 5.492 ms","timestamp":"2026-09-10T01:51:13.606Z"}
{"details":{"fromBalance":"1000","transferAmount":"5000"},"level":"warn","message":"DOMAIN EXCEPTION: Insufficient funds","statusCode":400,"timestamp":"2026-09-10T01:51:13.613Z"}
{"level":"info","message":"GET /api/v1/accounts/1789005073492x71sak 200 81 - 5.710 ms","timestamp":"2026-09-10T01:51:13.621Z"}
{"level":"info","message":"POST /api/v1/transfers 400 87 - 46.300 ms","timestamp":"2026-09-10T01:51:13.615Z"}
{"accountId":"1789005073654xphqiz","level":"info","message":"Account created","timestamp":"2026-09-10T01:51:13.667Z"}
{"amount":"350","fromAccountId":"17890050733771t0fu5","level":"info","message":"Transfer completed","timestamp":"2026-09-10T01:51:13.666Z","toAccountId":"1789005073485wjdt8k"}
{"level":"info","message":"POST /api/v1/accounts 201 85 - 14.093 ms","timestamp":"2026-09-10T01:51:13.668Z"}
{"level":"info","message":"POST /api/v1/transfers 201 197 - 41.851 ms","timestamp":"2026-09-10T01:51:13.668Z"}
{"level":"info","message":"GET /api/v1/transfers/6aa20d11a7d712e8fc1d5284 200 197 - 7.257 ms","timestamp":"2026-09-10T01:51:13.683Z"}
{"accountId":"1789005073677hgoqo3","level":"info","message":"Account created","timestamp":"2026-09-10T01:51:13.691Z"}
{"level":"info","message":"POST /api/v1/accounts 201 81 - 15.099 ms","timestamp":"2026-09-10T01:51:13.692Z"}
{"level":"info","message":"GET /api/v1/accounts/17890050733771t0fu5 200 92 - 6.832 ms","timestamp":"2026-09-10T01:51:13.700Z"}
{"details":{"fromBalance":"100","transferAmount":"200"},"level":"warn","message":"DOMAIN EXCEPTION: Insufficient funds","statusCode":400,"timestamp":"2026-09-10T01:51:13.714Z"}
{"level":"info","message":"GET /api/v1/accounts/1789005073485wjdt8k 200 88 - 4.988 ms","timestamp":"2026-09-10T01:51:13.715Z"}
{"level":"info","message":"POST /api/v1/transfers 400 85 - 13.013 ms","timestamp":"2026-09-10T01:51:13.715Z"}
{"level":"info","message":"GET /api/v1/transfers?page=1&limit=10 200 199 - 7.682 ms","timestamp":"2026-09-10T01:51:13.731Z"}
{"level":"info","message":"PATCH /api/v1/accounts/17890050733771t0fu5 200 110 - 22.578 ms","timestamp":"2026-09-10T01:51:13.766Z"}
{"level":"info","message":"DELETE /api/v1/accounts/1789005073485wjdt8k 200 42 - 9.352 ms","timestamp":"2026-09-10T01:51:13.785Z"}
{"details":{"id":"1789005073485wjdt8k","reason":"Not Found","resource":"Account"},"level":"warn","message":"DOMAIN EXCEPTION: Account not found","statusCode":404,"timestamp":"2026-09-10T01:51:13.802Z"}
{"level":"info","message":"POST /api/v1/transfers 404 110 - 10.042 ms","timestamp":"2026-09-10T01:51:13.803Z"}
{"level":"info","message":"POST /api/v1/auth/login 200 315 - 147.582 ms","timestamp":"2026-09-10T01:51:13.938Z"}
{"level":"info","message":"POST /api/v1/auth/login 200 420 - 187.907 ms","timestamp":"2026-09-10T01:51:14.377Z"}
{"level":"info","message":"GET /api/v1/auth/me 200 126 - 9.692 ms","timestamp":"2026-09-10T01:51:14.399Z"}
{"details":null,"level":"warn","message":"DOMAIN EXCEPTION: Invalid email or password","statusCode":401,"timestamp":"2026-09-10T01:51:14.738Z"}
{"level":"info","message":"POST /api/v1/auth/login 401 37 - 154.612 ms","timestamp":"2026-09-10T01:51:14.740Z"}
{"details":null,"level":"warn","message":"DOMAIN EXCEPTION: Authentication required","statusCode":401,"timestamp":"2026-09-10T01:51:14.767Z"}
{"level":"info","message":"GET /api/v1/auth/me 401 35 - 2.366 ms","timestamp":"2026-09-10T01:51:14.769Z"}
{"details":null,"level":"warn","message":"DOMAIN EXCEPTION: Authentication required","statusCode":401,"timestamp":"2026-09-10T01:51:14.792Z"}
{"level":"info","message":"GET /api/v1/admin/stats 401 35 - 2.008 ms","timestamp":"2026-09-10T01:51:14.794Z"}
{"level":"info","message":"POST /api/v1/auth/token 200 305 - 1.345 ms","timestamp":"2026-09-10T01:51:14.818Z"}
{"details":{"requiredRoles":["admin"],"userRole":"user"},"level":"warn","message":"DOMAIN EXCEPTION: Forbidden: Insufficient permissions","statusCode":403,"timestamp":"2026-09-10T01:51:14.828Z"}
{"level":"info","message":"GET /api/v1/admin/stats 403 103 - 3.041 ms","timestamp":"2026-09-10T01:51:14.830Z"}
{"accountId":"1789005074856ufc6kv","level":"info","message":"Account created","timestamp":"2026-09-10T01:51:14.877Z"}
{"level":"info","message":"POST /api/v1/accounts 201 97 - 28.830 ms","timestamp":"2026-09-10T01:51:14.880Z"}
{"level":"info","message":"POST /api/v1/auth/token 200 315 - 1.108 ms","timestamp":"2026-09-10T01:51:14.890Z"}
{"level":"info","message":"GET /api/v1/admin/stats 200 64 - 15.275 ms","timestamp":"2026-09-10T01:51:14.914Z"}
{"level":"info","message":"Connected to MongoDB","timestamp":"2026-09-10T01:54:52.764Z"}
{"level":"info","message":"Server running on port 8000","timestamp":"2026-09-10T01:54:52.780Z"}
{"level":"info","message":"Connected to MongoDB","timestamp":"2026-09-10T01:55:07.011Z"}
{"level":"info","message":"Server running on port 8000","timestamp":"2026-09-10T01:55:07.038Z"}
{"level":"info","message":"Connected to MongoDB","timestamp":"2026-09-10T01:55:20.336Z"}
{"level":"info","message":"Server running on port 8000","timestamp":"2026-09-10T01:55:20.358Z"}
{"level":"info","message":"Connected to MongoDB","timestamp":"2026-09-10T01:55:36.490Z"}
{"level":"info","message":"Server running on port 8000","timestamp":"2026-09-10T01:55:36.512Z"}
{"level":"info","message":"GET /api/v1/accounts 200 2 - 32.091 ms","timestamp":"2026-09-10T01:56:50.877Z"}
{"level":"info","message":"POST /api/v1/auth/token 200 303 - 9.950 ms","timestamp":"2026-09-10T01:56:51.017Z"}
{"level":"info","message":"POST /api/v1/auth/signup 201 557 - 157.005 ms","timestamp":"2026-09-10T01:56:51.200Z"}
{"level":"info","message":"GET /api/v1/auth/me 200 138 - 9.316 ms","timestamp":"2026-09-10T01:56:51.217Z"}
{"level":"info","message":"POST /api/v1/auth/signup 201 558 - 148.540 ms","timestamp":"2026-09-10T01:56:51.391Z"}
{"details":{"email":"duplicate@test.com"},"level":"warn","message":"DOMAIN EXCEPTION: User with this email already exists","statusCode":409,"timestamp":"2026-09-10T01:56:51.408Z"}
{"level":"info","message":"POST /api/v1/auth/signup 409 88 - 8.587 ms","timestamp":"2026-09-10T01:56:51.411Z"}
{"level":"info","message":"POST /api/v1/auth/login 200 315 - 119.230 ms","timestamp":"2026-09-10T01:56:51.688Z"}
{"level":"info","message":"POST /api/v1/auth/login 200 420 - 152.201 ms","timestamp":"2026-09-10T01:56:52.003Z"}
{"level":"info","message":"GET /api/v1/auth/me 200 126 - 4.938 ms","timestamp":"2026-09-10T01:56:52.019Z"}
{"details":null,"level":"warn","message":"DOMAIN EXCEPTION: Invalid email or password","statusCode":401,"timestamp":"2026-09-10T01:56:52.361Z"}
{"level":"info","message":"POST /api/v1/auth/login 401 37 - 127.330 ms","timestamp":"2026-09-10T01:56:52.362Z"}
{"details":null,"level":"warn","message":"DOMAIN EXCEPTION: Authentication required","statusCode":401,"timestamp":"2026-09-10T01:56:52.383Z"}
{"level":"info","message":"GET /api/v1/auth/me 401 35 - 1.407 ms","timestamp":"2026-09-10T01:56:52.384Z"}
{"details":null,"level":"warn","message":"DOMAIN EXCEPTION: Authentication required","statusCode":401,"timestamp":"2026-09-10T01:56:52.403Z"}
{"level":"info","message":"GET /api/v1/admin/stats 401 35 - 1.475 ms","timestamp":"2026-09-10T01:56:52.405Z"}
{"level":"info","message":"POST /api/v1/auth/token 200 305 - 0.975 ms","timestamp":"2026-09-10T01:56:52.424Z"}
{"details":{"requiredRoles":["admin"],"userRole":"user"},"level":"warn","message":"DOMAIN EXCEPTION: Forbidden: Insufficient permissions","statusCode":403,"timestamp":"2026-09-10T01:56:52.431Z"}
{"level":"info","message":"GET /api/v1/admin/stats 403 103 - 1.899 ms","timestamp":"2026-09-10T01:56:52.433Z"}
{"accountId":"1789005412466hlzcff","level":"info","message":"Account created","timestamp":"2026-09-10T01:56:52.485Z"}
{"level":"info","message":"POST /api/v1/accounts 201 97 - 24.092 ms","timestamp":"2026-09-10T01:56:52.487Z"}
{"level":"info","message":"POST /api/v1/auth/token 200 315 - 1.049 ms","timestamp":"2026-09-10T01:56:52.496Z"}
{"level":"info","message":"GET /api/v1/admin/stats 200 64 - 11.296 ms","timestamp":"2026-09-10T01:56:52.514Z"}
{"accountId":"acc-bob","level":"info","message":"Account created","timestamp":"2026-09-10T01:57:08.090Z"}
{"amount":"50","fromAccountId":"acc-1","level":"info","message":"Transfer completed","timestamp":"2026-09-10T01:57:08.110Z","toAccountId":"acc-2"}
{"level":"info","message":"GET /api/v1/accounts 200 2 - 102.617 ms","timestamp":"2026-09-10T01:57:11.165Z"}
{"details":{"id":"nonexistent1","reason":"Not Found","resource":"Account"},"level":"warn","message":"DOMAIN EXCEPTION: Account not found","statusCode":404,"timestamp":"2026-09-10T01:57:11.191Z"}
{"level":"info","message":"GET /api/v1/accounts 200 2 - 103.724 ms","timestamp":"2026-09-10T01:57:11.203Z"}
{"level":"info","message":"POST /api/v1/transfers 404 103 - 106.679 ms","timestamp":"2026-09-10T01:57:11.209Z"}
{"accountId":"1789005431256bbhe39","level":"info","message":"Account created","timestamp":"2026-09-10T01:57:11.347Z"}
{"level":"info","message":"POST /api/v1/accounts 201 86 - 93.300 ms","timestamp":"2026-09-10T01:57:11.349Z"}
{"accountId":"1789005431279jgxci4","level":"info","message":"Account created","timestamp":"2026-09-10T01:57:11.359Z"}
{"level":"info","message":"POST /api/v1/accounts 201 93 - 87.389 ms","timestamp":"2026-09-10T01:57:11.362Z"}
{"accountId":"1789005431265uqfuv9","level":"info","message":"Account created","timestamp":"2026-09-10T01:57:11.377Z"}
{"accountId":"17890054313732keaz9","level":"info","message":"Account created","timestamp":"2026-09-10T01:57:11.387Z"}
{"accountId":"178900543136825yr45","level":"info","message":"Account created","timestamp":"2026-09-10T01:57:11.389Z"}
{"level":"info","message":"POST /api/v1/accounts 201 88 - 15.919 ms","timestamp":"2026-09-10T01:57:11.389Z"}
{"level":"info","message":"POST /api/v1/accounts 201 81 - 22.973 ms","timestamp":"2026-09-10T01:57:11.391Z"}
{"level":"info","message":"POST /api/v1/accounts 201 88 - 136.517 ms","timestamp":"2026-09-10T01:57:11.396Z"}
{"details":{"email":"alice@example.com","resource":"Account"},"level":"warn","message":"DOMAIN EXCEPTION: Account already exists for this email","statusCode":409,"timestamp":"2026-09-10T01:57:11.422Z"}
{"level":"info","message":"POST /api/v1/accounts 409 110 - 11.115 ms","timestamp":"2026-09-10T01:57:11.424Z"}
{"errors":[{"code":"too_small","exact":false,"inclusive":true,"message":"Amount must be a positive number","minimum":0.1,"path":["amount"],"type":"number"}],"level":"error","message":"Validation error:","timestamp":"2026-09-10T01:57:11.436Z"}
{"level":"info","message":"POST /api/v1/transfers 400 156 - 3.585 ms","timestamp":"2026-09-10T01:57:11.439Z"}
{"amount":"200","fromAccountId":"1789005431256bbhe39","level":"info","message":"Transfer completed","timestamp":"2026-09-10T01:57:11.453Z","toAccountId":"178900543136825yr45"}
{"level":"info","message":"POST /api/v1/transfers 201 197 - 51.779 ms","timestamp":"2026-09-10T01:57:11.456Z"}
{"level":"info","message":"POST /api/v1/auth/token 200 303 - 16.685 ms","timestamp":"2026-09-10T01:57:11.466Z"}
{"details":{"fromBalance":"1000","transferAmount":"5000"},"level":"warn","message":"DOMAIN EXCEPTION: Insufficient funds","statusCode":400,"timestamp":"2026-09-10T01:57:11.470Z"}
{"level":"info","message":"GET /api/v1/accounts/1789005431256bbhe39 200 85 - 6.427 ms","timestamp":"2026-09-10T01:57:11.472Z"}
{"level":"info","message":"POST /api/v1/transfers 400 87 - 22.724 ms","timestamp":"2026-09-10T01:57:11.472Z"}
{"accountId":"1789005431457qeqqi7","level":"info","message":"Account created","timestamp":"2026-09-10T01:57:11.472Z"}
{"level":"info","message":"POST /api/v1/accounts 201 93 - 17.228 ms","timestamp":"2026-09-10T01:57:11.474Z"}
{"level":"info","message":"GET /api/v1/accounts/178900543136825yr45 200 81 - 6.293 ms","timestamp":"2026-09-10T01:57:11.490Z"}
{"details":{"email":"duplicate@example.com","resource":"Account"},"level":"warn","message":"DOMAIN EXCEPTION: Account already exists for this email","statusCode":409,"timestamp":"2026-09-10T01:57:11.495Z"}
{"level":"info","message":"POST /api/v1/accounts 409 114 - 11.643 ms","timestamp":"2026-09-10T01:57:11.497Z"}
{"amount":"350","fromAccountId":"1789005431279jgxci4","level":"info","message":"Transfer completed","timestamp":"2026-09-10T01:57:11.524Z","toAccountId":"17890054313732keaz9"}
{"accountId":"1789005431520bjwnjx","level":"info","message":"Account created","timestamp":"2026-09-10T01:57:11.532Z"}
{"level":"info","message":"POST /api/v1/transfers 201 197 - 42.015 ms","timestamp":"2026-09-10T01:57:11.526Z"}
{"level":"info","message":"POST /api/v1/accounts 201 85 - 14.234 ms","timestamp":"2026-09-10T01:57:11.534Z"}
{"level":"info","message":"GET /api/v1/accounts 200 2 - 6.915 ms","timestamp":"2026-09-10T01:57:11.534Z"}
{"level":"info","message":"GET /api/v1/transfers/6aa20e7764de7dadbf010bf3 200 197 - 6.766 ms","timestamp":"2026-09-10T01:57:11.543Z"}
{"level":"info","message":"GET /api/v1/accounts/1789005431279jgxci4 200 92 - 5.870 ms","timestamp":"2026-09-10T01:57:11.558Z"}
{"accountId":"17890054315443dosqa","level":"info","message":"Account created","timestamp":"2026-09-10T01:57:11.556Z"}
{"level":"info","message":"POST /api/v1/accounts 201 81 - 13.702 ms","timestamp":"2026-09-10T01:57:11.558Z"}
{"level":"info","message":"GET /api/v1/accounts/17890054313732keaz9 200 88 - 4.663 ms","timestamp":"2026-09-10T01:57:11.576Z"}
{"details":{"fromBalance":"100","transferAmount":"200"},"level":"warn","message":"DOMAIN EXCEPTION: Insufficient funds","statusCode":400,"timestamp":"2026-09-10T01:57:11.579Z"}
{"level":"info","message":"POST /api/v1/transfers 400 85 - 11.536 ms","timestamp":"2026-09-10T01:57:11.581Z"}
{"level":"info","message":"GET /api/v1/transfers?page=1&limit=10 200 199 - 6.185 ms","timestamp":"2026-09-10T01:57:11.591Z"}
{"level":"info","message":"PATCH /api/v1/accounts/1789005431279jgxci4 200 110 - 19.860 ms","timestamp":"2026-09-10T01:57:11.621Z"}
{"level":"info","message":"DELETE /api/v1/accounts/17890054313732keaz9 200 42 - 10.292 ms","timestamp":"2026-09-10T01:57:11.639Z"}
{"details":{"id":"17890054313732keaz9","reason":"Not Found","resource":"Account"},"level":"warn","message":"DOMAIN EXCEPTION: Account not found","statusCode":404,"timestamp":"2026-09-10T01:57:11.656Z"}
{"level":"info","message":"POST /api/v1/transfers 404 110 - 10.588 ms","timestamp":"2026-09-10T01:57:11.657Z"}
{"level":"info","message":"POST /api/v1/auth/signup 201 558 - 214.738 ms","timestamp":"2026-09-10T01:57:11.712Z"}
{"level":"info","message":"GET /api/v1/auth/me 200 138 - 12.123 ms","timestamp":"2026-09-10T01:57:11.734Z"}
{"level":"info","message":"POST /api/v1/auth/signup 201 558 - 286.965 ms","timestamp":"2026-09-10T01:57:12.052Z"}
{"details":{"email":"duplicate@test.com"},"level":"warn","message":"DOMAIN EXCEPTION: User with this email already exists","statusCode":409,"timestamp":"2026-09-10T01:57:12.066Z"}
{"level":"info","message":"POST /api/v1/auth/signup 409 88 - 6.873 ms","timestamp":"2026-09-10T01:57:12.068Z"}
{"level":"info","message":"POST /api/v1/auth/login 200 315 - 139.038 ms","timestamp":"2026-09-10T01:57:12.510Z"}
{"level":"info","message":"POST /api/v1/auth/login 200 420 - 139.914 ms","timestamp":"2026-09-10T01:57:13.047Z"}
{"level":"info","message":"GET /api/v1/auth/me 200 126 - 4.611 ms","timestamp":"2026-09-10T01:57:13.062Z"}
{"details":null,"level":"warn","message":"DOMAIN EXCEPTION: Invalid email or password","statusCode":401,"timestamp":"2026-09-10T01:57:13.339Z"}
{"level":"info","message":"POST /api/v1/auth/login 401 37 - 130.685 ms","timestamp":"2026-09-10T01:57:13.340Z"}
{"details":null,"level":"warn","message":"DOMAIN EXCEPTION: Authentication required","statusCode":401,"timestamp":"2026-09-10T01:57:13.360Z"}
{"level":"info","message":"GET /api/v1/auth/me 401 35 - 1.283 ms","timestamp":"2026-09-10T01:57:13.361Z"}
{"details":null,"level":"warn","message":"DOMAIN EXCEPTION: Authentication required","statusCode":401,"timestamp":"2026-09-10T01:57:13.385Z"}
{"level":"info","message":"GET /api/v1/admin/stats 401 35 - 2.702 ms","timestamp":"2026-09-10T01:57:13.386Z"}
{"level":"info","message":"POST /api/v1/auth/token 200 305 - 1.011 ms","timestamp":"2026-09-10T01:57:13.406Z"}
{"details":{"requiredRoles":["admin"],"userRole":"user"},"level":"warn","message":"DOMAIN EXCEPTION: Forbidden: Insufficient permissions","statusCode":403,"timestamp":"2026-09-10T01:57:13.414Z"}
{"level":"info","message":"GET /api/v1/admin/stats 403 103 - 2.865 ms","timestamp":"2026-09-10T01:57:13.415Z"}
{"accountId":"17890054334360gyafo","level":"info","message":"Account created","timestamp":"2026-09-10T01:57:13.447Z"}
{"level":"info","message":"POST /api/v1/accounts 201 97 - 16.241 ms","timestamp":"2026-09-10T01:57:13.448Z"}
{"level":"info","message":"POST /api/v1/auth/token 200 315 - 1.120 ms","timestamp":"2026-09-10T01:57:13.458Z"}
{"level":"info","message":"GET /api/v1/admin/stats 200 64 - 14.746 ms","timestamp":"2026-09-10T01:57:13.480Z"}
{"level":"info","message":"Connected to MongoDB","timestamp":"2026-09-10T02:05:54.519Z"}
{"level":"info","message":"Server running on port 8000","timestamp":"2026-09-10T02:05:54.543Z"}
{"level":"info","message":"Connected to MongoDB","timestamp":"2026-09-10T02:06:18.999Z"}
{"level":"info","message":"Server running on port 8000","timestamp":"2026-09-10T02:06:19.024Z"}
{"level":"info","message":"Connected to MongoDB","timestamp":"2026-09-10T02:08:25.788Z"}
{"level":"info","message":"Server running on port 8000","timestamp":"2026-09-10T02:08:25.804Z"}
{"level":"info","message":"Connected to MongoDB","timestamp":"2026-09-10T02:09:22.502Z"}
{"level":"info","message":"Server running on port 8000","timestamp":"2026-09-10T02:09:22.521Z"}
{"level":"info","message":"Connected to MongoDB","timestamp":"2026-09-10T02:11:54.905Z"}
{"level":"info","message":"Server running on port 8000","timestamp":"2026-09-10T02:11:54.932Z"}
{"level":"info","message":"Connected to MongoDB","timestamp":"2026-09-10T02:13:15.661Z"}
{"level":"info","message":"Server running on port 8000","timestamp":"2026-09-10T02:13:15.702Z"}
{"level":"info","message":"Connected to MongoDB","timestamp":"2026-09-10T02:14:11.153Z"}
{"level":"info","message":"Server running on port 8000","timestamp":"2026-09-10T02:14:11.171Z"}
{"level":"info","message":"Connected to MongoDB","timestamp":"2026-09-10T02:14:32.468Z"}
{"level":"info","message":"Server running on port 8000","timestamp":"2026-09-10T02:14:32.486Z"}
{"accountId":"acc-bob","level":"info","message":"Account created","timestamp":"2026-09-10T02:15:35.629Z"}
{"amount":"50","fromAccountId":"acc-1","level":"info","message":"Transfer completed","timestamp":"2026-09-10T02:15:35.653Z","toAccountId":"acc-2"}
{"details":null,"level":"warn","message":"DOMAIN EXCEPTION: Authentication required","statusCode":401,"timestamp":"2026-09-10T02:15:38.249Z"}
{"level":"info","message":"POST /api/v1/transfers 401 35 - 23.468 ms","timestamp":"2026-09-10T02:15:38.277Z"}
{"details":null,"level":"warn","message":"DOMAIN EXCEPTION: Authentication required","statusCode":401,"timestamp":"2026-09-10T02:15:38.289Z"}
{"level":"info","message":"GET /api/v1/accounts 401 35 - 21.090 ms","timestamp":"2026-09-10T02:15:38.308Z"}
{"details":null,"level":"warn","message":"DOMAIN EXCEPTION: Authentication required","statusCode":401,"timestamp":"2026-09-10T02:15:38.384Z"}
{"level":"info","message":"GET /api/v1/accounts 401 35 - 11.661 ms","timestamp":"2026-09-10T02:15:38.396Z"}
{"level":"info","message":"POST /api/v1/auth/token 200 303 - 8.323 ms","timestamp":"2026-09-10T02:15:38.417Z"}
{"accountId":"17890065383081zi1mc","level":"info","message":"Account created","timestamp":"2026-09-10T02:15:38.544Z"}
{"level":"info","message":"POST /api/v1/accounts 201 88 - 251.252 ms","timestamp":"2026-09-10T02:15:38.557Z"}
{"accountId":"17890065384722t0zuo","level":"info","message":"Account created","timestamp":"2026-09-10T02:15:38.577Z"}
{"level":"info","message":"POST /api/v1/accounts 201 86 - 107.272 ms","timestamp":"2026-09-10T02:15:38.579Z"}
{"accountId":"178900653859020zle5","level":"info","message":"Account created","timestamp":"2026-09-10T02:15:38.605Z"}
{"level":"info","message":"POST /api/v1/accounts 201 81 - 16.308 ms","timestamp":"2026-09-10T02:15:38.606Z"}
{"details":null,"level":"warn","message":"DOMAIN EXCEPTION: Authentication required","statusCode":401,"timestamp":"2026-09-10T02:15:38.615Z"}
{"level":"info","message":"POST /api/v1/transfers 401 35 - 1.594 ms","timestamp":"2026-09-10T02:15:38.616Z"}
{"accountId":"1789006538628vvyany","level":"info","message":"Account created","timestamp":"2026-09-10T02:15:38.640Z"}
{"level":"info","message":"POST /api/v1/accounts 201 93 - 13.654 ms","timestamp":"2026-09-10T02:15:38.641Z"}
{"details":{"email":"duplicate@example.com","resource":"Account"},"level":"warn","message":"DOMAIN EXCEPTION: Account already exists for this email","statusCode":409,"timestamp":"2026-09-10T02:15:38.662Z"}
{"accountId":"1789006538648bs1o3n","level":"info","message":"Account created","timestamp":"2026-09-10T02:15:38.664Z"}
{"level":"info","message":"POST /api/v1/accounts 409 114 - 7.884 ms","timestamp":"2026-09-10T02:15:38.663Z"}
{"level":"info","message":"POST /api/v1/accounts 201 85 - 17.341 ms","timestamp":"2026-09-10T02:15:38.665Z"}
{"accountId":"17890065384611qv14v","level":"info","message":"Account created","timestamp":"2026-09-10T02:15:38.671Z"}
{"level":"info","message":"POST /api/v1/accounts 201 93 - 219.910 ms","timestamp":"2026-09-10T02:15:38.673Z"}
{"details":null,"level":"warn","message":"DOMAIN EXCEPTION: Authentication required","statusCode":401,"timestamp":"2026-09-10T02:15:38.688Z"}
{"accountId":"1789006538673326039","level":"info","message":"Account created","timestamp":"2026-09-10T02:15:38.689Z"}
{"level":"info","message":"GET /api/v1/accounts 401 35 - 1.527 ms","timestamp":"2026-09-10T02:15:38.690Z"}
{"level":"info","message":"POST /api/v1/accounts 201 81 - 16.345 ms","timestamp":"2026-09-10T02:15:38.690Z"}
{"details":null,"level":"warn","message":"DOMAIN EXCEPTION: Authentication required","statusCode":401,"timestamp":"2026-09-10T02:15:38.698Z"}
{"level":"info","message":"POST /api/v1/transfers 401 35 - 0.975 ms","timestamp":"2026-09-10T02:15:38.699Z"}
{"accountId":"1789006538685kntuwv","level":"info","message":"Account created","timestamp":"2026-09-10T02:15:38.715Z"}
{"level":"info","message":"POST /api/v1/accounts 201 88 - 32.029 ms","timestamp":"2026-09-10T02:15:38.717Z"}
{"details":{"email":"alice@example.com","resource":"Account"},"level":"warn","message":"DOMAIN EXCEPTION: Account already exists for this email","statusCode":409,"timestamp":"2026-09-10T02:15:38.728Z"}
{"level":"info","message":"POST /api/v1/accounts 409 110 - 6.046 ms","timestamp":"2026-09-10T02:15:38.729Z"}
{"errors":[{"code":"too_small","exact":false,"inclusive":true,"message":"Amount must be a positive number","minimum":0.1,"path":["amount"],"type":"number"}],"level":"error","message":"Validation error:","timestamp":"2026-09-10T02:15:38.736Z"}
{"level":"info","message":"POST /api/v1/transfers 400 156 - 1.553 ms","timestamp":"2026-09-10T02:15:38.738Z"}
{"details":null,"level":"warn","message":"DOMAIN EXCEPTION: Authentication required","statusCode":401,"timestamp":"2026-09-10T02:15:38.744Z"}
{"level":"info","message":"POST /api/v1/transfers 401 35 - 1.268 ms","timestamp":"2026-09-10T02:15:38.746Z"}
{"level":"info","message":"POST /api/v1/auth/signup 201 557 - 173.851 ms","timestamp":"2026-09-10T02:15:38.789Z"}
{"level":"info","message":"GET /api/v1/auth/me 200 138 - 7.941 ms","timestamp":"2026-09-10T02:15:38.808Z"}
{"level":"info","message":"POST /api/v1/auth/signup 201 558 - 147.527 ms","timestamp":"2026-09-10T02:15:38.979Z"}
{"details":{"email":"duplicate@test.com"},"level":"warn","message":"DOMAIN EXCEPTION: User with this email already exists","statusCode":409,"timestamp":"2026-09-10T02:15:38.989Z"}
{"level":"info","message":"POST /api/v1/auth/signup 409 88 - 4.111 ms","timestamp":"2026-09-10T02:15:38.991Z"}
{"level":"info","message":"POST /api/v1/auth/login 200 315 - 159.825 ms","timestamp":"2026-09-10T02:15:39.323Z"}
{"level":"info","message":"POST /api/v1/auth/login 200 420 - 94.590 ms","timestamp":"2026-09-10T02:15:40.045Z"}
{"level":"info","message":"GET /api/v1/auth/me 200 126 - 3.151 ms","timestamp":"2026-09-10T02:15:40.056Z"}
{"details":null,"level":"warn","message":"DOMAIN EXCEPTION: Invalid email or password","statusCode":401,"timestamp":"2026-09-10T02:15:40.280Z"}
{"level":"info","message":"POST /api/v1/auth/login 401 37 - 75.566 ms","timestamp":"2026-09-10T02:15:40.281Z"}
{"details":null,"level":"warn","message":"DOMAIN EXCEPTION: Authentication required","statusCode":401,"timestamp":"2026-09-10T02:15:40.294Z"}
{"level":"info","message":"GET /api/v1/auth/me 401 35 - 0.843 ms","timestamp":"2026-09-10T02:15:40.294Z"}
{"details":null,"level":"warn","message":"DOMAIN EXCEPTION: Authentication required","statusCode":401,"timestamp":"2026-09-10T02:15:40.305Z"}
{"level":"info","message":"GET /api/v1/admin/stats 401 35 - 0.726 ms","timestamp":"2026-09-10T02:15:40.305Z"}
{"level":"info","message":"POST /api/v1/auth/token 200 305 - 0.710 ms","timestamp":"2026-09-10T02:15:40.319Z"}
{"details":{"requiredRoles":["admin"],"userRole":"user"},"level":"warn","message":"DOMAIN EXCEPTION: Forbidden: Insufficient permissions","statusCode":403,"timestamp":"2026-09-10T02:15:40.335Z"}
{"level":"info","message":"GET /api/v1/admin/stats 403 103 - 1.739 ms","timestamp":"2026-09-10T02:15:40.336Z"}
{"accountId":"1789006540351y89ule","level":"info","message":"Account created","timestamp":"2026-09-10T02:15:40.359Z"}
{"level":"info","message":"POST /api/v1/accounts 201 97 - 10.834 ms","timestamp":"2026-09-10T02:15:40.360Z"}
{"level":"info","message":"POST /api/v1/auth/token 200 315 - 0.528 ms","timestamp":"2026-09-10T02:15:40.365Z"}
{"level":"info","message":"GET /api/v1/admin/stats 200 64 - 9.391 ms","timestamp":"2026-09-10T02:15:40.379Z"}
{"level":"info","message":"Connected to MongoDB","timestamp":"2026-09-10T02:16:52.979Z"}
{"level":"info","message":"Server running on port 8000","timestamp":"2026-09-10T02:16:52.988Z"}
{"accountId":"1789006631725pbfewx","level":"info","message":"Account created","timestamp":"2026-09-10T02:17:11.769Z"}
{"level":"info","message":"POST /api/v1/accounts 201 88 - 55.816 ms","timestamp":"2026-09-10T02:17:11.780Z"}
{"accountId":"1789006631803ibvoj4","level":"info","message":"Account created","timestamp":"2026-09-10T02:17:11.811Z"}
{"level":"info","message":"POST /api/v1/accounts 201 93 - 8.602 ms","timestamp":"2026-09-10T02:17:11.812Z"}
{"details":{"email":"duplicate@example.com","resource":"Account"},"level":"warn","message":"DOMAIN EXCEPTION: Account already exists for this email","statusCode":409,"timestamp":"2026-09-10T02:17:11.838Z"}
{"level":"info","message":"POST /api/v1/accounts 409 114 - 22.078 ms","timestamp":"2026-09-10T02:17:11.840Z"}
{"level":"info","message":"GET /api/v1/accounts 200 2 - 6.493 ms","timestamp":"2026-09-10T02:17:11.882Z"}
{"details":null,"level":"warn","message":"DOMAIN EXCEPTION: Authentication required","statusCode":401,"timestamp":"2026-09-10T02:17:11.897Z"}
{"level":"info","message":"GET /api/v1/accounts 401 35 - 0.993 ms","timestamp":"2026-09-10T02:17:11.898Z"}
{"details":null,"level":"warn","message":"DOMAIN EXCEPTION: Authentication required","statusCode":401,"timestamp":"2026-09-10T02:17:48.521Z"}
{"level":"info","message":"POST /api/v1/transfers 401 35 - 10.943 ms","timestamp":"2026-09-10T02:17:48.531Z"}
{"accountId":"17890066685903av206","level":"info","message":"Account created","timestamp":"2026-09-10T02:17:48.620Z"}
{"level":"info","message":"POST /api/v1/accounts 201 86 - 31.766 ms","timestamp":"2026-09-10T02:17:48.621Z"}
{"accountId":"1789006668626zinnau","level":"info","message":"Account created","timestamp":"2026-09-10T02:17:48.633Z"}
{"level":"info","message":"POST /api/v1/accounts 201 81 - 8.200 ms","timestamp":"2026-09-10T02:17:48.634Z"}
{"details":null,"level":"warn","message":"DOMAIN EXCEPTION: Authentication required","statusCode":401,"timestamp":"2026-09-10T02:17:48.640Z"}
{"level":"info","message":"POST /api/v1/transfers 401 35 - 0.717 ms","timestamp":"2026-09-10T02:17:48.640Z"}
{"accountId":"17890066686565hvp7h","level":"info","message":"Account created","timestamp":"2026-09-10T02:17:48.664Z"}
{"level":"info","message":"POST /api/v1/accounts 201 85 - 8.601 ms","timestamp":"2026-09-10T02:17:48.665Z"}
{"accountId":"1789006668671ytn1pr","level":"info","message":"Account created","timestamp":"2026-09-10T02:17:48.677Z"}
{"level":"info","message":"POST /api/v1/accounts 201 81 - 6.682 ms","timestamp":"2026-09-10T02:17:48.678Z"}
{"details":null,"level":"warn","message":"DOMAIN EXCEPTION: Authentication required","statusCode":401,"timestamp":"2026-09-10T02:17:48.682Z"}
{"level":"info","message":"POST /api/v1/transfers 401 35 - 0.637 ms","timestamp":"2026-09-10T02:17:48.683Z"}
{"details":null,"level":"warn","message":"DOMAIN EXCEPTION: Authentication required","statusCode":401,"timestamp":"2026-09-10T02:18:03.123Z"}
{"level":"info","message":"POST /api/v1/transfers 401 35 - 9.191 ms","timestamp":"2026-09-10T02:18:03.129Z"}
{"details":null,"level":"warn","message":"DOMAIN EXCEPTION: Insufficient permissions","statusCode":401,"timestamp":"2026-09-10T02:18:03.190Z"}
{"level":"info","message":"POST /api/v1/transfers 401 36 - 2.243 ms","timestamp":"2026-09-10T02:18:03.191Z"}
{"details":{"id":"nonexistent1","reason":"Not Found","resource":"Account"},"level":"warn","message":"DOMAIN EXCEPTION: Account not found","statusCode":404,"timestamp":"2026-09-10T02:18:03.215Z"}
{"level":"info","message":"POST /api/v1/transfers 404 103 - 15.498 ms","timestamp":"2026-09-10T02:18:03.216Z"}
{"accountId":"178900668323043os1v","level":"info","message":"Account created","timestamp":"2026-09-10T02:18:03.252Z"}
{"level":"info","message":"POST /api/v1/accounts 201 86 - 23.994 ms","timestamp":"2026-09-10T02:18:03.253Z"}
{"accountId":"1789006683258mvvog3","level":"info","message":"Account created","timestamp":"2026-09-10T02:18:03.264Z"}
{"level":"info","message":"POST /api/v1/accounts 201 81 - 6.818 ms","timestamp":"2026-09-10T02:18:03.265Z"}
{"amount":"200","fromAccountId":"178900668323043os1v","level":"info","message":"Transfer completed","timestamp":"2026-09-10T02:18:03.292Z","toAccountId":"1789006683258mvvog3"}
{"level":"info","message":"POST /api/v1/transfers 201 197 - 21.384 ms","timestamp":"2026-09-10T02:18:03.292Z"}
{"level":"info","message":"GET /api/v1/accounts/178900668323043os1v 200 85 - 2.825 ms","timestamp":"2026-09-10T02:18:03.299Z"}
{"level":"info","message":"GET /api/v1/accounts/1789006683258mvvog3 200 81 - 2.832 ms","timestamp":"2026-09-10T02:18:03.307Z"}
{"accountId":"1789006683322x3w6w4","level":"info","message":"Account created","timestamp":"2026-09-10T02:18:03.328Z"}
{"level":"info","message":"POST /api/v1/accounts 201 85 - 6.685 ms","timestamp":"2026-09-10T02:18:03.329Z"}
{"accountId":"178900668333464zmi4","level":"info","message":"Account created","timestamp":"2026-09-10T02:18:03.341Z"}
{"level":"info","message":"POST /api/v1/accounts 201 81 - 7.478 ms","timestamp":"2026-09-10T02:18:03.342Z"}
{"details":{"fromBalance":"100","transferAmount":"200"},"level":"warn","message":"DOMAIN EXCEPTION: Insufficient funds","statusCode":400,"timestamp":"2026-09-10T02:18:03.351Z"}
{"level":"info","message":"POST /api/v1/transfers 400 85 - 5.846 ms","timestamp":"2026-09-10T02:18:03.353Z"}
{"details":null,"level":"warn","message":"DOMAIN EXCEPTION: Authentication required","statusCode":401,"timestamp":"2026-09-10T02:18:07.330Z"}
{"level":"info","message":"GET /api/v1/accounts 401 35 - 7.720 ms","timestamp":"2026-09-10T02:18:07.339Z"}
{"accountId":"1789006687368u5b04q","level":"info","message":"Account created","timestamp":"2026-09-10T02:18:07.402Z"}
{"level":"info","message":"POST /api/v1/accounts 201 93 - 36.741 ms","timestamp":"2026-09-10T02:18:07.403Z"}
{"accountId":"1789006687411wn95k5","level":"info","message":"Account created","timestamp":"2026-09-10T02:18:07.417Z"}
{"level":"info","message":"POST /api/v1/accounts 201 88 - 7.123 ms","timestamp":"2026-09-10T02:18:07.418Z"}
{"details":{"email":"alice@example.com","resource":"Account"},"level":"warn","message":"DOMAIN EXCEPTION: Account already exists for this email","statusCode":409,"timestamp":"2026-09-10T02:18:07.428Z"}
{"level":"info","message":"POST /api/v1/accounts 409 110 - 4.617 ms","timestamp":"2026-09-10T02:18:07.428Z"}
{"errors":[{"code":"too_small","exact":false,"inclusive":true,"message":"Amount must be a positive number","minimum":0.1,"path":["amount"],"type":"number"}],"level":"error","message":"Validation error:","timestamp":"2026-09-10T02:18:07.434Z"}
{"level":"info","message":"POST /api/v1/transfers 400 156 - 1.254 ms","timestamp":"2026-09-10T02:18:07.435Z"}
{"details":null,"level":"warn","message":"DOMAIN EXCEPTION: Authentication required","statusCode":401,"timestamp":"2026-09-10T02:18:07.441Z"}
{"level":"info","message":"POST /api/v1/transfers 401 35 - 0.798 ms","timestamp":"2026-09-10T02:18:07.442Z"}
{"details":null,"level":"warn","message":"DOMAIN EXCEPTION: Authentication required","statusCode":401,"timestamp":"2026-09-10T02:18:25.464Z"}
{"level":"info","message":"GET /api/v1/accounts 401 35 - 7.574 ms","timestamp":"2026-09-10T02:18:25.472Z"}
{"level":"info","message":"GET /api/v1/accounts 200 2 - 13.661 ms","timestamp":"2026-09-10T02:18:25.500Z"}
{"accountId":"1789006705523aivbll","level":"info","message":"Account created","timestamp":"2026-09-10T02:18:25.549Z"}
{"level":"info","message":"POST /api/v1/accounts 201 93 - 27.962 ms","timestamp":"2026-09-10T02:18:25.550Z"}
{"accountId":"1789006705555p2xg6i","level":"info","message":"Account created","timestamp":"2026-09-10T02:18:25.563Z"}
{"level":"info","message":"POST /api/v1/accounts 201 88 - 8.843 ms","timestamp":"2026-09-10T02:18:25.564Z"}
{"details":{"email":"alice@example.com","resource":"Account"},"level":"warn","message":"DOMAIN EXCEPTION: Account already exists for this email","statusCode":409,"timestamp":"2026-09-10T02:18:25.572Z"}
{"level":"info","message":"POST /api/v1/accounts 409 110 - 3.819 ms","timestamp":"2026-09-10T02:18:25.572Z"}
{"errors":[{"code":"too_small","exact":false,"inclusive":true,"message":"Amount must be a positive number","minimum":0.1,"path":["amount"],"type":"number"}],"level":"error","message":"Validation error:","timestamp":"2026-09-10T02:18:25.578Z"}
{"level":"info","message":"POST /api/v1/transfers 400 156 - 1.599 ms","timestamp":"2026-09-10T02:18:25.579Z"}
{"details":{"fromBalance":"1000","transferAmount":"5000"},"level":"warn","message":"DOMAIN EXCEPTION: Insufficient funds","statusCode":400,"timestamp":"2026-09-10T02:18:25.592Z"}
{"level":"info","message":"POST /api/v1/transfers 400 87 - 8.742 ms","timestamp":"2026-09-10T02:18:25.593Z"}
{"amount":"350","fromAccountId":"1789006705523aivbll","level":"info","message":"Transfer completed","timestamp":"2026-09-10T02:18:25.617Z","toAccountId":"1789006705555p2xg6i"}
{"level":"info","message":"POST /api/v1/transfers 201 197 - 19.433 ms","timestamp":"2026-09-10T02:18:25.618Z"}
{"level":"info","message":"GET /api/v1/transfers/6aa21371f001b7033d4f5ae8 200 197 - 3.438 ms","timestamp":"2026-09-10T02:18:25.625Z"}
{"level":"info","message":"GET /api/v1/accounts/1789006705523aivbll 200 92 - 3.173 ms","timestamp":"2026-09-10T02:18:25.634Z"}
{"level":"info","message":"GET /api/v1/accounts/1789006705555p2xg6i 200 88 - 2.660 ms","timestamp":"2026-09-10T02:18:25.641Z"}
{"level":"info","message":"GET /api/v1/transfers?page=1&limit=10 200 199 - 3.006 ms","timestamp":"2026-09-10T02:18:25.648Z"}
{"level":"info","message":"PATCH /api/v1/accounts/1789006705523aivbll 200 110 - 9.930 ms","timestamp":"2026-09-10T02:18:25.663Z"}
{"level":"info","message":"DELETE /api/v1/accounts/1789006705555p2xg6i 200 42 - 7.771 ms","timestamp":"2026-09-10T02:18:25.675Z"}
{"details":{"id":"1789006705555p2xg6i","reason":"Not Found","resource":"Account"},"level":"warn","message":"DOMAIN EXCEPTION: Account not found","statusCode":404,"timestamp":"2026-09-10T02:18:25.684Z"}
{"level":"info","message":"POST /api/v1/transfers 404 110 - 5.242 ms","timestamp":"2026-09-10T02:18:25.684Z"}
{"accountId":"acc-bob","level":"info","message":"Account created","timestamp":"2026-09-10T02:18:32.525Z"}
{"amount":"50","fromAccountId":"acc-1","level":"info","message":"Transfer completed","timestamp":"2026-09-10T02:18:32.541Z","toAccountId":"acc-2"}
{"details":null,"level":"warn","message":"DOMAIN EXCEPTION: Authentication required","statusCode":401,"timestamp":"2026-09-10T02:18:34.328Z"}
{"level":"info","message":"GET /api/v1/accounts 401 35 - 93.901 ms","timestamp":"2026-09-10T02:18:34.428Z"}
{"details":null,"level":"warn","message":"DOMAIN EXCEPTION: Authentication required","statusCode":401,"timestamp":"2026-09-10T02:18:34.583Z"}
{"level":"info","message":"POST /api/v1/auth/token 200 303 - 5.886 ms","timestamp":"2026-09-10T02:18:34.591Z"}
{"level":"info","message":"GET /api/v1/accounts 401 35 - 17.688 ms","timestamp":"2026-09-10T02:18:34.601Z"}
{"accountId":"1789006714506c3c9gt","level":"info","message":"Account created","timestamp":"2026-09-10T02:18:34.647Z"}
{"level":"info","message":"GET /api/v1/accounts 200 2 - 19.531 ms","timestamp":"2026-09-10T02:18:34.655Z"}
{"level":"info","message":"POST /api/v1/accounts 201 88 - 154.703 ms","timestamp":"2026-09-10T02:18:34.659Z"}
{"details":null,"level":"warn","message":"DOMAIN EXCEPTION: Authentication required","statusCode":401,"timestamp":"2026-09-10T02:18:34.672Z"}
{"level":"info","message":"POST /api/v1/transfers 401 35 - 25.035 ms","timestamp":"2026-09-10T02:18:34.694Z"}
{"accountId":"1789006714693b4tzc2","level":"info","message":"Account created","timestamp":"2026-09-10T02:18:34.743Z"}
{"level":"info","message":"POST /api/v1/accounts 201 93 - 54.108 ms","timestamp":"2026-09-10T02:18:34.744Z"}
{"accountId":"1789006714753koxa2z","level":"info","message":"Account created","timestamp":"2026-09-10T02:18:34.763Z"}
{"level":"info","message":"POST /api/v1/accounts 201 93 - 12.089 ms","timestamp":"2026-09-10T02:18:34.764Z"}
{"level":"info","message":"POST /api/v1/auth/signup 201 558 - 168.590 ms","timestamp":"2026-09-10T02:18:34.780Z"}
{"accountId":"178900671475896sj71","level":"info","message":"Account created","timestamp":"2026-09-10T02:18:34.778Z"}
{"details":{"email":"duplicate@example.com","resource":"Account"},"level":"warn","message":"DOMAIN EXCEPTION: Account already exists for this email","statusCode":409,"timestamp":"2026-09-10T02:18:34.779Z"}
{"level":"info","message":"POST /api/v1/accounts 201 88 - 21.078 ms","timestamp":"2026-09-10T02:18:34.780Z"}
{"level":"info","message":"POST /api/v1/accounts 409 114 - 7.760 ms","timestamp":"2026-09-10T02:18:34.780Z"}
{"details":{"email":"alice@example.com","resource":"Account"},"level":"warn","message":"DOMAIN EXCEPTION: Account already exists for this email","statusCode":409,"timestamp":"2026-09-10T02:18:34.792Z"}
{"level":"info","message":"GET /api/v1/auth/me 200 138 - 11.303 ms","timestamp":"2026-09-10T02:18:34.800Z"}
{"level":"info","message":"POST /api/v1/accounts 409 110 - 6.671 ms","timestamp":"2026-09-10T02:18:34.794Z"}
{"errors":[{"code":"too_small","exact":false,"inclusive":true,"message":"Amount must be a positive number","minimum":0.1,"path":["amount"],"type":"number"}],"level":"error","message":"Validation error:","timestamp":"2026-09-10T02:18:34.802Z"}
{"level":"info","message":"POST /api/v1/transfers 400 156 - 2.047 ms","timestamp":"2026-09-10T02:18:34.804Z"}
{"details":null,"level":"warn","message":"DOMAIN EXCEPTION: Insufficient permissions","statusCode":401,"timestamp":"2026-09-10T02:18:34.808Z"}
{"level":"info","message":"POST /api/v1/transfers 401 36 - 4.424 ms","timestamp":"2026-09-10T02:18:34.809Z"}
{"level":"info","message":"GET /api/v1/accounts 200 2 - 8.831 ms","timestamp":"2026-09-10T02:18:34.819Z"}
{"details":{"fromBalance":"1000","transferAmount":"5000"},"level":"warn","message":"DOMAIN EXCEPTION: Insufficient funds","statusCode":400,"timestamp":"2026-09-10T02:18:34.824Z"}
{"level":"info","message":"POST /api/v1/transfers 400 87 - 14.094 ms","timestamp":"2026-09-10T02:18:34.825Z"}
{"details":null,"level":"warn","message":"DOMAIN EXCEPTION: Authentication required","statusCode":401,"timestamp":"2026-09-10T02:18:34.838Z"}
{"level":"info","message":"GET /api/v1/accounts 401 35 - 1.183 ms","timestamp":"2026-09-10T02:18:34.839Z"}
{"amount":"350","fromAccountId":"1789006714693b4tzc2","level":"info","message":"Transfer completed","timestamp":"2026-09-10T02:18:34.860Z","toAccountId":"178900671475896sj71"}
{"level":"info","message":"POST /api/v1/transfers 201 197 - 29.008 ms","timestamp":"2026-09-10T02:18:34.861Z"}
{"details":{"id":"nonexistent1","reason":"Not Found","resource":"Account"},"level":"warn","message":"DOMAIN EXCEPTION: Account not found","statusCode":404,"timestamp":"2026-09-10T02:18:34.863Z"}
{"level":"info","message":"POST /api/v1/transfers 404 103 - 23.171 ms","timestamp":"2026-09-10T02:18:34.864Z"}
{"level":"info","message":"GET /api/v1/transfers/6aa2137a46af5b4b055a86a4 200 197 - 5.178 ms","timestamp":"2026-09-10T02:18:34.873Z"}
{"level":"info","message":"GET /api/v1/accounts/1789006714693b4tzc2 200 92 - 4.663 ms","timestamp":"2026-09-10T02:18:34.885Z"}
{"level":"info","message":"GET /api/v1/accounts/178900671475896sj71 200 88 - 3.585 ms","timestamp":"2026-09-10T02:18:34.894Z"}
{"level":"info","message":"GET /api/v1/transfers?page=1&limit=10 200 199 - 4.572 ms","timestamp":"2026-09-10T02:18:34.905Z"}
{"accountId":"17890067148817zd3cv","level":"info","message":"Account created","timestamp":"2026-09-10T02:18:34.910Z"}
{"level":"info","message":"POST /api/v1/accounts 201 86 - 30.470 ms","timestamp":"2026-09-10T02:18:34.911Z"}
{"level":"info","message":"PATCH /api/v1/accounts/1789006714693b4tzc2 200 110 - 12.674 ms","timestamp":"2026-09-10T02:18:34.924Z"}
{"accountId":"1789006714918x09zr6","level":"info","message":"Account created","timestamp":"2026-09-10T02:18:34.925Z"}
{"level":"info","message":"POST /api/v1/accounts 201 81 - 8.337 ms","timestamp":"2026-09-10T02:18:34.926Z"}
{"level":"info","message":"POST /api/v1/auth/signup 201 557 - 104.939 ms","timestamp":"2026-09-10T02:18:34.928Z"}
{"level":"info","message":"DELETE /api/v1/accounts/178900671475896sj71 200 42 - 6.589 ms","timestamp":"2026-09-10T02:18:34.936Z"}
{"details":{"email":"duplicate@test.com"},"level":"warn","message":"DOMAIN EXCEPTION: User with this email already exists","statusCode":409,"timestamp":"2026-09-10T02:18:34.940Z"}
{"level":"info","message":"POST /api/v1/auth/signup 409 88 - 4.193 ms","timestamp":"2026-09-10T02:18:34.941Z"}
{"details":{"id":"178900671475896sj71","reason":"Not Found","resource":"Account"},"level":"warn","message":"DOMAIN EXCEPTION: Account not found","statusCode":404,"timestamp":"2026-09-10T02:18:34.950Z"}
{"level":"info","message":"POST /api/v1/transfers 404 110 - 8.470 ms","timestamp":"2026-09-10T02:18:34.951Z"}
{"amount":"200","fromAccountId":"17890067148817zd3cv","level":"info","message":"Transfer completed","timestamp":"2026-09-10T02:18:34.964Z","toAccountId":"1789006714918x09zr6"}
{"level":"info","message":"POST /api/v1/transfers 201 197 - 31.425 ms","timestamp":"2026-09-10T02:18:34.965Z"}
{"level":"info","message":"GET /api/v1/accounts/17890067148817zd3cv 200 85 - 5.045 ms","timestamp":"2026-09-10T02:18:34.977Z"}
{"level":"info","message":"GET /api/v1/accounts/1789006714918x09zr6 200 81 - 4.099 ms","timestamp":"2026-09-10T02:18:34.988Z"}
{"accountId":"1789006715009fcnzsp","level":"info","message":"Account created","timestamp":"2026-09-10T02:18:35.018Z"}
{"level":"info","message":"POST /api/v1/accounts 201 85 - 9.823 ms","timestamp":"2026-09-10T02:18:35.019Z"}
{"accountId":"178900671502682cl5t","level":"info","message":"Account created","timestamp":"2026-09-10T02:18:35.036Z"}
{"level":"info","message":"POST /api/v1/accounts 201 81 - 10.843 ms","timestamp":"2026-09-10T02:18:35.037Z"}
{"details":{"fromBalance":"100","transferAmount":"200"},"level":"warn","message":"DOMAIN EXCEPTION: Insufficient funds","statusCode":400,"timestamp":"2026-09-10T02:18:35.052Z"}
{"level":"info","message":"POST /api/v1/transfers 400 85 - 9.380 ms","timestamp":"2026-09-10T02:18:35.053Z"}
{"level":"info","message":"POST /api/v1/auth/login 200 315 - 114.575 ms","timestamp":"2026-09-10T02:18:35.188Z"}
{"level":"info","message":"POST /api/v1/auth/login 200 420 - 206.365 ms","timestamp":"2026-09-10T02:18:35.523Z"}
{"level":"info","message":"GET /api/v1/auth/me 200 126 - 26.734 ms","timestamp":"2026-09-10T02:18:35.585Z"}
{"details":null,"level":"warn","message":"DOMAIN EXCEPTION: Invalid email or password","statusCode":401,"timestamp":"2026-09-10T02:18:35.788Z"}
{"level":"info","message":"POST /api/v1/auth/login 401 37 - 86.387 ms","timestamp":"2026-09-10T02:18:35.789Z"}
{"details":null,"level":"warn","message":"DOMAIN EXCEPTION: Authentication required","statusCode":401,"timestamp":"2026-09-10T02:18:35.803Z"}
{"level":"info","message":"GET /api/v1/auth/me 401 35 - 0.834 ms","timestamp":"2026-09-10T02:18:35.804Z"}
{"details":null,"level":"warn","message":"DOMAIN EXCEPTION: Authentication required","statusCode":401,"timestamp":"2026-09-10T02:18:35.816Z"}
{"level":"info","message":"GET /api/v1/admin/stats 401 35 - 1.218 ms","timestamp":"2026-09-10T02:18:35.817Z"}
{"level":"info","message":"POST /api/v1/auth/token 200 305 - 0.870 ms","timestamp":"2026-09-10T02:18:35.831Z"}
{"details":{"requiredRoles":["admin"],"userRole":"user"},"level":"warn","message":"DOMAIN EXCEPTION: Forbidden: Insufficient permissions","statusCode":403,"timestamp":"2026-09-10T02:18:35.836Z"}
{"level":"info","message":"GET /api/v1/admin/stats 403 103 - 1.488 ms","timestamp":"2026-09-10T02:18:35.837Z"}
{"accountId":"1789006715859x9lpjg","level":"info","message":"Account created","timestamp":"2026-09-10T02:18:36.036Z"}
{"level":"info","message":"POST /api/v1/accounts 201 97 - 180.038 ms","timestamp":"2026-09-10T02:18:36.037Z"}
{"level":"info","message":"POST /api/v1/auth/token 200 315 - 0.644 ms","timestamp":"2026-09-10T02:18:36.043Z"}
{"level":"info","message":"GET /api/v1/admin/stats 200 64 - 8.373 ms","timestamp":"2026-09-10T02:18:36.057Z"}
{"accountId":"acc-bob","level":"info","message":"Account created","timestamp":"2026-09-10T02:18:51.392Z"}
{"amount":"50","fromAccountId":"acc-1","level":"info","message":"Transfer completed","timestamp":"2026-09-10T02:18:51.408Z","toAccountId":"acc-2"}
{"details":null,"level":"warn","message":"DOMAIN EXCEPTION: Authentication required","statusCode":401,"timestamp":"2026-09-10T02:18:54.089Z"}
{"level":"info","message":"GET /api/v1/accounts 401 35 - 31.905 ms","timestamp":"2026-09-10T02:18:54.116Z"}
{"details":null,"level":"warn","message":"DOMAIN EXCEPTION: Authentication required","statusCode":401,"timestamp":"2026-09-10T02:18:54.129Z"}
{"level":"info","message":"POST /api/v1/transfers 401 35 - 36.148 ms","timestamp":"2026-09-10T02:18:54.156Z"}
{"details":null,"level":"warn","message":"DOMAIN EXCEPTION: Authentication required","statusCode":401,"timestamp":"2026-09-10T02:18:54.214Z"}
{"level":"info","message":"POST /api/v1/auth/token 200 303 - 8.445 ms","timestamp":"2026-09-10T02:18:54.225Z"}
{"level":"info","message":"GET /api/v1/accounts 401 35 - 37.414 ms","timestamp":"2026-09-10T02:18:54.242Z"}
{"level":"info","message":"GET /api/v1/accounts 200 2 - 28.289 ms","timestamp":"2026-09-10T02:18:54.325Z"}
{"details":null,"level":"warn","message":"DOMAIN EXCEPTION: Insufficient permissions","statusCode":401,"timestamp":"2026-09-10T02:18:54.385Z"}
{"level":"info","message":"POST /api/v1/transfers 401 36 - 4.470 ms","timestamp":"2026-09-10T02:18:54.387Z"}
{"level":"info","message":"POST /api/v1/auth/signup 201 557 - 166.469 ms","timestamp":"2026-09-10T02:18:54.422Z"}
{"accountId":"1789006734367i77zj4","level":"info","message":"Account created","timestamp":"2026-09-10T02:18:54.420Z"}
{"level":"info","message":"POST /api/v1/accounts 201 93 - 56.970 ms","timestamp":"2026-09-10T02:18:54.422Z"}
{"accountId":"1789006734312oktgn6","level":"info","message":"Account created","timestamp":"2026-09-10T02:18:54.415Z"}
{"level":"info","message":"GET /api/v1/auth/me 200 138 - 9.841 ms","timestamp":"2026-09-10T02:18:54.440Z"}
{"details":{"id":"nonexistent1","reason":"Not Found","resource":"Account"},"level":"warn","message":"DOMAIN EXCEPTION: Account not found","statusCode":404,"timestamp":"2026-09-10T02:18:54.428Z"}
{"level":"info","message":"POST /api/v1/accounts 201 88 - 121.066 ms","timestamp":"2026-09-10T02:18:54.429Z"}
{"level":"info","message":"POST /api/v1/transfers 404 103 - 24.084 ms","timestamp":"2026-09-10T02:18:54.429Z"}
{"accountId":"178900673447449wbgw","level":"info","message":"Account created","timestamp":"2026-09-10T02:18:54.484Z"}
{"level":"info","message":"POST /api/v1/accounts 201 93 - 12.487 ms","timestamp":"2026-09-10T02:18:54.486Z"}
{"accountId":"1789006734465ek3hn3","level":"info","message":"Account created","timestamp":"2026-09-10T02:18:54.506Z"}
{"level":"info","message":"POST /api/v1/accounts 201 86 - 42.904 ms","timestamp":"2026-09-10T02:18:54.507Z"}
{"details":{"email":"duplicate@example.com","resource":"Account"},"level":"warn","message":"DOMAIN EXCEPTION: Account already exists for this email","statusCode":409,"timestamp":"2026-09-10T02:18:54.501Z"}
{"level":"info","message":"POST /api/v1/accounts 409 114 - 8.503 ms","timestamp":"2026-09-10T02:18:54.503Z"}
{"accountId":"1789006734515zho886","level":"info","message":"Account created","timestamp":"2026-09-10T02:18:54.534Z"}
{"accountId":"17890067344338pot12","level":"info","message":"Account created","timestamp":"2026-09-10T02:18:54.541Z"}
{"level":"info","message":"POST /api/v1/accounts 201 81 - 20.701 ms","timestamp":"2026-09-10T02:18:54.536Z"}
{"level":"info","message":"POST /api/v1/accounts 201 88 - 109.945 ms","timestamp":"2026-09-10T02:18:54.543Z"}
{"level":"info","message":"GET /api/v1/accounts 200 2 - 7.609 ms","timestamp":"2026-09-10T02:18:54.562Z"}
{"details":{"email":"alice@example.com","resource":"Account"},"level":"warn","message":"DOMAIN EXCEPTION: Account already exists for this email","statusCode":409,"timestamp":"2026-09-10T02:18:54.561Z"}
{"level":"info","message":"POST /api/v1/accounts 409 110 - 7.393 ms","timestamp":"2026-09-10T02:18:54.562Z"}
{"errors":[{"code":"too_small","exact":false,"inclusive":true,"message":"Amount must be a positive number","minimum":0.1,"path":["amount"],"type":"number"}],"level":"error","message":"Validation error:","timestamp":"2026-09-10T02:18:54.574Z"}
{"level":"info","message":"POST /api/v1/transfers 400 156 - 2.439 ms","timestamp":"2026-09-10T02:18:54.575Z"}
{"details":null,"level":"warn","message":"DOMAIN EXCEPTION: Authentication required","statusCode":401,"timestamp":"2026-09-10T02:18:54.586Z"}
{"amount":"200","fromAccountId":"1789006734465ek3hn3","level":"info","message":"Transfer completed","timestamp":"2026-09-10T02:18:54.591Z","toAccountId":"1789006734515zho886"}
{"level":"info","message":"POST /api/v1/transfers 201 197 - 45.664 ms","timestamp":"2026-09-10T02:18:54.592Z"}
{"level":"info","message":"GET /api/v1/accounts 401 35 - 2.104 ms","timestamp":"2026-09-10T02:18:54.588Z"}
{"level":"info","message":"GET /api/v1/accounts/1789006734465ek3hn3 200 85 - 6.818 ms","timestamp":"2026-09-10T02:18:54.608Z"}
{"details":{"fromBalance":"1000","transferAmount":"5000"},"level":"warn","message":"DOMAIN EXCEPTION: Insufficient funds","statusCode":400,"timestamp":"2026-09-10T02:18:54.609Z"}
{"level":"info","message":"POST /api/v1/transfers 400 87 - 19.015 ms","timestamp":"2026-09-10T02:18:54.611Z"}
{"level":"info","message":"GET /api/v1/accounts/1789006734515zho886 200 81 - 7.630 ms","timestamp":"2026-09-10T02:18:54.622Z"}
{"level":"info","message":"POST /api/v1/auth/signup 201 558 - 164.575 ms","timestamp":"2026-09-10T02:18:54.647Z"}
{"amount":"350","fromAccountId":"1789006734367i77zj4","level":"info","message":"Transfer completed","timestamp":"2026-09-10T02:18:54.659Z","toAccountId":"17890067344338pot12"}
{"details":{"email":"duplicate@test.com"},"level":"warn","message":"DOMAIN EXCEPTION: User with this email already exists","statusCode":409,"timestamp":"2026-09-10T02:18:54.661Z"}
{"level":"info","message":"POST /api/v1/transfers 201 197 - 41.425 ms","timestamp":"2026-09-10T02:18:54.661Z"}
{"level":"info","message":"POST /api/v1/auth/signup 409 88 - 4.687 ms","timestamp":"2026-09-10T02:18:54.662Z"}
{"accountId":"1789006734650dq543h","level":"info","message":"Account created","timestamp":"2026-09-10T02:18:54.666Z"}
{"level":"info","message":"POST /api/v1/accounts 201 85 - 17.043 ms","timestamp":"2026-09-10T02:18:54.667Z"}
{"level":"info","message":"GET /api/v1/transfers/6aa2138e2c8d56c5ae3d5a40 200 197 - 5.890 ms","timestamp":"2026-09-10T02:18:54.678Z"}
{"accountId":"1789006734678dwglxr","level":"info","message":"Account created","timestamp":"2026-09-10T02:18:54.689Z"}
{"level":"info","message":"POST /api/v1/accounts 201 81 - 12.247 ms","timestamp":"2026-09-10T02:18:54.690Z"}
{"level":"info","message":"GET /api/v1/accounts/1789006734367i77zj4 200 92 - 5.651 ms","timestamp":"2026-09-10T02:18:54.695Z"}
{"details":{"fromBalance":"100","transferAmount":"200"},"level":"warn","message":"DOMAIN EXCEPTION: Insufficient funds","statusCode":400,"timestamp":"2026-09-10T02:18:54.708Z"}
{"level":"info","message":"POST /api/v1/transfers 400 85 - 11.390 ms","timestamp":"2026-09-10T02:18:54.709Z"}
{"level":"info","message":"GET /api/v1/accounts/17890067344338pot12 200 88 - 7.754 ms","timestamp":"2026-09-10T02:18:54.712Z"}
{"level":"info","message":"GET /api/v1/transfers?page=1&limit=10 200 199 - 5.896 ms","timestamp":"2026-09-10T02:18:54.725Z"}
{"level":"info","message":"PATCH /api/v1/accounts/1789006734367i77zj4 200 110 - 16.657 ms","timestamp":"2026-09-10T02:18:54.749Z"}
{"level":"info","message":"DELETE /api/v1/accounts/17890067344338pot12 200 42 - 7.518 ms","timestamp":"2026-09-10T02:18:54.764Z"}
{"details":{"id":"17890067344338pot12","reason":"Not Found","resource":"Account"},"level":"warn","message":"DOMAIN EXCEPTION: Account not found","statusCode":404,"timestamp":"2026-09-10T02:18:54.779Z"}
{"level":"info","message":"POST /api/v1/transfers 404 110 - 9.424 ms","timestamp":"2026-09-10T02:18:54.780Z"}
{"level":"info","message":"POST /api/v1/auth/login 200 315 - 167.426 ms","timestamp":"2026-09-10T02:18:54.991Z"}
{"level":"info","message":"POST /api/v1/auth/login 200 420 - 131.487 ms","timestamp":"2026-09-10T02:18:55.455Z"}
{"level":"info","message":"GET /api/v1/auth/me 200 126 - 4.167 ms","timestamp":"2026-09-10T02:18:55.467Z"}
{"details":null,"level":"warn","message":"DOMAIN EXCEPTION: Invalid email or password","statusCode":401,"timestamp":"2026-09-10T02:18:55.696Z"}
{"level":"info","message":"POST /api/v1/auth/login 401 37 - 101.104 ms","timestamp":"2026-09-10T02:18:55.697Z"}
{"details":null,"level":"warn","message":"DOMAIN EXCEPTION: Authentication required","statusCode":401,"timestamp":"2026-09-10T02:18:55.711Z"}
{"level":"info","message":"GET /api/v1/auth/me 401 35 - 0.790 ms","timestamp":"2026-09-10T02:18:55.712Z"}
{"details":null,"level":"warn","message":"DOMAIN EXCEPTION: Authentication required","statusCode":401,"timestamp":"2026-09-10T02:18:55.724Z"}
{"level":"info","message":"GET /api/v1/admin/stats 401 35 - 1.084 ms","timestamp":"2026-09-10T02:18:55.725Z"}
{"level":"info","message":"POST /api/v1/auth/token 200 305 - 0.637 ms","timestamp":"2026-09-10T02:18:55.738Z"}
{"details":{"requiredRoles":["admin"],"userRole":"user"},"level":"warn","message":"DOMAIN EXCEPTION: Forbidden: Insufficient permissions","statusCode":403,"timestamp":"2026-09-10T02:18:55.743Z"}
{"level":"info","message":"GET /api/v1/admin/stats 403 103 - 1.242 ms","timestamp":"2026-09-10T02:18:55.743Z"}
{"accountId":"17890067357653594u6","level":"info","message":"Account created","timestamp":"2026-09-10T02:18:55.773Z"}
{"level":"info","message":"POST /api/v1/accounts 201 97 - 12.512 ms","timestamp":"2026-09-10T02:18:55.775Z"}
{"level":"info","message":"POST /api/v1/auth/token 200 315 - 1.127 ms","timestamp":"2026-09-10T02:18:55.789Z"}
{"level":"info","message":"GET /api/v1/admin/stats 200 64 - 13.729 ms","timestamp":"2026-09-10T02:18:55.809Z"}
{"accountId":"acc-bob","level":"info","message":"Account created","timestamp":"2026-09-10T02:20:41.179Z"}
{"amount":"50","fromAccountId":"acc-1","level":"info","message":"Transfer completed","timestamp":"2026-09-10T02:20:41.195Z","toAccountId":"acc-2"}
{"details":null,"level":"warn","message":"DOMAIN EXCEPTION: Authentication required","statusCode":401,"timestamp":"2026-09-10T02:20:42.847Z"}
{"level":"info","message":"GET /api/v1/accounts 401 35 - 15.276 ms","timestamp":"2026-09-10T02:20:42.880Z"}
{"level":"info","message":"POST /api/v1/auth/token 200 303 - 5.932 ms","timestamp":"2026-09-10T02:20:42.988Z"}
{"details":null,"level":"warn","message":"DOMAIN EXCEPTION: Authentication required","statusCode":401,"timestamp":"2026-09-10T02:20:43.126Z"}
{"level":"info","message":"GET /api/v1/accounts 401 35 - 12.761 ms","timestamp":"2026-09-10T02:20:43.139Z"}
{"level":"info","message":"GET /api/v1/accounts 200 2 - 19.495 ms","timestamp":"2026-09-10T02:20:43.181Z"}
{"accountId":"17890068431104aaamq","level":"info","message":"Account created","timestamp":"2026-09-10T02:20:43.213Z"}
{"level":"info","message":"POST /api/v1/auth/signup 201 557 - 183.091 ms","timestamp":"2026-09-10T02:20:43.229Z"}
{"level":"info","message":"POST /api/v1/accounts 201 88 - 116.805 ms","timestamp":"2026-09-10T02:20:43.224Z"}
{"level":"info","message":"GET /api/v1/auth/me 200 138 - 8.215 ms","timestamp":"2026-09-10T02:20:43.245Z"}
{"level":"info","message":"Connected to MongoDB","timestamp":"2026-09-10T02:20:43.287Z"}
{"level":"info","message":"Server running on port 8000","timestamp":"2026-09-10T02:20:43.303Z"}
{"details":null,"level":"warn","message":"DOMAIN EXCEPTION: Authentication required","statusCode":401,"timestamp":"2026-09-10T02:20:43.302Z"}
{"accountId":"178900684331442pis0","level":"info","message":"Account created","timestamp":"2026-09-10T02:20:43.324Z"}
{"level":"info","message":"POST /api/v1/accounts 201 93 - 11.880 ms","timestamp":"2026-09-10T02:20:43.326Z"}
{"accountId":"1789006843221ike6ce","level":"info","message":"Account created","timestamp":"2026-09-10T02:20:43.326Z"}
{"level":"info","message":"POST /api/v1/accounts 201 93 - 113.584 ms","timestamp":"2026-09-10T02:20:43.328Z"}
{"level":"info","message":"POST /api/v1/transfers 401 35 - 24.256 ms","timestamp":"2026-09-10T02:20:43.321Z"}
{"details":{"email":"duplicate@example.com","resource":"Account"},"level":"warn","message":"DOMAIN EXCEPTION: Account already exists for this email","statusCode":409,"timestamp":"2026-09-10T02:20:43.339Z"}
{"level":"info","message":"POST /api/v1/accounts 409 114 - 7.155 ms","timestamp":"2026-09-10T02:20:43.340Z"}
{"accountId":"1789006843336zycw4f","level":"info","message":"Account created","timestamp":"2026-09-10T02:20:43.348Z"}
{"level":"info","message":"POST /api/v1/accounts 201 88 - 12.876 ms","timestamp":"2026-09-10T02:20:43.349Z"}
{"details":{"email":"alice@example.com","resource":"Account"},"level":"warn","message":"DOMAIN EXCEPTION: Account already exists for this email","statusCode":409,"timestamp":"2026-09-10T02:20:43.366Z"}
{"level":"info","message":"POST /api/v1/accounts 409 110 - 11.104 ms","timestamp":"2026-09-10T02:20:43.367Z"}
{"level":"info","message":"GET /api/v1/accounts 200 2 - 7.124 ms","timestamp":"2026-09-10T02:20:43.377Z"}
{"errors":[{"code":"too_small","exact":false,"inclusive":true,"message":"Amount must be a positive number","minimum":0.1,"path":["amount"],"type":"number"}],"level":"error","message":"Validation error:","timestamp":"2026-09-10T02:20:43.377Z"}
{"level":"info","message":"POST /api/v1/transfers 400 156 - 3.827 ms","timestamp":"2026-09-10T02:20:43.379Z"}
{"details":null,"level":"warn","message":"DOMAIN EXCEPTION: Authentication required","statusCode":401,"timestamp":"2026-09-10T02:20:43.394Z"}
{"level":"info","message":"GET /api/v1/accounts 401 35 - 1.427 ms","timestamp":"2026-09-10T02:20:43.396Z"}
{"details":{"fromBalance":"1000","transferAmount":"5000"},"level":"warn","message":"DOMAIN EXCEPTION: Insufficient funds","statusCode":400,"timestamp":"2026-09-10T02:20:43.405Z"}
{"level":"info","message":"POST /api/v1/transfers 400 87 - 20.453 ms","timestamp":"2026-09-10T02:20:43.407Z"}
{"details":null,"level":"warn","message":"DOMAIN EXCEPTION: Insufficient permissions","statusCode":401,"timestamp":"2026-09-10T02:20:43.418Z"}
{"level":"info","message":"POST /api/v1/transfers 401 36 - 4.113 ms","timestamp":"2026-09-10T02:20:43.419Z"}
{"level":"info","message":"POST /api/v1/auth/signup 201 557 - 155.040 ms","timestamp":"2026-09-10T02:20:43.429Z"}
{"details":{"email":"duplicate@test.com"},"level":"warn","message":"DOMAIN EXCEPTION: User with this email already exists","statusCode":409,"timestamp":"2026-09-10T02:20:43.440Z"}
{"amount":"350","fromAccountId":"1789006843221ike6ce","level":"info","message":"Transfer completed","timestamp":"2026-09-10T02:20:43.444Z","toAccountId":"1789006843336zycw4f"}
{"level":"info","message":"POST /api/v1/auth/signup 409 88 - 4.283 ms","timestamp":"2026-09-10T02:20:43.442Z"}
{"level":"info","message":"POST /api/v1/transfers 201 197 - 30.381 ms","timestamp":"2026-09-10T02:20:43.445Z"}
{"level":"info","message":"GET /api/v1/transfers/6aa213fb5873445d35e6528d 200 197 - 6.823 ms","timestamp":"2026-09-10T02:20:43.464Z"}
{"level":"info","message":"GET /api/v1/accounts/1789006843221ike6ce 200 92 - 5.045 ms","timestamp":"2026-09-10T02:20:43.477Z"}
{"details":{"id":"nonexistent1","reason":"Not Found","resource":"Account"},"level":"warn","message":"DOMAIN EXCEPTION: Account not found","statusCode":404,"timestamp":"2026-09-10T02:20:43.484Z"}
{"level":"info","message":"POST /api/v1/transfers 404 103 - 21.532 ms","timestamp":"2026-09-10T02:20:43.485Z"}
{"level":"info","message":"GET /api/v1/accounts/1789006843336zycw4f 200 88 - 3.409 ms","timestamp":"2026-09-10T02:20:43.486Z"}
{"level":"info","message":"GET /api/v1/transfers?page=1&limit=10 200 199 - 4.587 ms","timestamp":"2026-09-10T02:20:43.497Z"}
{"level":"info","message":"PATCH /api/v1/accounts/1789006843221ike6ce 200 110 - 12.721 ms","timestamp":"2026-09-10T02:20:43.515Z"}
{"level":"info","message":"DELETE /api/v1/accounts/1789006843336zycw4f 200 42 - 7.724 ms","timestamp":"2026-09-10T02:20:43.528Z"}
{"accountId":"1789006843503ilb7n6","level":"info","message":"Account created","timestamp":"2026-09-10T02:20:43.533Z"}
{"level":"info","message":"POST /api/v1/accounts 201 86 - 32.376 ms","timestamp":"2026-09-10T02:20:43.535Z"}
{"details":{"id":"1789006843336zycw4f","reason":"Not Found","resource":"Account"},"level":"warn","message":"DOMAIN EXCEPTION: Account not found","statusCode":404,"timestamp":"2026-09-10T02:20:43.540Z"}
{"level":"info","message":"POST /api/v1/transfers 404 110 - 7.779 ms","timestamp":"2026-09-10T02:20:43.541Z"}
{"accountId":"17890068435417x421w","level":"info","message":"Account created","timestamp":"2026-09-10T02:20:43.550Z"}
{"level":"info","message":"POST /api/v1/accounts 201 81 - 9.783 ms","timestamp":"2026-09-10T02:20:43.551Z"}
{"amount":"200","fromAccountId":"1789006843503ilb7n6","level":"info","message":"Transfer completed","timestamp":"2026-09-10T02:20:43.589Z","toAccountId":"17890068435417x421w"}
{"level":"info","message":"POST /api/v1/transfers 201 197 - 29.670 ms","timestamp":"2026-09-10T02:20:43.591Z"}
{"level":"info","message":"GET /api/v1/accounts/1789006843503ilb7n6 200 85 - 4.493 ms","timestamp":"2026-09-10T02:20:43.602Z"}
{"level":"info","message":"GET /api/v1/accounts/17890068435417x421w 200 81 - 4.503 ms","timestamp":"2026-09-10T02:20:43.613Z"}
{"accountId":"1789006843633esa6ti","level":"info","message":"Account created","timestamp":"2026-09-10T02:20:43.642Z"}
{"level":"info","message":"POST /api/v1/accounts 201 85 - 9.208 ms","timestamp":"2026-09-10T02:20:43.643Z"}
{"accountId":"1789006843649gfpkck","level":"info","message":"Account created","timestamp":"2026-09-10T02:20:43.657Z"}
{"level":"info","message":"POST /api/v1/accounts 201 81 - 8.871 ms","timestamp":"2026-09-10T02:20:43.658Z"}
{"details":{"fromBalance":"100","transferAmount":"200"},"level":"warn","message":"DOMAIN EXCEPTION: Insufficient funds","statusCode":400,"timestamp":"2026-09-10T02:20:43.673Z"}
{"level":"info","message":"POST /api/v1/transfers 400 85 - 8.425 ms","timestamp":"2026-09-10T02:20:43.674Z"}
{"level":"info","message":"POST /api/v1/auth/login 200 315 - 169.328 ms","timestamp":"2026-09-10T02:20:43.732Z"}
{"level":"info","message":"POST /api/v1/auth/login 200 420 - 122.787 ms","timestamp":"2026-09-10T02:20:43.970Z"}
{"level":"info","message":"GET /api/v1/auth/me 200 126 - 4.078 ms","timestamp":"2026-09-10T02:20:43.981Z"}
{"details":null,"level":"warn","message":"DOMAIN EXCEPTION: Invalid email or password","statusCode":401,"timestamp":"2026-09-10T02:20:44.304Z"}
{"level":"info","message":"POST /api/v1/auth/login 401 37 - 103.253 ms","timestamp":"2026-09-10T02:20:44.305Z"}
{"details":null,"level":"warn","message":"DOMAIN EXCEPTION: Authentication required","statusCode":401,"timestamp":"2026-09-10T02:20:44.321Z"}
{"level":"info","message":"GET /api/v1/auth/me 401 35 - 0.948 ms","timestamp":"2026-09-10T02:20:44.322Z"}
{"details":null,"level":"warn","message":"DOMAIN EXCEPTION: Authentication required","statusCode":401,"timestamp":"2026-09-10T02:20:44.335Z"}
{"level":"info","message":"GET /api/v1/admin/stats 401 35 - 1.295 ms","timestamp":"2026-09-10T02:20:44.337Z"}
{"level":"info","message":"POST /api/v1/auth/token 200 305 - 0.768 ms","timestamp":"2026-09-10T02:20:44.349Z"}
{"details":{"requiredRoles":["admin"],"userRole":"user"},"level":"warn","message":"DOMAIN EXCEPTION: Forbidden: Insufficient permissions","statusCode":403,"timestamp":"2026-09-10T02:20:44.355Z"}
{"level":"info","message":"GET /api/v1/admin/stats 403 103 - 1.203 ms","timestamp":"2026-09-10T02:20:44.356Z"}
{"accountId":"1789006844368jx6wel","level":"info","message":"Account created","timestamp":"2026-09-10T02:20:44.375Z"}
{"level":"info","message":"POST /api/v1/accounts 201 97 - 9.549 ms","timestamp":"2026-09-10T02:20:44.376Z"}
{"level":"info","message":"POST /api/v1/auth/token 200 315 - 0.602 ms","timestamp":"2026-09-10T02:20:44.382Z"}
{"level":"info","message":"GET /api/v1/admin/stats 200 64 - 9.260 ms","timestamp":"2026-09-10T02:20:44.397Z"}
{"level":"info","message":"Connected to MongoDB","timestamp":"2026-09-10T02:26:13.991Z"}
{"level":"info","message":"Server running on port 8000","timestamp":"2026-09-10T02:26:14.017Z"}
{"level":"info","message":"Connected to MongoDB","timestamp":"2026-09-10T02:26:48.032Z"}
{"level":"info","message":"Server running on port 8000","timestamp":"2026-09-10T02:26:48.056Z"}
{"level":"info","message":"Connected to MongoDB","timestamp":"2026-09-10T02:37:34.317Z"}
{"level":"info","message":"Server running on port 8000","timestamp":"2026-09-10T02:37:34.335Z"}
{"level":"info","message":"Connected to MongoDB","timestamp":"2026-09-10T02:37:50.078Z"}
{"level":"info","message":"Server running on port 8000","timestamp":"2026-09-10T02:37:50.105Z"}
{"level":"info","message":"Connected to MongoDB","timestamp":"2026-09-10T02:42:28.309Z"}
{"level":"info","message":"Server running on port 8000","timestamp":"2026-09-10T02:42:28.328Z"}
{"level":"error","message":"Error connecting to MongoDB: querySrv ECONNREFUSED _mongodb._tcp.cluster0.lun9qde.mongodb.net","timestamp":"2026-09-10T19:02:15.700Z"}
{"level":"error","message":"Error connecting to MongoDB: querySrv ECONNREFUSED _mongodb._tcp.cluster0.lun9qde.mongodb.net","timestamp":"2026-09-10T19:02:17.594Z"}
{"level":"error","message":"Error connecting to MongoDB: querySrv ECONNREFUSED _mongodb._tcp.cluster0.lun9qde.mongodb.net","timestamp":"2026-09-11T10:01:57.794Z"}
{"level":"error","message":"Error connecting to MongoDB: querySrv ECONNREFUSED _mongodb._tcp.cluster0.lun9qde.mongodb.net","timestamp":"2026-09-11T10:01:59.024Z"}
{"level":"info","message":"Connected to MongoDB","timestamp":"2026-09-11T11:51:32.590Z"}
{"level":"info","message":"Server running on port 8000","timestamp":"2026-09-11T11:51:32.599Z"}
{"level":"info","message":"Connected to MongoDB","timestamp":"2026-09-11T16:44:35.125Z"}
{"level":"info","message":"Server running on port 8000","timestamp":"2026-09-11T16:44:35.142Z"}
{"accountId":"acc-bob","level":"info","message":"Account created","timestamp":"2026-09-11T16:48:21.663Z"}
{"amount":"50","fromAccountId":"acc-1","level":"info","message":"Transfer completed","timestamp":"2026-09-11T16:48:21.679Z","toAccountId":"acc-2"}
{"accountId":"178914533213138pd70","level":"info","message":"Account created","timestamp":"2026-09-11T16:48:52.209Z"}
{"level":"info","message":"POST /api/v1/accounts 201 88 - 93.132 ms","timestamp":"2026-09-11T16:48:52.220Z"}
{"accountId":"1789145332258gb5wtu","level":"info","message":"Account created","timestamp":"2026-09-11T16:48:52.271Z"}
{"level":"info","message":"POST /api/v1/accounts 201 93 - 14.813 ms","timestamp":"2026-09-11T16:48:52.272Z"}
{"details":{"email":"duplicate@example.com","resource":"Account"},"level":"warn","message":"DOMAIN EXCEPTION: Account already exists for this email","statusCode":409,"timestamp":"2026-09-11T16:48:52.287Z"}
{"level":"info","message":"POST /api/v1/accounts 409 114 - 7.313 ms","timestamp":"2026-09-11T16:48:52.288Z"}
{"level":"info","message":"GET /api/v1/accounts 200 2 - 10.423 ms","timestamp":"2026-09-11T16:48:52.329Z"}
{"details":null,"level":"warn","message":"DOMAIN EXCEPTION: Authentication required","statusCode":401,"timestamp":"2026-09-11T16:48:52.353Z"}
{"level":"info","message":"GET /api/v1/accounts 401 35 - 1.666 ms","timestamp":"2026-09-11T16:48:52.355Z"}
{"details":null,"level":"warn","message":"DOMAIN EXCEPTION: Authentication required","statusCode":401,"timestamp":"2026-09-11T16:49:17.846Z"}
{"level":"info","message":"POST /api/v1/transfers 401 35 - 15.096 ms","timestamp":"2026-09-11T16:49:17.858Z"}
{"details":null,"level":"warn","message":"DOMAIN EXCEPTION: Insufficient permissions","statusCode":401,"timestamp":"2026-09-11T16:49:17.922Z"}
{"level":"info","message":"POST /api/v1/transfers 401 36 - 4.069 ms","timestamp":"2026-09-11T16:49:17.924Z"}
{"level":"error","message":"EXPRESS ERROR HANDLER: req is not defined","stack":"ReferenceError: req is not defined\n    at newTransfer (file:///C:/Users/PROGRESSIVE/Desktop/express-money-transfer/services/transfer.js:27:78)\n    at process.processTicksAndRejections (node:internal/process/task_queues:104:5)\n    at async file:///C:/Users/PROGRESSIVE/Desktop/express-money-transfer/controllers/transfer.js:21:25","timestamp":"2026-09-11T16:49:17.962Z"}
{"level":"info","message":"POST /api/v1/transfers 500 30 - 15.762 ms","timestamp":"2026-09-11T16:49:17.964Z"}
{"accountId":"1789145357987hevpra","level":"info","message":"Account created","timestamp":"2026-09-11T16:49:18.020Z"}
{"level":"info","message":"POST /api/v1/accounts 201 86 - 35.438 ms","timestamp":"2026-09-11T16:49:18.022Z"}
{"accountId":"1789145358030eeyyqu","level":"info","message":"Account created","timestamp":"2026-09-11T16:49:18.039Z"}
{"level":"info","message":"POST /api/v1/accounts 201 81 - 10.848 ms","timestamp":"2026-09-11T16:49:18.040Z"}
{"level":"error","message":"EXPRESS ERROR HANDLER: req is not defined","stack":"ReferenceError: req is not defined\n    at newTransfer (file:///C:/Users/PROGRESSIVE/Desktop/express-money-transfer/services/transfer.js:27:78)\n    at process.processTicksAndRejections (node:internal/process/task_queues:104:5)\n    at async file:///C:/Users/PROGRESSIVE/Desktop/express-money-transfer/controllers/transfer.js:21:25","timestamp":"2026-09-11T16:49:18.054Z"}
{"level":"info","message":"POST /api/v1/transfers 500 30 - 5.996 ms","timestamp":"2026-09-11T16:49:18.055Z"}
{"accountId":"17891453580783z1wi6","level":"info","message":"Account created","timestamp":"2026-09-11T16:49:18.087Z"}
{"level":"info","message":"POST /api/v1/accounts 201 85 - 10.293 ms","timestamp":"2026-09-11T16:49:18.088Z"}
{"accountId":"1789145358095wdmaqp","level":"info","message":"Account created","timestamp":"2026-09-11T16:49:18.106Z"}
{"level":"info","message":"POST /api/v1/accounts 201 81 - 11.208 ms","timestamp":"2026-09-11T16:49:18.107Z"}
{"level":"error","message":"EXPRESS ERROR HANDLER: req is not defined","stack":"ReferenceError: req is not defined\n    at newTransfer (file:///C:/Users/PROGRESSIVE/Desktop/express-money-transfer/services/transfer.js:27:78)\n    at process.processTicksAndRejections (node:internal/process/task_queues:104:5)\n    at async file:///C:/Users/PROGRESSIVE/Desktop/express-money-transfer/controllers/transfer.js:21:25","timestamp":"2026-09-11T16:49:18.119Z"}
{"level":"info","message":"POST /api/v1/transfers 500 30 - 5.061 ms","timestamp":"2026-09-11T16:49:18.120Z"}
{"details":null,"level":"warn","message":"DOMAIN EXCEPTION: Authentication required","statusCode":401,"timestamp":"2026-09-11T16:50:04.607Z"}
{"level":"info","message":"POST /api/v1/transfers 401 35 - 16.983 ms","timestamp":"2026-09-11T16:50:04.673Z"}
{"details":null,"level":"warn","message":"DOMAIN EXCEPTION: Insufficient permissions","statusCode":401,"timestamp":"2026-09-11T16:50:04.797Z"}
{"level":"info","message":"POST /api/v1/transfers 401 36 - 9.828 ms","timestamp":"2026-09-11T16:50:04.801Z"}
{"details":{"id":"nonexistent1","reason":"Not Found","resource":"Account"},"level":"warn","message":"DOMAIN EXCEPTION: Account not found","statusCode":404,"timestamp":"2026-09-11T16:50:04.851Z"}
{"level":"info","message":"POST /api/v1/transfers 404 103 - 28.230 ms","timestamp":"2026-09-11T16:50:04.853Z"}
{"accountId":"17891454048687ld3w0","level":"info","message":"Account created","timestamp":"2026-09-11T16:50:04.904Z"}
{"level":"info","message":"POST /api/v1/accounts 201 86 - 37.632 ms","timestamp":"2026-09-11T16:50:04.906Z"}
{"accountId":"1789145404914cotjqo","level":"info","message":"Account created","timestamp":"2026-09-11T16:50:04.925Z"}
{"level":"info","message":"POST /api/v1/accounts 201 81 - 12.173 ms","timestamp":"2026-09-11T16:50:04.927Z"}
{"amount":"200","fromAccountId":"17891454048687ld3w0","level":"info","message":"Transfer completed","timestamp":"2026-09-11T16:50:04.967Z","toAccountId":"1789145404914cotjqo"}
{"level":"info","message":"POST /api/v1/transfers 201 197 - 32.328 ms","timestamp":"2026-09-11T16:50:04.969Z"}
{"level":"info","message":"GET /api/v1/accounts/17891454048687ld3w0 200 85 - 4.656 ms","timestamp":"2026-09-11T16:50:04.981Z"}
{"level":"info","message":"GET /api/v1/accounts/1789145404914cotjqo 200 81 - 5.767 ms","timestamp":"2026-09-11T16:50:04.994Z"}
{"accountId":"1789145405024fa1yfk","level":"info","message":"Account created","timestamp":"2026-09-11T16:50:05.034Z"}
{"level":"info","message":"POST /api/v1/accounts 201 85 - 11.675 ms","timestamp":"2026-09-11T16:50:05.036Z"}
{"accountId":"1789145405045xmr7ys","level":"info","message":"Account created","timestamp":"2026-09-11T16:50:05.054Z"}
{"level":"info","message":"POST /api/v1/accounts 201 81 - 9.986 ms","timestamp":"2026-09-11T16:50:05.055Z"}
{"details":{"fromBalance":"100","transferAmount":"200"},"level":"warn","message":"DOMAIN EXCEPTION: Insufficient funds","statusCode":400,"timestamp":"2026-09-11T16:50:05.070Z"}
{"level":"info","message":"POST /api/v1/transfers 400 85 - 8.308 ms","timestamp":"2026-09-11T16:50:05.071Z"}
{"level":"info","message":"Connected to MongoDB","timestamp":"2026-09-11T16:50:13.093Z"}
{"level":"info","message":"Server running on port 8000","timestamp":"2026-09-11T16:50:13.118Z"}
{"accountId":"acc-bob","level":"info","message":"Account created","timestamp":"2026-09-11T16:50:18.975Z"}
{"amount":"50","fromAccountId":"acc-1","level":"info","message":"Transfer completed","timestamp":"2026-09-11T16:50:19.014Z","toAccountId":"acc-2"}
{"accountId":"1789145421952sb6fw8","level":"info","message":"Account created","timestamp":"2026-09-11T16:50:22.170Z"}
{"level":"info","message":"POST /api/v1/accounts 201 88 - 242.017 ms","timestamp":"2026-09-11T16:50:22.189Z"}
{"accountId":"17891454222744ei6uq","level":"info","message":"Account created","timestamp":"2026-09-11T16:50:22.308Z"}
{"level":"info","message":"POST /api/v1/accounts 201 93 - 36.474 ms","timestamp":"2026-09-11T16:50:22.311Z"}
{"details":{"email":"duplicate@example.com","resource":"Account"},"level":"warn","message":"DOMAIN EXCEPTION: Account already exists for this email","statusCode":409,"timestamp":"2026-09-11T16:50:22.333Z"}
{"level":"info","message":"POST /api/v1/accounts 409 114 - 13.069 ms","timestamp":"2026-09-11T16:50:22.335Z"}
{"details":null,"level":"warn","message":"DOMAIN EXCEPTION: Authentication required","statusCode":401,"timestamp":"2026-09-11T16:50:22.327Z"}
{"level":"info","message":"GET /api/v1/accounts 401 35 - 38.178 ms","timestamp":"2026-09-11T16:50:22.369Z"}
{"level":"info","message":"GET /api/v1/accounts 200 2 - 14.170 ms","timestamp":"2026-09-11T16:50:22.387Z"}
{"details":null,"level":"warn","message":"DOMAIN EXCEPTION: Authentication required","statusCode":401,"timestamp":"2026-09-11T16:50:22.414Z"}
{"level":"info","message":"GET /api/v1/accounts 401 35 - 1.903 ms","timestamp":"2026-09-11T16:50:22.416Z"}
{"details":null,"level":"warn","message":"DOMAIN EXCEPTION: Authentication required","statusCode":401,"timestamp":"2026-09-11T16:50:22.443Z"}
{"level":"info","message":"POST /api/v1/transfers 401 35 - 30.030 ms","timestamp":"2026-09-11T16:50:22.467Z"}
{"details":null,"level":"warn","message":"DOMAIN EXCEPTION: Insufficient permissions","statusCode":401,"timestamp":"2026-09-11T16:50:22.546Z"}
{"level":"info","message":"POST /api/v1/transfers 401 36 - 5.813 ms","timestamp":"2026-09-11T16:50:22.548Z"}
{"details":null,"level":"warn","message":"DOMAIN EXCEPTION: Authentication required","statusCode":401,"timestamp":"2026-09-11T16:50:22.589Z"}
{"details":{"id":"nonexistent1","reason":"Not Found","resource":"Account"},"level":"warn","message":"DOMAIN EXCEPTION: Account not found","statusCode":404,"timestamp":"2026-09-11T16:50:22.615Z"}
{"level":"info","message":"POST /api/v1/transfers 404 103 - 39.057 ms","timestamp":"2026-09-11T16:50:22.617Z"}
{"level":"info","message":"GET /api/v1/accounts 401 35 - 21.007 ms","timestamp":"2026-09-11T16:50:22.618Z"}
{"level":"info","message":"POST /api/v1/auth/token 200 303 - 35.348 ms","timestamp":"2026-09-11T16:50:22.636Z"}
{"level":"info","message":"GET /api/v1/accounts 200 2 - 39.852 ms","timestamp":"2026-09-11T16:50:22.691Z"}
{"accountId":"1789145422645vsob7q","level":"info","message":"Account created","timestamp":"2026-09-11T16:50:22.783Z"}
{"level":"info","message":"POST /api/v1/accounts 201 86 - 140.412 ms","timestamp":"2026-09-11T16:50:22.785Z"}
{"accountId":"1789145422799f0zmyx","level":"info","message":"Account created","timestamp":"2026-09-11T16:50:22.813Z"}
{"level":"info","message":"POST /api/v1/accounts 201 81 - 15.462 ms","timestamp":"2026-09-11T16:50:22.815Z"}
{"accountId":"1789145422744evurts","level":"info","message":"Account created","timestamp":"2026-09-11T16:50:22.845Z"}
{"level":"info","message":"POST /api/v1/accounts 201 93 - 108.033 ms","timestamp":"2026-09-11T16:50:22.847Z"}
{"amount":"200","fromAccountId":"1789145422645vsob7q","level":"info","message":"Transfer completed","timestamp":"2026-09-11T16:50:22.884Z","toAccountId":"1789145422799f0zmyx"}
{"accountId":"178914542285812j0q8","level":"info","message":"Account created","timestamp":"2026-09-11T16:50:22.930Z"}
{"level":"info","message":"POST /api/v1/accounts 201 88 - 73.636 ms","timestamp":"2026-09-11T16:50:22.931Z"}
{"level":"info","message":"POST /api/v1/transfers 201 197 - 59.280 ms","timestamp":"2026-09-11T16:50:22.885Z"}
{"level":"info","message":"GET /api/v1/accounts/1789145422645vsob7q 200 85 - 7.147 ms","timestamp":"2026-09-11T16:50:22.901Z"}
{"level":"info","message":"GET /api/v1/accounts/1789145422799f0zmyx 200 81 - 5.750 ms","timestamp":"2026-09-11T16:50:22.952Z"}
{"details":{"email":"alice@example.com","resource":"Account"},"level":"warn","message":"DOMAIN EXCEPTION: Account already exists for this email","statusCode":409,"timestamp":"2026-09-11T16:50:22.949Z"}
{"level":"info","message":"POST /api/v1/accounts 409 110 - 9.471 ms","timestamp":"2026-09-11T16:50:22.950Z"}
{"errors":[{"code":"too_small","exact":false,"inclusive":true,"message":"Amount must be a positive number","minimum":0.1,"path":["amount"],"type":"number"}],"level":"error","message":"Validation error:","timestamp":"2026-09-11T16:50:22.965Z"}
{"level":"info","message":"POST /api/v1/transfers 400 156 - 5.318 ms","timestamp":"2026-09-11T16:50:22.969Z"}
{"details":{"fromBalance":"1000","transferAmount":"5000"},"level":"warn","message":"DOMAIN EXCEPTION: Insufficient funds","statusCode":400,"timestamp":"2026-09-11T16:50:23.004Z"}
{"level":"info","message":"POST /api/v1/transfers 400 87 - 19.341 ms","timestamp":"2026-09-11T16:50:23.005Z"}
{"accountId":"1789145423003pelfxr","level":"info","message":"Account created","timestamp":"2026-09-11T16:50:23.015Z"}
{"level":"info","message":"POST /api/v1/accounts 201 85 - 13.180 ms","timestamp":"2026-09-11T16:50:23.017Z"}
{"accountId":"1789145423026647yam","level":"info","message":"Account created","timestamp":"2026-09-11T16:50:23.040Z"}
{"level":"info","message":"POST /api/v1/accounts 201 81 - 15.788 ms","timestamp":"2026-09-11T16:50:23.042Z"}
{"amount":"350","fromAccountId":"1789145422744evurts","level":"info","message":"Transfer completed","timestamp":"2026-09-11T16:50:23.060Z","toAccountId":"178914542285812j0q8"}
{"details":{"fromBalance":"100","transferAmount":"200"},"level":"warn","message":"DOMAIN EXCEPTION: Insufficient funds","statusCode":400,"timestamp":"2026-09-11T16:50:23.065Z"}
{"level":"info","message":"POST /api/v1/transfers 201 197 - 45.293 ms","timestamp":"2026-09-11T16:50:23.062Z"}
{"level":"info","message":"POST /api/v1/transfers 400 85 - 13.366 ms","timestamp":"2026-09-11T16:50:23.067Z"}
{"level":"info","message":"GET /api/v1/transfers/6aa4314f4cba97ef5e633d74 200 197 - 6.990 ms","timestamp":"2026-09-11T16:50:23.079Z"}
{"level":"info","message":"GET /api/v1/accounts/1789145422744evurts 200 92 - 7.566 ms","timestamp":"2026-09-11T16:50:23.100Z"}
{"level":"info","message":"GET /api/v1/accounts/178914542285812j0q8 200 88 - 6.683 ms","timestamp":"2026-09-11T16:50:23.115Z"}
{"level":"info","message":"GET /api/v1/transfers?page=1&limit=10 200 199 - 6.549 ms","timestamp":"2026-09-11T16:50:23.130Z"}
{"level":"info","message":"PATCH /api/v1/accounts/1789145422744evurts 200 110 - 22.112 ms","timestamp":"2026-09-11T16:50:23.160Z"}
{"level":"info","message":"DELETE /api/v1/accounts/178914542285812j0q8 200 42 - 10.342 ms","timestamp":"2026-09-11T16:50:23.180Z"}
{"details":{"id":"178914542285812j0q8","reason":"Not Found","resource":"Account"},"level":"warn","message":"DOMAIN EXCEPTION: Account not found","statusCode":404,"timestamp":"2026-09-11T16:50:23.204Z"}
{"level":"info","message":"POST /api/v1/transfers 404 110 - 16.492 ms","timestamp":"2026-09-11T16:50:23.205Z"}
{"level":"info","message":"POST /api/v1/auth/signup 201 558 - 333.581 ms","timestamp":"2026-09-11T16:50:23.444Z"}
{"level":"info","message":"GET /api/v1/auth/me 200 138 - 14.288 ms","timestamp":"2026-09-11T16:50:23.470Z"}
{"level":"info","message":"POST /api/v1/auth/signup 201 558 - 359.592 ms","timestamp":"2026-09-11T16:50:23.863Z"}
{"details":{"email":"duplicate@test.com"},"level":"warn","message":"DOMAIN EXCEPTION: User with this email already exists","statusCode":409,"timestamp":"2026-09-11T16:50:23.877Z"}
{"level":"info","message":"POST /api/v1/auth/signup 409 88 - 5.448 ms","timestamp":"2026-09-11T16:50:23.879Z"}
{"level":"info","message":"POST /api/v1/auth/login 200 315 - 123.101 ms","timestamp":"2026-09-11T16:50:24.186Z"}
{"level":"info","message":"POST /api/v1/auth/login 200 420 - 124.435 ms","timestamp":"2026-09-11T16:50:24.450Z"}
{"level":"info","message":"GET /api/v1/auth/me 200 126 - 6.262 ms","timestamp":"2026-09-11T16:50:24.468Z"}
{"details":null,"level":"warn","message":"DOMAIN EXCEPTION: Invalid email or password","statusCode":401,"timestamp":"2026-09-11T16:50:24.757Z"}
{"level":"info","message":"POST /api/v1/auth/login 401 37 - 126.674 ms","timestamp":"2026-09-11T16:50:24.758Z"}
{"details":null,"level":"warn","message":"DOMAIN EXCEPTION: Authentication required","statusCode":401,"timestamp":"2026-09-11T16:50:24.780Z"}
{"level":"info","message":"GET /api/v1/auth/me 401 35 - 1.190 ms","timestamp":"2026-09-11T16:50:24.782Z"}
{"details":null,"level":"warn","message":"DOMAIN EXCEPTION: Authentication required","statusCode":401,"timestamp":"2026-09-11T16:50:24.801Z"}
{"level":"info","message":"GET /api/v1/admin/stats 401 35 - 1.762 ms","timestamp":"2026-09-11T16:50:24.803Z"}
{"level":"info","message":"POST /api/v1/auth/token 200 305 - 0.874 ms","timestamp":"2026-09-11T16:50:24.821Z"}
{"details":{"requiredRoles":["admin"],"userRole":"user"},"level":"warn","message":"DOMAIN EXCEPTION: Forbidden: Insufficient permissions","statusCode":403,"timestamp":"2026-09-11T16:50:24.828Z"}
{"level":"info","message":"GET /api/v1/admin/stats 403 103 - 2.325 ms","timestamp":"2026-09-11T16:50:24.830Z"}
{"accountId":"1789145424848emov34","level":"info","message":"Account created","timestamp":"2026-09-11T16:50:24.858Z"}
{"level":"info","message":"POST /api/v1/accounts 201 97 - 13.272 ms","timestamp":"2026-09-11T16:50:24.859Z"}
{"level":"info","message":"POST /api/v1/auth/token 200 315 - 1.106 ms","timestamp":"2026-09-11T16:50:24.868Z"}
{"level":"info","message":"GET /api/v1/admin/stats 200 64 - 14.282 ms","timestamp":"2026-09-11T16:50:24.890Z"}
{"accountId":"acc-bob","level":"info","message":"Account created","timestamp":"2026-09-14T18:30:12.355Z"}
{"amount":"50","fromAccountId":"acc-1","initiatedBy":"usr-1","level":"info","message":"Transfer completed","timestamp":"2026-09-14T18:30:12.374Z","toAccountId":"acc-2","transferId":"tr-1"}
{"details":null,"level":"warn","message":"DOMAIN EXCEPTION: Authentication required","statusCode":401,"timestamp":"2026-09-14T18:30:39.952Z"}
{"level":"info","message":"GET /api/v1/accounts 401 35 - 23.846 ms","timestamp":"2026-09-14T18:30:39.975Z"}
{"level":"info","message":"GET /api/v1/accounts 200 2 - 56.781 ms","timestamp":"2026-09-14T18:30:40.060Z"}
{"details":null,"level":"warn","message":"DOMAIN EXCEPTION: Authentication required","statusCode":401,"timestamp":"2026-09-14T18:30:40.456Z"}
{"level":"info","message":"POST /api/v1/transfers 401 35 - 31.718 ms","timestamp":"2026-09-14T18:30:40.483Z"}
{"accountId":"17894106404525lebku","level":"info","message":"Account created","timestamp":"2026-09-14T18:30:40.563Z"}
{"level":"info","message":"POST /api/v1/accounts 201 88 - 132.820 ms","timestamp":"2026-09-14T18:30:40.581Z"}
{"details":null,"level":"warn","message":"DOMAIN EXCEPTION: Insufficient permissions","statusCode":401,"timestamp":"2026-09-14T18:30:40.601Z"}
{"level":"info","message":"POST /api/v1/transfers 401 36 - 4.761 ms","timestamp":"2026-09-14T18:30:40.603Z"}
{"accountId":"1789410640621m7ffzl","level":"info","message":"Account created","timestamp":"2026-09-14T18:30:40.637Z"}
{"level":"info","message":"POST /api/v1/accounts 201 93 - 18.692 ms","timestamp":"2026-09-14T18:30:40.639Z"}
{"details":null,"level":"warn","message":"DOMAIN EXCEPTION: Authenticated user not found","statusCode":401,"timestamp":"2026-09-14T18:30:40.646Z"}
{"level":"info","message":"POST /api/v1/transfers 401 40 - 19.694 ms","timestamp":"2026-09-14T18:30:40.648Z"}
{"details":{"email":"duplicate@example.com","resource":"Account"},"level":"warn","message":"DOMAIN EXCEPTION: Account already exists for this email","statusCode":409,"timestamp":"2026-09-14T18:30:40.659Z"}
{"level":"info","message":"POST /api/v1/accounts 409 114 - 11.071 ms","timestamp":"2026-09-14T18:30:40.661Z"}
{"level":"info","message":"GET /api/v1/accounts 200 2 - 8.239 ms","timestamp":"2026-09-14T18:30:40.702Z"}
{"details":null,"level":"warn","message":"DOMAIN EXCEPTION: Authentication required","statusCode":401,"timestamp":"2026-09-14T18:30:40.722Z"}
{"level":"info","message":"GET /api/v1/accounts 401 35 - 1.498 ms","timestamp":"2026-09-14T18:30:40.724Z"}
{"level":"info","message":"POST /api/v1/auth/signup 201 545 - 285.496 ms","timestamp":"2026-09-14T18:30:40.726Z"}
{"accountId":"17894106407400lk1op","level":"info","message":"Account created","timestamp":"2026-09-14T18:30:40.754Z"}
{"level":"info","message":"POST /api/v1/accounts 201 88 - 19.437 ms","timestamp":"2026-09-14T18:30:40.756Z"}
{"details":{"email":"alice@example.com","resource":"Account"},"level":"warn","message":"DOMAIN EXCEPTION: Account already exists for this email","statusCode":409,"timestamp":"2026-09-14T18:30:40.769Z"}
{"level":"info","message":"POST /api/v1/accounts 409 110 - 6.181 ms","timestamp":"2026-09-14T18:30:40.771Z"}
{"errors":[{"code":"too_small","exact":false,"inclusive":true,"message":"Amount must be a positive number","minimum":0.1,"path":["amount"],"type":"number"}],"level":"error","message":"Validation error:","timestamp":"2026-09-14T18:30:40.782Z"}
{"level":"info","message":"POST /api/v1/transfers 400 156 - 2.763 ms","timestamp":"2026-09-14T18:30:40.784Z"}
{"details":{"fromBalance":"1000","transferAmount":"5000"},"level":"warn","message":"DOMAIN EXCEPTION: Insufficient funds","statusCode":400,"timestamp":"2026-09-14T18:30:40.815Z"}
{"level":"info","message":"POST /api/v1/transfers 400 87 - 23.509 ms","timestamp":"2026-09-14T18:30:40.816Z"}
{"level":"info","message":"POST /api/v1/auth/signup 201 521 - 194.915 ms","timestamp":"2026-09-14T18:30:40.869Z"}
{"amount":"350","fromAccountId":"1789410640456eiiqa1","initiatedBy":"1789410640456eiiqa1","level":"info","message":"Transfer completed","timestamp":"2026-09-14T18:30:40.872Z","toAccountId":"17894106407400lk1op","transferId":"6aa83d5036ce6bfae682b751"}
{"level":"info","message":"POST /api/v1/transfers 201 197 - 48.776 ms","timestamp":"2026-09-14T18:30:40.873Z"}
{"level":"info","message":"GET /api/v1/transfers/6aa83d5036ce6bfae682b751 200 197 - 7.362 ms","timestamp":"2026-09-14T18:30:40.888Z"}
{"level":"info","message":"GET /api/v1/accounts/1789410640456eiiqa1 200 92 - 4.688 ms","timestamp":"2026-09-14T18:30:40.901Z"}
{"level":"info","message":"GET /api/v1/accounts/17894106407400lk1op 200 88 - 5.018 ms","timestamp":"2026-09-14T18:30:40.913Z"}
{"level":"info","message":"GET /api/v1/transfers?page=1&limit=10 200 199 - 6.772 ms","timestamp":"2026-09-14T18:30:40.928Z"}
{"level":"info","message":"PATCH /api/v1/accounts/1789410640456eiiqa1 200 110 - 25.210 ms","timestamp":"2026-09-14T18:30:40.963Z"}
{"level":"info","message":"DELETE /api/v1/accounts/17894106407400lk1op 200 42 - 16.213 ms","timestamp":"2026-09-14T18:30:40.986Z"}
{"details":{"id":"17894106407400lk1op","reason":"Not Found","resource":"Account"},"level":"warn","message":"DOMAIN EXCEPTION: Account not found","statusCode":404,"timestamp":"2026-09-14T18:30:41.011Z"}
{"level":"info","message":"POST /api/v1/transfers 404 110 - 17.603 ms","timestamp":"2026-09-14T18:30:41.012Z"}
{"level":"info","message":"POST /api/v1/auth/signup 201 507 - 215.123 ms","timestamp":"2026-09-14T18:30:41.093Z"}
{"details":{"id":"1789410640683z9rhwb","resource":"Account"},"level":"warn","message":"DOMAIN EXCEPTION: Cannot initiate transfer from an account you do not own","statusCode":403,"timestamp":"2026-09-14T18:30:41.111Z"}
{"level":"info","message":"POST /api/v1/transfers 403 127 - 9.945 ms","timestamp":"2026-09-14T18:30:41.113Z"}
{"level":"info","message":"GET /api/v1/accounts/1789410640683z9rhwb 200 86 - 7.752 ms","timestamp":"2026-09-14T18:30:41.130Z"}
{"level":"info","message":"POST /api/v1/auth/signup 201 521 - 233.650 ms","timestamp":"2026-09-14T18:30:41.394Z"}
{"accountId":"1789410641403gkqgeo","level":"info","message":"Account created","timestamp":"2026-09-14T18:30:41.423Z"}
{"level":"info","message":"POST /api/v1/accounts 201 81 - 21.064 ms","timestamp":"2026-09-14T18:30:41.425Z"}
{"details":{"id":"not-alice-account","resource":"Account"},"level":"warn","message":"DOMAIN EXCEPTION: Cannot initiate transfer from an account you do not own","statusCode":403,"timestamp":"2026-09-14T18:30:41.441Z"}
{"level":"info","message":"POST /api/v1/transfers 403 125 - 7.132 ms","timestamp":"2026-09-14T18:30:41.442Z"}
{"level":"info","message":"POST /api/v1/auth/signup 201 521 - 205.387 ms","timestamp":"2026-09-14T18:30:41.684Z"}
{"errors":[{"code":"custom","message":"Cannot transfer to the same account","path":["toAccountId"]}],"level":"error","message":"Validation error:","timestamp":"2026-09-14T18:30:41.692Z"}
{"level":"info","message":"POST /api/v1/transfers 400 100 - 1.993 ms","timestamp":"2026-09-14T18:30:41.694Z"}
{"level":"info","message":"POST /api/v1/auth/signup 201 521 - 143.084 ms","timestamp":"2026-09-14T18:30:41.862Z"}
{"details":{"id":"nonexistent-destination","reason":"Not Found","resource":"Account"},"level":"warn","message":"DOMAIN EXCEPTION: Account not found","statusCode":404,"timestamp":"2026-09-14T18:30:41.884Z"}
{"level":"info","message":"POST /api/v1/transfers 404 114 - 16.451 ms","timestamp":"2026-09-14T18:30:41.885Z"}
{"level":"info","message":"POST /api/v1/auth/signup 201 521 - 138.942 ms","timestamp":"2026-09-14T18:30:42.047Z"}
{"accountId":"17894106420556y86fg","level":"info","message":"Account created","timestamp":"2026-09-14T18:30:42.063Z"}
{"level":"info","message":"POST /api/v1/accounts 201 81 - 9.506 ms","timestamp":"2026-09-14T18:30:42.064Z"}
{"amount":"200","fromAccountId":"1789410641911aymgvq","initiatedBy":"1789410641911aymgvq","level":"info","message":"Transfer completed","timestamp":"2026-09-14T18:30:42.100Z","toAccountId":"17894106420556y86fg","transferId":"6aa83d52dfdb3d96fd65e94c"}
{"level":"info","message":"POST /api/v1/transfers 201 197 - 31.698 ms","timestamp":"2026-09-14T18:30:42.101Z"}
{"level":"info","message":"GET /api/v1/accounts/1789410641911aymgvq 200 85 - 3.438 ms","timestamp":"2026-09-14T18:30:42.111Z"}
{"level":"info","message":"GET /api/v1/accounts/17894106420556y86fg 200 81 - 10.526 ms","timestamp":"2026-09-14T18:30:42.127Z"}
{"level":"info","message":"POST /api/v1/auth/signup 201 520 - 141.016 ms","timestamp":"2026-09-14T18:30:42.290Z"}
{"accountId":"1789410642295r944uk","level":"info","message":"Account created","timestamp":"2026-09-14T18:30:42.302Z"}
{"level":"info","message":"POST /api/v1/accounts 201 81 - 7.540 ms","timestamp":"2026-09-14T18:30:42.303Z"}
{"details":{"fromBalance":"100","transferAmount":"200"},"level":"warn","message":"DOMAIN EXCEPTION: Insufficient funds","statusCode":400,"timestamp":"2026-09-14T18:30:42.318Z"}
{"level":"info","message":"POST /api/v1/transfers 400 85 - 9.485 ms","timestamp":"2026-09-14T18:30:42.319Z"}
{"accountId":"acc-bob","level":"info","message":"Account created","timestamp":"2026-09-14T18:30:58.712Z"}
{"amount":"50","fromAccountId":"acc-1","initiatedBy":"usr-1","level":"info","message":"Transfer completed","timestamp":"2026-09-14T18:30:58.739Z","toAccountId":"acc-2","transferId":"tr-1"}
{"details":null,"level":"warn","message":"DOMAIN EXCEPTION: Authentication required","statusCode":401,"timestamp":"2026-09-14T18:31:01.968Z"}
{"level":"info","message":"GET /api/v1/accounts 401 35 - 36.851 ms","timestamp":"2026-09-14T18:31:02.019Z"}
{"details":null,"level":"warn","message":"DOMAIN EXCEPTION: Authentication required","statusCode":401,"timestamp":"2026-09-14T18:31:02.085Z"}
{"details":null,"level":"warn","message":"DOMAIN EXCEPTION: Authentication required","statusCode":401,"timestamp":"2026-09-14T18:31:02.075Z"}
{"level":"info","message":"POST /api/v1/transfers 401 35 - 71.985 ms","timestamp":"2026-09-14T18:31:02.148Z"}
{"level":"info","message":"GET /api/v1/accounts 401 35 - 108.853 ms","timestamp":"2026-09-14T18:31:02.135Z"}
{"details":null,"level":"warn","message":"DOMAIN EXCEPTION: Insufficient permissions","statusCode":401,"timestamp":"2026-09-14T18:31:02.222Z"}
{"level":"info","message":"POST /api/v1/transfers 401 36 - 6.405 ms","timestamp":"2026-09-14T18:31:02.224Z"}
{"level":"info","message":"POST /api/v1/auth/token 200 303 - 9.681 ms","timestamp":"2026-09-14T18:31:02.322Z"}
{"level":"info","message":"GET /api/v1/accounts 200 2 - 131.330 ms","timestamp":"2026-09-14T18:31:02.324Z"}
{"details":null,"level":"warn","message":"DOMAIN EXCEPTION: Authenticated user not found","statusCode":401,"timestamp":"2026-09-14T18:31:02.376Z"}
{"level":"info","message":"POST /api/v1/transfers 401 40 - 20.556 ms","timestamp":"2026-09-14T18:31:02.378Z"}
{"accountId":"1789410662144zqmwro","level":"info","message":"Account created","timestamp":"2026-09-14T18:31:02.339Z"}
{"level":"info","message":"POST /api/v1/accounts 201 88 - 254.966 ms","timestamp":"2026-09-14T18:31:02.392Z"}
{"accountId":"1789410662444e5pbds","level":"info","message":"Account created","timestamp":"2026-09-14T18:31:02.459Z"}
{"level":"info","message":"POST /api/v1/accounts 201 93 - 17.633 ms","timestamp":"2026-09-14T18:31:02.461Z"}
{"details":{"email":"duplicate@example.com","resource":"Account"},"level":"warn","message":"DOMAIN EXCEPTION: Account already exists for this email","statusCode":409,"timestamp":"2026-09-14T18:31:02.481Z"}
{"level":"info","message":"POST /api/v1/accounts 409 114 - 10.207 ms","timestamp":"2026-09-14T18:31:02.483Z"}
{"level":"info","message":"GET /api/v1/accounts 200 2 - 10.615 ms","timestamp":"2026-09-14T18:31:02.524Z"}
{"details":null,"level":"warn","message":"DOMAIN EXCEPTION: Authentication required","statusCode":401,"timestamp":"2026-09-14T18:31:02.546Z"}
{"level":"info","message":"GET /api/v1/accounts 401 35 - 1.621 ms","timestamp":"2026-09-14T18:31:02.548Z"}
{"level":"info","message":"POST /api/v1/auth/signup 201 558 - 228.593 ms","timestamp":"2026-09-14T18:31:02.599Z"}
{"level":"info","message":"POST /api/v1/auth/signup 201 521 - 213.069 ms","timestamp":"2026-09-14T18:31:02.615Z"}
{"level":"info","message":"POST /api/v1/auth/signup 201 545 - 206.885 ms","timestamp":"2026-09-14T18:31:02.616Z"}
{"level":"info","message":"GET /api/v1/auth/me 200 138 - 12.068 ms","timestamp":"2026-09-14T18:31:02.620Z"}
{"accountId":"1789410662630rf7sjj","level":"info","message":"Account created","timestamp":"2026-09-14T18:31:02.644Z"}
{"level":"info","message":"POST /api/v1/accounts 201 88 - 19.486 ms","timestamp":"2026-09-14T18:31:02.646Z"}
{"details":{"email":"alice@example.com","resource":"Account"},"level":"warn","message":"DOMAIN EXCEPTION: Account already exists for this email","statusCode":409,"timestamp":"2026-09-14T18:31:02.664Z"}
{"level":"info","message":"POST /api/v1/accounts 409 110 - 9.345 ms","timestamp":"2026-09-14T18:31:02.666Z"}
{"errors":[{"code":"too_small","exact":false,"inclusive":true,"message":"Amount must be a positive number","minimum":0.1,"path":["amount"],"type":"number"}],"level":"error","message":"Validation error:","timestamp":"2026-09-14T18:31:02.677Z"}
{"level":"info","message":"POST /api/v1/transfers 400 156 - 3.534 ms","timestamp":"2026-09-14T18:31:02.678Z"}
{"details":{"fromBalance":"1000","transferAmount":"5000"},"level":"warn","message":"DOMAIN EXCEPTION: Insufficient funds","statusCode":400,"timestamp":"2026-09-14T18:31:02.707Z"}
{"level":"info","message":"POST /api/v1/transfers 400 87 - 20.954 ms","timestamp":"2026-09-14T18:31:02.708Z"}
{"amount":"350","fromAccountId":"1789410662417ey1fw1","initiatedBy":"1789410662417ey1fw1","level":"info","message":"Transfer completed","timestamp":"2026-09-14T18:31:02.757Z","toAccountId":"1789410662630rf7sjj","transferId":"6aa83d663b9fa5518629ff15"}
{"level":"info","message":"POST /api/v1/transfers 201 197 - 40.643 ms","timestamp":"2026-09-14T18:31:02.758Z"}
{"level":"info","message":"GET /api/v1/transfers/6aa83d663b9fa5518629ff15 200 197 - 5.956 ms","timestamp":"2026-09-14T18:31:02.775Z"}
{"level":"info","message":"GET /api/v1/accounts/1789410662417ey1fw1 200 92 - 8.251 ms","timestamp":"2026-09-14T18:31:02.793Z"}
{"level":"info","message":"GET /api/v1/accounts/1789410662630rf7sjj 200 88 - 4.971 ms","timestamp":"2026-09-14T18:31:02.806Z"}
{"level":"info","message":"GET /api/v1/transfers?page=1&limit=10 200 199 - 6.311 ms","timestamp":"2026-09-14T18:31:02.821Z"}
{"level":"info","message":"POST /api/v1/auth/signup 201 507 - 219.625 ms","timestamp":"2026-09-14T18:31:02.844Z"}
{"level":"info","message":"PATCH /api/v1/accounts/1789410662417ey1fw1 200 110 - 20.528 ms","timestamp":"2026-09-14T18:31:02.849Z"}
{"level":"info","message":"POST /api/v1/auth/signup 201 558 - 215.113 ms","timestamp":"2026-09-14T18:31:02.862Z"}
{"details":{"id":"1789410662406qh9wcc","resource":"Account"},"level":"warn","message":"DOMAIN EXCEPTION: Cannot initiate transfer from an account you do not own","statusCode":403,"timestamp":"2026-09-14T18:31:02.865Z"}
{"level":"info","message":"DELETE /api/v1/accounts/1789410662630rf7sjj 200 42 - 12.383 ms","timestamp":"2026-09-14T18:31:02.872Z"}
{"level":"info","message":"POST /api/v1/transfers 403 127 - 10.343 ms","timestamp":"2026-09-14T18:31:02.866Z"}
{"details":{"email":"duplicate@test.com"},"level":"warn","message":"DOMAIN EXCEPTION: User with this email already exists","statusCode":409,"timestamp":"2026-09-14T18:31:02.876Z"}
{"level":"info","message":"POST /api/v1/auth/signup 409 88 - 5.862 ms","timestamp":"2026-09-14T18:31:02.878Z"}
{"level":"info","message":"GET /api/v1/accounts/1789410662406qh9wcc 200 86 - 17.437 ms","timestamp":"2026-09-14T18:31:02.893Z"}
{"details":{"id":"1789410662630rf7sjj","reason":"Not Found","resource":"Account"},"level":"warn","message":"DOMAIN EXCEPTION: Account not found","statusCode":404,"timestamp":"2026-09-14T18:31:02.904Z"}
{"level":"info","message":"POST /api/v1/transfers 404 110 - 25.306 ms","timestamp":"2026-09-14T18:31:02.906Z"}
{"level":"info","message":"POST /api/v1/auth/signup 201 521 - 283.747 ms","timestamp":"2026-09-14T18:31:03.296Z"}
{"accountId":"1789410663306p98rb9","level":"info","message":"Account created","timestamp":"2026-09-14T18:31:03.318Z"}
{"level":"info","message":"POST /api/v1/accounts 201 81 - 13.849 ms","timestamp":"2026-09-14T18:31:03.319Z"}
{"details":{"id":"not-alice-account","resource":"Account"},"level":"warn","message":"DOMAIN EXCEPTION: Cannot initiate transfer from an account you do not own","statusCode":403,"timestamp":"2026-09-14T18:31:03.335Z"}
{"level":"info","message":"POST /api/v1/transfers 403 125 - 6.629 ms","timestamp":"2026-09-14T18:31:03.337Z"}
{"level":"info","message":"POST /api/v1/auth/login 200 315 - 155.882 ms","timestamp":"2026-09-14T18:31:03.343Z"}
{"level":"info","message":"POST /api/v1/auth/signup 201 521 - 202.418 ms","timestamp":"2026-09-14T18:31:03.564Z"}
{"errors":[{"code":"custom","message":"Cannot transfer to the same account","path":["toAccountId"]}],"level":"error","message":"Validation error:","timestamp":"2026-09-14T18:31:03.572Z"}
{"level":"info","message":"POST /api/v1/transfers 400 100 - 2.066 ms","timestamp":"2026-09-14T18:31:03.573Z"}
{"level":"info","message":"POST /api/v1/auth/login 200 420 - 140.084 ms","timestamp":"2026-09-14T18:31:03.751Z"}
{"level":"info","message":"POST /api/v1/auth/signup 201 521 - 159.116 ms","timestamp":"2026-09-14T18:31:03.755Z"}
{"level":"info","message":"GET /api/v1/auth/me 200 126 - 6.459 ms","timestamp":"2026-09-14T18:31:03.767Z"}
{"details":{"id":"nonexistent-destination","reason":"Not Found","resource":"Account"},"level":"warn","message":"DOMAIN EXCEPTION: Account not found","statusCode":404,"timestamp":"2026-09-14T18:31:03.778Z"}
{"level":"info","message":"POST /api/v1/transfers 404 114 - 16.163 ms","timestamp":"2026-09-14T18:31:03.779Z"}
{"level":"info","message":"POST /api/v1/auth/signup 201 521 - 135.049 ms","timestamp":"2026-09-14T18:31:03.937Z"}
{"accountId":"17894106639455h2ujt","level":"info","message":"Account created","timestamp":"2026-09-14T18:31:03.956Z"}
{"level":"info","message":"POST /api/v1/accounts 201 81 - 11.729 ms","timestamp":"2026-09-14T18:31:03.957Z"}
{"amount":"200","fromAccountId":"1789410663804b0c6b8","initiatedBy":"1789410663804b0c6b8","level":"info","message":"Transfer completed","timestamp":"2026-09-14T18:31:03.995Z","toAccountId":"17894106639455h2ujt","transferId":"6aa83d67bd03897d59e959a3"}
{"level":"info","message":"POST /api/v1/transfers 201 197 - 32.453 ms","timestamp":"2026-09-14T18:31:03.996Z"}
{"level":"info","message":"GET /api/v1/accounts/1789410663804b0c6b8 200 85 - 4.522 ms","timestamp":"2026-09-14T18:31:04.007Z"}
{"level":"info","message":"GET /api/v1/accounts/17894106639455h2ujt 200 81 - 4.613 ms","timestamp":"2026-09-14T18:31:04.019Z"}
{"details":null,"level":"warn","message":"DOMAIN EXCEPTION: Invalid email or password","statusCode":401,"timestamp":"2026-09-14T18:31:04.043Z"}
{"level":"info","message":"POST /api/v1/auth/login 401 37 - 128.700 ms","timestamp":"2026-09-14T18:31:04.045Z"}
{"details":null,"level":"warn","message":"DOMAIN EXCEPTION: Authentication required","statusCode":401,"timestamp":"2026-09-14T18:31:04.066Z"}
{"level":"info","message":"GET /api/v1/auth/me 401 35 - 1.210 ms","timestamp":"2026-09-14T18:31:04.067Z"}
{"details":null,"level":"warn","message":"DOMAIN EXCEPTION: Authentication required","statusCode":401,"timestamp":"2026-09-14T18:31:04.086Z"}
{"level":"info","message":"GET /api/v1/admin/stats 401 35 - 1.586 ms","timestamp":"2026-09-14T18:31:04.087Z"}
{"level":"info","message":"POST /api/v1/auth/token 200 305 - 0.782 ms","timestamp":"2026-09-14T18:31:04.106Z"}
{"details":{"requiredRoles":["admin"],"userRole":"user"},"level":"warn","message":"DOMAIN EXCEPTION: Forbidden: Insufficient permissions","statusCode":403,"timestamp":"2026-09-14T18:31:04.114Z"}
{"level":"info","message":"GET /api/v1/admin/stats 403 103 - 2.056 ms","timestamp":"2026-09-14T18:31:04.115Z"}
{"accountId":"1789410664134ry8lz1","level":"info","message":"Account created","timestamp":"2026-09-14T18:31:04.149Z"}
{"level":"info","message":"POST /api/v1/accounts 201 97 - 18.048 ms","timestamp":"2026-09-14T18:31:04.150Z"}
{"level":"info","message":"POST /api/v1/auth/token 200 315 - 0.977 ms","timestamp":"2026-09-14T18:31:04.157Z"}
{"level":"info","message":"GET /api/v1/admin/stats 200 64 - 15.179 ms","timestamp":"2026-09-14T18:31:04.180Z"}
{"level":"info","message":"POST /api/v1/auth/signup 201 520 - 141.759 ms","timestamp":"2026-09-14T18:31:04.200Z"}
{"accountId":"1789410664207w8q2xa","level":"info","message":"Account created","timestamp":"2026-09-14T18:31:04.217Z"}
{"level":"info","message":"POST /api/v1/accounts 201 81 - 10.234 ms","timestamp":"2026-09-14T18:31:04.218Z"}
{"details":{"fromBalance":"100","transferAmount":"200"},"level":"warn","message":"DOMAIN EXCEPTION: Insufficient funds","statusCode":400,"timestamp":"2026-09-14T18:31:04.236Z"}
{"level":"info","message":"POST /api/v1/transfers 400 85 - 12.300 ms","timestamp":"2026-09-14T18:31:04.237Z"}
{"accountId":"acc-bob","level":"info","message":"Account created","timestamp":"2026-09-14T18:32:33.626Z"}
{"amount":"50","fromAccountId":"acc-1","initiatedBy":"usr-1","level":"info","message":"Transfer completed","timestamp":"2026-09-14T18:32:33.647Z","toAccountId":"acc-2","transferId":"tr-1"}
{"accountId":"acc-bob","level":"info","message":"Account created","timestamp":"2026-09-14T19:24:28.094Z"}
{"amount":"50","fromAccountId":"acc-1","initiatedBy":"usr-1","level":"info","message":"Transfer completed","timestamp":"2026-09-14T19:24:28.118Z","toAccountId":"acc-2","transferId":"tr-1"}
{"details":null,"level":"warn","message":"DOMAIN EXCEPTION: Authentication required","statusCode":401,"timestamp":"2026-09-14T19:24:30.688Z"}
{"details":null,"level":"warn","message":"DOMAIN EXCEPTION: Authentication required","statusCode":401,"timestamp":"2026-09-14T19:24:30.696Z"}
{"level":"info","message":"GET /api/v1/accounts 401 35 - 26.312 ms","timestamp":"2026-09-14T19:24:30.716Z"}
{"level":"info","message":"GET /api/v1/accounts 401 35 - 79.181 ms","timestamp":"2026-09-14T19:24:30.715Z"}
{"level":"info","message":"GET /api/v1/accounts 200 2 - 39.199 ms","timestamp":"2026-09-14T19:24:30.851Z"}
{"level":"info","message":"POST /api/v1/auth/token 200 303 - 8.470 ms","timestamp":"2026-09-14T19:24:30.912Z"}
{"details":null,"level":"warn","message":"DOMAIN EXCEPTION: Authentication required","statusCode":401,"timestamp":"2026-09-14T19:24:31.102Z"}
{"level":"info","message":"POST /api/v1/transfers 401 35 - 27.747 ms","timestamp":"2026-09-14T19:24:31.127Z"}
{"level":"info","message":"POST /api/v1/auth/signup 201 558 - 267.280 ms","timestamp":"2026-09-14T19:24:31.204Z"}
{"level":"info","message":"GET /api/v1/auth/me 200 138 - 12.198 ms","timestamp":"2026-09-14T19:24:31.226Z"}
{"details":null,"level":"warn","message":"DOMAIN EXCEPTION: Insufficient permissions","statusCode":401,"timestamp":"2026-09-14T19:24:31.229Z"}
{"level":"info","message":"POST /api/v1/transfers 401 36 - 6.022 ms","timestamp":"2026-09-14T19:24:31.231Z"}
{"level":"info","message":"POST /api/v1/auth/signup 201 545 - 323.880 ms","timestamp":"2026-09-14T19:24:31.239Z"}
{"accountId":"17894138712551wk8dt","level":"info","message":"Account created","timestamp":"2026-09-14T19:24:31.274Z"}
{"details":null,"level":"warn","message":"DOMAIN EXCEPTION: Authenticated user not found","statusCode":401,"timestamp":"2026-09-14T19:24:31.277Z"}
{"level":"info","message":"POST /api/v1/accounts 201 88 - 25.552 ms","timestamp":"2026-09-14T19:24:31.276Z"}
{"level":"info","message":"POST /api/v1/transfers 401 40 - 21.122 ms","timestamp":"2026-09-14T19:24:31.278Z"}
{"details":{"email":"alice@example.com","resource":"Account"},"level":"warn","message":"DOMAIN EXCEPTION: Account already exists for this email","statusCode":409,"timestamp":"2026-09-14T19:24:31.296Z"}
{"level":"info","message":"POST /api/v1/accounts 409 110 - 9.963 ms","timestamp":"2026-09-14T19:24:31.298Z"}
{"errors":[{"code":"too_small","exact":false,"inclusive":true,"message":"Amount must be a positive number","minimum":0.1,"path":["amount"],"type":"number"}],"level":"error","message":"Validation error:","timestamp":"2026-09-14T19:24:31.312Z"}
{"level":"info","message":"POST /api/v1/transfers 400 156 - 3.829 ms","timestamp":"2026-09-14T19:24:31.314Z"}
{"details":{"fromBalance":"1000","transferAmount":"5000"},"level":"warn","message":"DOMAIN EXCEPTION: Insufficient funds","statusCode":400,"timestamp":"2026-09-14T19:24:31.344Z"}
{"level":"info","message":"POST /api/v1/transfers 400 87 - 21.882 ms","timestamp":"2026-09-14T19:24:31.346Z"}
{"amount":"350","fromAccountId":"1789413870939gcoxq3","initiatedBy":"1789413870939gcoxq3","level":"info","message":"Transfer completed","timestamp":"2026-09-14T19:24:31.399Z","toAccountId":"17894138712551wk8dt","transferId":"6aa849ef2ff593f296ab0bb1"}
{"level":"info","message":"POST /api/v1/transfers 201 197 - 44.554 ms","timestamp":"2026-09-14T19:24:31.400Z"}
{"level":"info","message":"GET /api/v1/transfers/6aa849ef2ff593f296ab0bb1 200 197 - 7.248 ms","timestamp":"2026-09-14T19:24:31.416Z"}
{"level":"info","message":"GET /api/v1/accounts/1789413870939gcoxq3 200 92 - 5.387 ms","timestamp":"2026-09-14T19:24:31.431Z"}
{"level":"info","message":"GET /api/v1/accounts/17894138712551wk8dt 200 88 - 5.073 ms","timestamp":"2026-09-14T19:24:31.445Z"}
{"level":"info","message":"GET /api/v1/transfers?page=1&limit=10 200 199 - 6.219 ms","timestamp":"2026-09-14T19:24:31.459Z"}
{"level":"info","message":"PATCH /api/v1/accounts/1789413870939gcoxq3 200 110 - 20.897 ms","timestamp":"2026-09-14T19:24:31.489Z"}
{"level":"info","message":"DELETE /api/v1/accounts/17894138712551wk8dt 200 42 - 12.757 ms","timestamp":"2026-09-14T19:24:31.509Z"}
{"level":"info","message":"POST /api/v1/auth/signup 201 557 - 249.253 ms","timestamp":"2026-09-14T19:24:31.512Z"}
{"details":{"email":"duplicate@test.com"},"level":"warn","message":"DOMAIN EXCEPTION: User with this email already exists","statusCode":409,"timestamp":"2026-09-14T19:24:31.526Z"}
{"level":"info","message":"POST /api/v1/auth/signup 409 88 - 5.951 ms","timestamp":"2026-09-14T19:24:31.528Z"}
{"details":{"id":"17894138712551wk8dt","reason":"Not Found","resource":"Account"},"level":"warn","message":"DOMAIN EXCEPTION: Account not found","statusCode":404,"timestamp":"2026-09-14T19:24:31.533Z"}
{"level":"info","message":"POST /api/v1/transfers 404 110 - 16.400 ms","timestamp":"2026-09-14T19:24:31.535Z"}
{"accountId":"17894138715919gioyj","level":"info","message":"Account created","timestamp":"2026-09-14T19:24:31.670Z"}
{"level":"info","message":"POST /api/v1/accounts 201 88 - 97.324 ms","timestamp":"2026-09-14T19:24:31.688Z"}
{"level":"info","message":"POST /api/v1/auth/signup 201 521 - 204.218 ms","timestamp":"2026-09-14T19:24:31.695Z"}
{"accountId":"1789413871739yv8wat","level":"info","message":"Account created","timestamp":"2026-09-14T19:24:31.752Z"}
{"level":"info","message":"POST /api/v1/accounts 201 93 - 15.942 ms","timestamp":"2026-09-14T19:24:31.754Z"}
{"details":{"email":"duplicate@example.com","resource":"Account"},"level":"warn","message":"DOMAIN EXCEPTION: Account already exists for this email","statusCode":409,"timestamp":"2026-09-14T19:24:31.775Z"}
{"level":"info","message":"POST /api/v1/accounts 409 114 - 12.519 ms","timestamp":"2026-09-14T19:24:31.777Z"}
{"level":"info","message":"GET /api/v1/accounts 200 2 - 9.888 ms","timestamp":"2026-09-14T19:24:31.822Z"}
{"details":null,"level":"warn","message":"DOMAIN EXCEPTION: Authentication required","statusCode":401,"timestamp":"2026-09-14T19:24:31.845Z"}
{"level":"info","message":"GET /api/v1/accounts 401 35 - 1.451 ms","timestamp":"2026-09-14T19:24:31.847Z"}
{"level":"info","message":"POST /api/v1/auth/login 200 315 - 248.751 ms","timestamp":"2026-09-14T19:24:31.943Z"}
{"level":"info","message":"POST /api/v1/auth/signup 201 507 - 268.475 ms","timestamp":"2026-09-14T19:24:31.974Z"}
{"details":{"id":"1789413871495eggjsv","resource":"Account"},"level":"warn","message":"DOMAIN EXCEPTION: Cannot initiate transfer from an account you do not own","statusCode":403,"timestamp":"2026-09-14T19:24:31.992Z"}
{"level":"info","message":"POST /api/v1/transfers 403 127 - 9.807 ms","timestamp":"2026-09-14T19:24:31.994Z"}
{"level":"info","message":"GET /api/v1/accounts/1789413871495eggjsv 200 86 - 16.514 ms","timestamp":"2026-09-14T19:24:32.019Z"}
{"level":"info","message":"POST /api/v1/auth/signup 201 521 - 239.357 ms","timestamp":"2026-09-14T19:24:32.295Z"}
{"accountId":"1789413872305tbf9g7","level":"info","message":"Account created","timestamp":"2026-09-14T19:24:32.316Z"}
{"level":"info","message":"POST /api/v1/accounts 201 81 - 13.844 ms","timestamp":"2026-09-14T19:24:32.318Z"}
{"level":"info","message":"POST /api/v1/auth/login 200 420 - 171.319 ms","timestamp":"2026-09-14T19:24:32.325Z"}
{"details":{"id":"not-alice-account","resource":"Account"},"level":"warn","message":"DOMAIN EXCEPTION: Cannot initiate transfer from an account you do not own","statusCode":403,"timestamp":"2026-09-14T19:24:32.333Z"}
{"level":"info","message":"POST /api/v1/transfers 403 125 - 6.429 ms","timestamp":"2026-09-14T19:24:32.335Z"}
{"level":"info","message":"GET /api/v1/auth/me 200 126 - 6.632 ms","timestamp":"2026-09-14T19:24:32.341Z"}
{"level":"info","message":"POST /api/v1/auth/signup 201 521 - 136.182 ms","timestamp":"2026-09-14T19:24:32.497Z"}
{"errors":[{"code":"custom","message":"Cannot transfer to the same account","path":["toAccountId"]}],"level":"error","message":"Validation error:","timestamp":"2026-09-14T19:24:32.506Z"}
{"level":"info","message":"POST /api/v1/transfers 400 100 - 2.260 ms","timestamp":"2026-09-14T19:24:32.507Z"}
{"details":null,"level":"warn","message":"DOMAIN EXCEPTION: Invalid email or password","statusCode":401,"timestamp":"2026-09-14T19:24:32.608Z"}
{"level":"info","message":"POST /api/v1/auth/login 401 37 - 120.262 ms","timestamp":"2026-09-14T19:24:32.610Z"}
{"details":null,"level":"warn","message":"DOMAIN EXCEPTION: Authentication required","statusCode":401,"timestamp":"2026-09-14T19:24:32.629Z"}
{"level":"info","message":"GET /api/v1/auth/me 401 35 - 1.221 ms","timestamp":"2026-09-14T19:24:32.630Z"}
{"details":null,"level":"warn","message":"DOMAIN EXCEPTION: Authentication required","statusCode":401,"timestamp":"2026-09-14T19:24:32.648Z"}
{"level":"info","message":"GET /api/v1/admin/stats 401 35 - 1.264 ms","timestamp":"2026-09-14T19:24:32.649Z"}
{"level":"info","message":"POST /api/v1/auth/signup 201 521 - 141.856 ms","timestamp":"2026-09-14T19:24:32.667Z"}
{"level":"info","message":"POST /api/v1/auth/token 200 305 - 1.596 ms","timestamp":"2026-09-14T19:24:32.669Z"}
{"details":{"requiredRoles":["admin"],"userRole":"user"},"level":"warn","message":"DOMAIN EXCEPTION: Forbidden: Insufficient permissions","statusCode":403,"timestamp":"2026-09-14T19:24:32.677Z"}
{"level":"info","message":"GET /api/v1/admin/stats 403 103 - 2.226 ms","timestamp":"2026-09-14T19:24:32.678Z"}
{"details":{"id":"nonexistent-destination","reason":"Not Found","resource":"Account"},"level":"warn","message":"DOMAIN EXCEPTION: Account not found","statusCode":404,"timestamp":"2026-09-14T19:24:32.692Z"}
{"level":"info","message":"POST /api/v1/transfers 404 114 - 18.217 ms","timestamp":"2026-09-14T19:24:32.693Z"}
{"accountId":"1789413872704m3dk83","level":"info","message":"Account created","timestamp":"2026-09-14T19:24:32.714Z"}
{"level":"info","message":"POST /api/v1/accounts 201 97 - 17.359 ms","timestamp":"2026-09-14T19:24:32.716Z"}
{"level":"info","message":"POST /api/v1/auth/token 200 315 - 1.008 ms","timestamp":"2026-09-14T19:24:32.726Z"}
{"level":"info","message":"GET /api/v1/admin/stats 200 64 - 16.278 ms","timestamp":"2026-09-14T19:24:32.750Z"}
{"level":"info","message":"POST /api/v1/auth/signup 201 521 - 154.565 ms","timestamp":"2026-09-14T19:24:32.877Z"}
{"accountId":"1789413872885wcyd7x","level":"info","message":"Account created","timestamp":"2026-09-14T19:24:32.894Z"}
{"level":"info","message":"POST /api/v1/accounts 201 81 - 10.605 ms","timestamp":"2026-09-14T19:24:32.895Z"}
{"amount":"200","fromAccountId":"1789413872725gv16sc","initiatedBy":"1789413872725gv16sc","level":"info","message":"Transfer completed","timestamp":"2026-09-14T19:24:32.938Z","toAccountId":"1789413872885wcyd7x","transferId":"6aa849f08bef089f5e1280f5"}
{"level":"info","message":"POST /api/v1/transfers 201 197 - 36.804 ms","timestamp":"2026-09-14T19:24:32.939Z"}
{"level":"info","message":"GET /api/v1/accounts/1789413872725gv16sc 200 85 - 3.261 ms","timestamp":"2026-09-14T19:24:32.955Z"}
{"level":"info","message":"GET /api/v1/accounts/1789413872885wcyd7x 200 81 - 4.174 ms","timestamp":"2026-09-14T19:24:32.964Z"}
{"level":"info","message":"POST /api/v1/auth/signup 201 520 - 188.213 ms","timestamp":"2026-09-14T19:24:33.179Z"}
{"accountId":"1789413873188n3qsdw","level":"info","message":"Account created","timestamp":"2026-09-14T19:24:33.196Z"}
{"level":"info","message":"POST /api/v1/accounts 201 81 - 9.017 ms","timestamp":"2026-09-14T19:24:33.197Z"}
{"details":{"fromBalance":"100","transferAmount":"200"},"level":"warn","message":"DOMAIN EXCEPTION: Insufficient funds","statusCode":400,"timestamp":"2026-09-14T19:24:33.216Z"}
{"level":"info","message":"POST /api/v1/transfers 400 85 - 13.130 ms","timestamp":"2026-09-14T19:24:33.217Z"}
{"level":"info","message":"Connected to MongoDB","timestamp":"2026-09-15T11:28:03.373Z"}
{"level":"info","message":"Server running on port 8000","timestamp":"2026-09-15T11:28:03.398Z"}
{"level":"info","message":"Connected to MongoDB","timestamp":"2026-09-15T11:28:28.797Z"}
{"level":"info","message":"Server running on port 8000","timestamp":"2026-09-15T11:28:28.816Z"}
{"level":"info","message":"Connected to MongoDB","timestamp":"2026-09-15T11:36:07.096Z"}
{"level":"info","message":"Server running on port 8000","timestamp":"2026-09-15T11:36:07.112Z"}
{"level":"info","message":"Connected to MongoDB","timestamp":"2026-09-15T11:36:22.511Z"}
{"level":"info","message":"Server running on port 8000","timestamp":"2026-09-15T11:36:22.535Z"}
{"level":"info","message":"Connected to MongoDB","timestamp":"2026-09-15T11:39:08.500Z"}
{"level":"info","message":"Server running on port 8000","timestamp":"2026-09-15T11:39:08.534Z"}
{"level":"info","message":"Connected to MongoDB","timestamp":"2026-09-15T11:39:36.356Z"}
{"level":"info","message":"Server running on port 8000","timestamp":"2026-09-15T11:39:36.374Z"}
{"level":"info","message":"Connected to MongoDB","timestamp":"2026-09-15T11:40:03.736Z"}
{"level":"info","message":"Server running on port 8000","timestamp":"2026-09-15T11:40:03.756Z"}
{"level":"info","message":"Connected to MongoDB","timestamp":"2026-09-15T11:42:48.320Z"}
{"level":"info","message":"Server running on port 8000","timestamp":"2026-09-15T11:42:48.339Z"}
{"level":"info","message":"Connected to MongoDB","timestamp":"2026-09-15T12:14:35.605Z"}
{"level":"info","message":"Server running on port 8000","timestamp":"2026-09-15T12:14:35.625Z"}
{"level":"info","message":"Connected to MongoDB","timestamp":"2026-09-15T12:15:04.099Z"}
{"level":"info","message":"Server running on port 8000","timestamp":"2026-09-15T12:15:04.113Z"}
{"level":"info","message":"Connected to MongoDB","timestamp":"2026-09-15T12:57:23.094Z"}
{"level":"info","message":"Server running on port 8000","timestamp":"2026-09-15T12:57:23.116Z"}
{"level":"info","message":"Connected to MongoDB","timestamp":"2026-09-15T13:00:41.309Z"}
{"level":"info","message":"Server running on port 8000","timestamp":"2026-09-15T13:00:41.328Z"}
{"level":"info","message":"Connected to MongoDB","timestamp":"2026-09-15T13:01:56.675Z"}
{"level":"info","message":"Server running on port 8000","timestamp":"2026-09-15T13:01:56.691Z"}
{"errors":[{"code":"invalid_type","expected":"number","message":"Required","path":["amountMinor"],"received":"undefined"}],"level":"error","message":"Validation error:","timestamp":"2026-09-15T13:32:53.244Z"}
{"level":"info","message":"POST /api/v1/transfers 400 122 - 4.378 ms","timestamp":"2026-09-15T13:32:53.250Z"}
{"level":"info","message":"Connected to MongoDB","timestamp":"2026-09-15T13:32:57.550Z"}
{"level":"info","message":"Server running on port 8000","timestamp":"2026-09-15T13:32:57.559Z"}
{"details":null,"level":"warn","message":"DOMAIN EXCEPTION: Authentication required","statusCode":401,"timestamp":"2026-09-15T13:33:11.681Z"}
{"level":"info","message":"POST /api/v1/transfers 401 35 - 3.934 ms","timestamp":"2026-09-15T13:33:11.685Z"}
{"level":"info","message":"Connected to MongoDB","timestamp":"2026-09-15T13:38:45.782Z"}
{"level":"info","message":"Server running on port 8000","timestamp":"2026-09-15T13:38:45.791Z"}
{"level":"info","message":"Connected to MongoDB","timestamp":"2026-09-15T13:42:03.947Z"}
{"level":"info","message":"Server running on port 8000","timestamp":"2026-09-15T13:42:03.956Z"}
{"accountId":"acc-bob","level":"info","message":"Account created","timestamp":"2026-09-15T13:42:55.641Z"}
{"amount":"5000","fromAccountId":"acc-1","initiatedBy":"usr-1","level":"info","message":"Transfer completed","timestamp":"2026-09-15T13:42:55.656Z","toAccountId":"acc-2","transferId":"tr-1"}
{"accountId":"acc-bob","level":"info","message":"Account created","timestamp":"2026-09-15T13:43:07.403Z"}
{"amount":"5000","fromAccountId":"acc-1","initiatedBy":"usr-1","level":"info","message":"Transfer completed","timestamp":"2026-09-15T13:43:07.422Z","toAccountId":"acc-2","transferId":"tr-1"}
{"details":null,"level":"warn","message":"DOMAIN EXCEPTION: Authentication required","statusCode":401,"timestamp":"2026-09-15T13:43:15.281Z"}
{"level":"info","message":"GET /api/v1/accounts 401 35 - 48.048 ms","timestamp":"2026-09-15T13:43:15.331Z"}
{"details":null,"level":"warn","message":"DOMAIN EXCEPTION: Authentication required","statusCode":401,"timestamp":"2026-09-15T13:43:15.500Z"}
{"level":"info","message":"GET /api/v1/accounts 401 35 - 23.617 ms","timestamp":"2026-09-15T13:43:15.526Z"}
{"details":null,"level":"warn","message":"DOMAIN EXCEPTION: Authentication required","statusCode":401,"timestamp":"2026-09-15T13:43:15.563Z"}
{"level":"info","message":"POST /api/v1/transfers 401 35 - 28.400 ms","timestamp":"2026-09-15T13:43:15.587Z"}
{"accountId":"17894797953307c23h0","level":"info","message":"Account created","timestamp":"2026-09-15T13:43:15.611Z"}
{"level":"info","message":"POST /api/v1/accounts 201 129 - 308.770 ms","timestamp":"2026-09-15T13:43:15.632Z"}
{"level":"info","message":"GET /api/v1/accounts 200 2 - 46.385 ms","timestamp":"2026-09-15T13:43:15.642Z"}
{"accountId":"1789479795830iajseb","level":"info","message":"Account created","timestamp":"2026-09-15T13:43:15.928Z"}
{"level":"info","message":"POST /api/v1/accounts 201 134 - 101.007 ms","timestamp":"2026-09-15T13:43:15.930Z"}
{"level":"info","message":"POST /api/v1/auth/token 200 303 - 8.731 ms","timestamp":"2026-09-15T13:43:15.935Z"}
{"details":{"email":"duplicate@example.com","resource":"Account"},"level":"warn","message":"DOMAIN EXCEPTION: Account already exists for this email","statusCode":409,"timestamp":"2026-09-15T13:43:15.952Z"}
{"level":"info","message":"POST /api/v1/accounts 409 114 - 12.132 ms","timestamp":"2026-09-15T13:43:15.954Z"}
{"details":null,"level":"warn","message":"DOMAIN EXCEPTION: Admin or Superadmin cannot perform this action","statusCode":403,"timestamp":"2026-09-15T13:43:15.977Z"}
{"level":"info","message":"POST /api/v1/transfers 403 58 - 7.407 ms","timestamp":"2026-09-15T13:43:15.980Z"}
{"level":"info","message":"GET /api/v1/accounts 200 2 - 9.460 ms","timestamp":"2026-09-15T13:43:16.009Z"}
{"details":null,"level":"warn","message":"DOMAIN EXCEPTION: Authentication required","statusCode":401,"timestamp":"2026-09-15T13:43:16.035Z"}
{"level":"info","message":"GET /api/v1/accounts 401 35 - 1.498 ms","timestamp":"2026-09-15T13:43:16.037Z"}
{"level":"info","message":"POST /api/v1/auth/signup 201 587 - 446.115 ms","timestamp":"2026-09-15T13:43:16.135Z"}
{"accountId":"1789479796151dp3dyn","level":"info","message":"Account created","timestamp":"2026-09-15T13:43:16.166Z"}
{"level":"info","message":"POST /api/v1/accounts 201 129 - 20.502 ms","timestamp":"2026-09-15T13:43:16.168Z"}
{"details":null,"level":"warn","message":"DOMAIN EXCEPTION: Authenticated user not found","statusCode":401,"timestamp":"2026-09-15T13:43:16.183Z"}
{"level":"info","message":"POST /api/v1/transfers 401 40 - 24.098 ms","timestamp":"2026-09-15T13:43:16.186Z"}
{"details":{"email":"alice@example.com","resource":"Account"},"level":"warn","message":"DOMAIN EXCEPTION: Account already exists for this email","statusCode":409,"timestamp":"2026-09-15T13:43:16.188Z"}
{"level":"info","message":"POST /api/v1/accounts 409 110 - 10.875 ms","timestamp":"2026-09-15T13:43:16.190Z"}
{"errors":[{"code":"too_small","exact":false,"inclusive":false,"message":"Amount must be a positive number","minimum":0,"path":["amountMinor"],"type":"number"},{"code":"too_small","exact":false,"inclusive":true,"message":"Amount must be at least 1","minimum":1,"path":["amountMinor"],"type":"number"}],"level":"error","message":"Validation error:","timestamp":"2026-09-15T13:43:16.203Z"}
{"level":"info","message":"POST /api/v1/transfers 400 301 - 4.301 ms","timestamp":"2026-09-15T13:43:16.205Z"}
{"details":{"fromBalance":"100000","transferAmount":"500000"},"level":"warn","message":"DOMAIN EXCEPTION: Insufficient funds","statusCode":400,"timestamp":"2026-09-15T13:43:16.247Z"}
{"level":"info","message":"POST /api/v1/transfers 400 91 - 30.683 ms","timestamp":"2026-09-15T13:43:16.249Z"}
{"amount":"35000","fromAccountId":"1789479795706zjxem6","initiatedBy":"1789479795706zjxem6","level":"info","message":"Transfer completed","timestamp":"2026-09-15T13:43:16.306Z","toAccountId":"1789479796151dp3dyn","transferId":"6aa94b744e77de03fe6aa0e0"}
{"level":"info","message":"POST /api/v1/transfers 201 257 - 48.321 ms","timestamp":"2026-09-15T13:43:16.307Z"}
{"level":"info","message":"GET /api/v1/transfers/6aa94b744e77de03fe6aa0e0 200 257 - 6.977 ms","timestamp":"2026-09-15T13:43:16.327Z"}
{"level":"info","message":"POST /api/v1/auth/signup 201 597 - 243.812 ms","timestamp":"2026-09-15T13:43:16.326Z"}
{"level":"info","message":"GET /api/v1/accounts/1789479795706zjxem6 200 133 - 6.278 ms","timestamp":"2026-09-15T13:43:16.344Z"}
{"level":"info","message":"GET /api/v1/auth/me 200 138 - 12.950 ms","timestamp":"2026-09-15T13:43:16.348Z"}
{"level":"info","message":"GET /api/v1/accounts/1789479796151dp3dyn 200 129 - 5.470 ms","timestamp":"2026-09-15T13:43:16.360Z"}
{"level":"info","message":"GET /api/v1/transfers?page=1&limit=10 200 259 - 6.460 ms","timestamp":"2026-09-15T13:43:16.375Z"}
{"level":"info","message":"PATCH /api/v1/accounts/1789479795706zjxem6 200 151 - 22.516 ms","timestamp":"2026-09-15T13:43:16.408Z"}
{"level":"info","message":"POST /api/v1/auth/signup 201 563 - 209.330 ms","timestamp":"2026-09-15T13:43:16.418Z"}
{"level":"info","message":"DELETE /api/v1/accounts/1789479796151dp3dyn 200 42 - 15.907 ms","timestamp":"2026-09-15T13:43:16.434Z"}
{"details":{"id":"1789479796151dp3dyn","reason":"Not Found","resource":"Account"},"level":"warn","message":"DOMAIN EXCEPTION: Account not found","statusCode":404,"timestamp":"2026-09-15T13:43:16.458Z"}
{"level":"info","message":"POST /api/v1/transfers 404 110 - 16.567 ms","timestamp":"2026-09-15T13:43:16.459Z"}
{"level":"info","message":"POST /api/v1/auth/signup 201 595 - 190.734 ms","timestamp":"2026-09-15T13:43:16.566Z"}
{"details":{"email":"duplicate@test.com"},"level":"warn","message":"DOMAIN EXCEPTION: User with this email already exists","statusCode":409,"timestamp":"2026-09-15T13:43:16.580Z"}
{"level":"info","message":"POST /api/v1/auth/signup 409 88 - 5.984 ms","timestamp":"2026-09-15T13:43:16.582Z"}
{"level":"info","message":"POST /api/v1/auth/signup 201 548 - 273.315 ms","timestamp":"2026-09-15T13:43:16.701Z"}
{"details":{"id":"178947979621546q2om","resource":"Account"},"level":"warn","message":"DOMAIN EXCEPTION: Cannot initiate transfer from an account you do not own","statusCode":403,"timestamp":"2026-09-15T13:43:16.718Z"}
{"level":"info","message":"POST /api/v1/transfers 403 127 - 9.129 ms","timestamp":"2026-09-15T13:43:16.719Z"}
{"level":"info","message":"GET /api/v1/accounts/178947979621546q2om 200 128 - 10.201 ms","timestamp":"2026-09-15T13:43:16.738Z"}
{"level":"info","message":"POST /api/v1/auth/signup 201 563 - 208.600 ms","timestamp":"2026-09-15T13:43:16.974Z"}
{"accountId":"1789479796985fi4zvt","level":"info","message":"Account created","timestamp":"2026-09-15T13:43:16.999Z"}
{"level":"info","message":"POST /api/v1/accounts 201 122 - 15.679 ms","timestamp":"2026-09-15T13:43:17.001Z"}
{"details":{"id":"not-alice-account","resource":"Account"},"level":"warn","message":"DOMAIN EXCEPTION: Cannot initiate transfer from an account you do not own","statusCode":403,"timestamp":"2026-09-15T13:43:17.018Z"}
{"level":"info","message":"POST /api/v1/transfers 403 125 - 5.978 ms","timestamp":"2026-09-15T13:43:17.020Z"}
{"level":"info","message":"POST /api/v1/auth/login 200 315 - 159.593 ms","timestamp":"2026-09-15T13:43:17.057Z"}
{"level":"info","message":"POST /api/v1/auth/signup 201 563 - 224.804 ms","timestamp":"2026-09-15T13:43:17.289Z"}
{"errors":[{"code":"custom","message":"Cannot transfer to the same account","path":["toAccountId"]}],"level":"error","message":"Validation error:","timestamp":"2026-09-15T13:43:17.300Z"}
{"level":"info","message":"POST /api/v1/transfers 400 100 - 2.390 ms","timestamp":"2026-09-15T13:43:17.301Z"}
{"level":"info","message":"POST /api/v1/auth/login 200 420 - 150.763 ms","timestamp":"2026-09-15T13:43:17.435Z"}
{"level":"info","message":"GET /api/v1/auth/me 200 126 - 5.287 ms","timestamp":"2026-09-15T13:43:17.450Z"}
{"level":"info","message":"POST /api/v1/auth/signup 201 563 - 150.510 ms","timestamp":"2026-09-15T13:43:17.477Z"}
{"details":{"id":"nonexistent-destination","reason":"Not Found","resource":"Account"},"level":"warn","message":"DOMAIN EXCEPTION: Account not found","statusCode":404,"timestamp":"2026-09-15T13:43:17.501Z"}
{"level":"info","message":"POST /api/v1/transfers 404 114 - 16.265 ms","timestamp":"2026-09-15T13:43:17.502Z"}
{"level":"info","message":"POST /api/v1/auth/signup 201 563 - 154.038 ms","timestamp":"2026-09-15T13:43:17.698Z"}
{"accountId":"1789479797706g6x1kt","level":"info","message":"Account created","timestamp":"2026-09-15T13:43:17.715Z"}
{"level":"info","message":"POST /api/v1/accounts 201 122 - 10.775 ms","timestamp":"2026-09-15T13:43:17.716Z"}
{"details":null,"level":"warn","message":"DOMAIN EXCEPTION: Invalid email or password","statusCode":401,"timestamp":"2026-09-15T13:43:17.737Z"}
{"level":"info","message":"POST /api/v1/auth/login 401 37 - 132.684 ms","timestamp":"2026-09-15T13:43:17.739Z"}
{"details":null,"level":"warn","message":"DOMAIN EXCEPTION: Authentication required","statusCode":401,"timestamp":"2026-09-15T13:43:17.762Z"}
{"level":"info","message":"GET /api/v1/auth/me 401 35 - 1.311 ms","timestamp":"2026-09-15T13:43:17.763Z"}
{"amount":"20000","fromAccountId":"1789479797547z6rc5b","initiatedBy":"1789479797547z6rc5b","level":"info","message":"Transfer completed","timestamp":"2026-09-15T13:43:17.770Z","toAccountId":"1789479797706g6x1kt","transferId":"6aa94b75a84e7e5a7ea725cb"}
{"level":"info","message":"POST /api/v1/transfers 201 257 - 48.490 ms","timestamp":"2026-09-15T13:43:17.772Z"}
{"details":null,"level":"warn","message":"DOMAIN EXCEPTION: Authentication required","statusCode":401,"timestamp":"2026-09-15T13:43:17.787Z"}
{"level":"info","message":"GET /api/v1/accounts/1789479797547z6rc5b 200 126 - 5.329 ms","timestamp":"2026-09-15T13:43:17.786Z"}
{"level":"info","message":"GET /api/v1/admin/stats 401 35 - 1.419 ms","timestamp":"2026-09-15T13:43:17.789Z"}
{"level":"info","message":"GET /api/v1/accounts/1789479797706g6x1kt 200 122 - 4.872 ms","timestamp":"2026-09-15T13:43:17.800Z"}
{"level":"info","message":"POST /api/v1/auth/token 200 305 - 1.225 ms","timestamp":"2026-09-15T13:43:17.812Z"}
{"details":{"requiredRoles":["admin"],"userRole":"user"},"level":"warn","message":"DOMAIN EXCEPTION: Forbidden: Insufficient permissions","statusCode":403,"timestamp":"2026-09-15T13:43:17.834Z"}
{"level":"info","message":"GET /api/v1/admin/stats 403 103 - 2.415 ms","timestamp":"2026-09-15T13:43:17.835Z"}
{"accountId":"1789479797855tdzs0o","level":"info","message":"Account created","timestamp":"2026-09-15T13:43:17.864Z"}
{"level":"info","message":"POST /api/v1/accounts 201 139 - 11.970 ms","timestamp":"2026-09-15T13:43:17.865Z"}
{"level":"info","message":"POST /api/v1/auth/token 200 315 - 1.149 ms","timestamp":"2026-09-15T13:43:17.874Z"}
{"level":"info","message":"GET /api/v1/admin/stats 200 66 - 73.887 ms","timestamp":"2026-09-15T13:43:17.954Z"}
{"level":"info","message":"POST /api/v1/auth/signup 201 561 - 158.008 ms","timestamp":"2026-09-15T13:43:17.999Z"}
{"accountId":"1789479798006tozvgt","level":"info","message":"Account created","timestamp":"2026-09-15T13:43:18.022Z"}
{"level":"info","message":"POST /api/v1/accounts 201 122 - 17.098 ms","timestamp":"2026-09-15T13:43:18.023Z"}
{"details":{"fromBalance":"10000","transferAmount":"20000"},"level":"warn","message":"DOMAIN EXCEPTION: Insufficient funds","statusCode":400,"timestamp":"2026-09-15T13:43:18.045Z"}
{"level":"info","message":"POST /api/v1/transfers 400 89 - 14.581 ms","timestamp":"2026-09-15T13:43:18.046Z"}
{"accountId":"acc-bob","level":"info","message":"Account created","timestamp":"2026-09-15T13:49:50.833Z"}
{"amount":"5000","fromAccountId":"acc-1","initiatedBy":"usr-1","level":"info","message":"Transfer completed","timestamp":"2026-09-15T13:49:50.858Z","toAccountId":"acc-2","transferId":"tr-1"}
{"details":null,"level":"warn","message":"DOMAIN EXCEPTION: Authentication required","statusCode":401,"timestamp":"2026-09-15T13:49:52.595Z"}
{"level":"info","message":"GET /api/v1/accounts 401 35 - 20.388 ms","timestamp":"2026-09-15T13:49:52.617Z"}
{"accountId":"1789480192491rnqwju","level":"info","message":"Account created","timestamp":"2026-09-15T13:49:52.629Z"}
{"details":null,"level":"warn","message":"DOMAIN EXCEPTION: Authentication required","statusCode":401,"timestamp":"2026-09-15T13:49:52.640Z"}
{"level":"info","message":"POST /api/v1/accounts 201 129 - 170.251 ms","timestamp":"2026-09-15T13:49:52.651Z"}
{"level":"info","message":"GET /api/v1/accounts 401 35 - 24.886 ms","timestamp":"2026-09-15T13:49:52.671Z"}
{"details":null,"level":"warn","message":"DOMAIN EXCEPTION: Authentication required","statusCode":401,"timestamp":"2026-09-15T13:49:52.693Z"}
{"level":"info","message":"POST /api/v1/transfers 401 35 - 22.278 ms","timestamp":"2026-09-15T13:49:52.722Z"}
{"accountId":"1789480192731ayvsjs","level":"info","message":"Account created","timestamp":"2026-09-15T13:49:52.745Z"}
{"level":"info","message":"POST /api/v1/accounts 201 134 - 15.126 ms","timestamp":"2026-09-15T13:49:52.746Z"}
{"level":"info","message":"GET /api/v1/accounts 200 2 - 32.894 ms","timestamp":"2026-09-15T13:49:52.756Z"}
{"details":{"email":"duplicate@example.com","resource":"Account"},"level":"warn","message":"DOMAIN EXCEPTION: Account already exists for this email","statusCode":409,"timestamp":"2026-09-15T13:49:52.762Z"}
{"level":"info","message":"POST /api/v1/accounts 409 114 - 8.070 ms","timestamp":"2026-09-15T13:49:52.764Z"}
{"level":"info","message":"POST /api/v1/auth/token 200 303 - 7.511 ms","timestamp":"2026-09-15T13:49:52.789Z"}
{"level":"info","message":"GET /api/v1/accounts 200 2 - 9.955 ms","timestamp":"2026-09-15T13:49:52.800Z"}
{"details":null,"level":"warn","message":"DOMAIN EXCEPTION: Authentication required","statusCode":401,"timestamp":"2026-09-15T13:49:52.821Z"}
{"level":"info","message":"GET /api/v1/accounts 401 35 - 1.206 ms","timestamp":"2026-09-15T13:49:52.823Z"}
{"details":null,"level":"warn","message":"DOMAIN EXCEPTION: Admin or Superadmin cannot perform this action","statusCode":403,"timestamp":"2026-09-15T13:49:52.979Z"}
{"level":"info","message":"POST /api/v1/transfers 403 58 - 4.945 ms","timestamp":"2026-09-15T13:49:52.981Z"}
{"details":null,"level":"warn","message":"DOMAIN EXCEPTION: Authenticated user not found","statusCode":401,"timestamp":"2026-09-15T13:49:53.023Z"}
{"level":"info","message":"POST /api/v1/transfers 401 40 - 14.478 ms","timestamp":"2026-09-15T13:49:53.024Z"}
{"level":"info","message":"POST /api/v1/auth/signup 201 597 - 288.249 ms","timestamp":"2026-09-15T13:49:53.100Z"}
{"level":"info","message":"GET /api/v1/auth/me 200 138 - 8.196 ms","timestamp":"2026-09-15T13:49:53.115Z"}
{"level":"info","message":"POST /api/v1/auth/signup 201 587 - 352.101 ms","timestamp":"2026-09-15T13:49:53.156Z"}
{"accountId":"17894801931661khqzs","level":"info","message":"Account created","timestamp":"2026-09-15T13:49:53.177Z"}
{"level":"info","message":"POST /api/v1/accounts 201 129 - 14.921 ms","timestamp":"2026-09-15T13:49:53.178Z"}
{"details":{"email":"alice@example.com","resource":"Account"},"level":"warn","message":"DOMAIN EXCEPTION: Account already exists for this email","statusCode":409,"timestamp":"2026-09-15T13:49:53.191Z"}
{"level":"info","message":"POST /api/v1/accounts 409 110 - 7.308 ms","timestamp":"2026-09-15T13:49:53.193Z"}
{"errors":[{"code":"too_small","exact":false,"inclusive":false,"message":"Amount must be a positive number","minimum":0,"path":["amountMinor"],"type":"number"},{"code":"too_small","exact":false,"inclusive":true,"message":"Amount must be at least 1","minimum":1,"path":["amountMinor"],"type":"number"}],"level":"error","message":"Validation error:","timestamp":"2026-09-15T13:49:53.203Z"}
{"level":"info","message":"POST /api/v1/transfers 400 301 - 3.050 ms","timestamp":"2026-09-15T13:49:53.205Z"}
{"level":"info","message":"POST /api/v1/auth/signup 201 563 - 167.834 ms","timestamp":"2026-09-15T13:49:53.210Z"}
{"details":{"fromBalance":"100000","transferAmount":"500000"},"level":"warn","message":"DOMAIN EXCEPTION: Insufficient funds","statusCode":400,"timestamp":"2026-09-15T13:49:53.227Z"}
{"level":"info","message":"POST /api/v1/transfers 400 91 - 16.051 ms","timestamp":"2026-09-15T13:49:53.228Z"}
{"amount":"35000","fromAccountId":"1789480192821kem27q","initiatedBy":"1789480192821kem27q","level":"info","message":"Transfer completed","timestamp":"2026-09-15T13:49:53.265Z","toAccountId":"17894801931661khqzs","transferId":"6aa94d017cbc5e5bec8ec9df"}
{"level":"info","message":"POST /api/v1/transfers 201 257 - 31.662 ms","timestamp":"2026-09-15T13:49:53.267Z"}
{"level":"info","message":"POST /api/v1/auth/signup 201 597 - 131.886 ms","timestamp":"2026-09-15T13:49:53.268Z"}
{"details":{"email":"duplicate@test.com"},"level":"warn","message":"DOMAIN EXCEPTION: User with this email already exists","statusCode":409,"timestamp":"2026-09-15T13:49:53.279Z"}
{"level":"info","message":"GET /api/v1/transfers/6aa94d017cbc5e5bec8ec9df 200 257 - 5.538 ms","timestamp":"2026-09-15T13:49:53.280Z"}
{"level":"info","message":"POST /api/v1/auth/signup 409 88 - 4.173 ms","timestamp":"2026-09-15T13:49:53.280Z"}
{"level":"info","message":"GET /api/v1/accounts/1789480192821kem27q 200 133 - 4.071 ms","timestamp":"2026-09-15T13:49:53.291Z"}
{"level":"info","message":"GET /api/v1/accounts/17894801931661khqzs 200 129 - 3.311 ms","timestamp":"2026-09-15T13:49:53.300Z"}
{"level":"info","message":"GET /api/v1/transfers?page=1&limit=10 200 259 - 4.454 ms","timestamp":"2026-09-15T13:49:53.310Z"}
{"level":"info","message":"PATCH /api/v1/accounts/1789480192821kem27q 200 151 - 14.476 ms","timestamp":"2026-09-15T13:49:53.331Z"}
{"level":"info","message":"DELETE /api/v1/accounts/17894801931661khqzs 200 42 - 8.588 ms","timestamp":"2026-09-15T13:49:53.346Z"}
{"level":"info","message":"POST /api/v1/auth/signup 201 548 - 129.832 ms","timestamp":"2026-09-15T13:49:53.347Z"}
{"details":{"id":"1789480193046i1ejve","resource":"Account"},"level":"warn","message":"DOMAIN EXCEPTION: Cannot initiate transfer from an account you do not own","statusCode":403,"timestamp":"2026-09-15T13:49:53.362Z"}
{"level":"info","message":"POST /api/v1/transfers 403 127 - 7.927 ms","timestamp":"2026-09-15T13:49:53.364Z"}
{"details":{"id":"17894801931661khqzs","reason":"Not Found","resource":"Account"},"level":"warn","message":"DOMAIN EXCEPTION: Account not found","statusCode":404,"timestamp":"2026-09-15T13:49:53.363Z"}
{"level":"info","message":"POST /api/v1/transfers 404 110 - 12.173 ms","timestamp":"2026-09-15T13:49:53.364Z"}
{"level":"info","message":"GET /api/v1/accounts/1789480193046i1ejve 200 128 - 5.657 ms","timestamp":"2026-09-15T13:49:53.377Z"}
{"level":"info","message":"POST /api/v1/auth/signup 201 563 - 130.078 ms","timestamp":"2026-09-15T13:49:53.530Z"}
{"accountId":"1789480193537fcgcm1","level":"info","message":"Account created","timestamp":"2026-09-15T13:49:53.547Z"}
{"level":"info","message":"POST /api/v1/accounts 201 122 - 11.412 ms","timestamp":"2026-09-15T13:49:53.548Z"}
{"details":{"id":"not-alice-account","resource":"Account"},"level":"warn","message":"DOMAIN EXCEPTION: Cannot initiate transfer from an account you do not own","statusCode":403,"timestamp":"2026-09-15T13:49:53.559Z"}
{"level":"info","message":"POST /api/v1/transfers 403 125 - 4.355 ms","timestamp":"2026-09-15T13:49:53.560Z"}
{"level":"info","message":"POST /api/v1/auth/login 200 315 - 107.923 ms","timestamp":"2026-09-15T13:49:53.591Z"}
{"level":"info","message":"POST /api/v1/auth/signup 201 563 - 156.197 ms","timestamp":"2026-09-15T13:49:53.737Z"}
{"errors":[{"code":"custom","message":"Cannot transfer to the same account","path":["toAccountId"]}],"level":"error","message":"Validation error:","timestamp":"2026-09-15T13:49:53.743Z"}
{"level":"info","message":"POST /api/v1/transfers 400 100 - 1.680 ms","timestamp":"2026-09-15T13:49:53.744Z"}
{"level":"info","message":"POST /api/v1/auth/login 200 420 - 94.602 ms","timestamp":"2026-09-15T13:49:53.868Z"}
{"level":"info","message":"POST /api/v1/auth/signup 201 563 - 105.674 ms","timestamp":"2026-09-15T13:49:53.869Z"}
{"level":"info","message":"GET /api/v1/auth/me 200 126 - 3.771 ms","timestamp":"2026-09-15T13:49:53.878Z"}
{"details":{"id":"nonexistent-destination","reason":"Not Found","resource":"Account"},"level":"warn","message":"DOMAIN EXCEPTION: Account not found","statusCode":404,"timestamp":"2026-09-15T13:49:53.886Z"}
{"level":"info","message":"POST /api/v1/transfers 404 114 - 12.354 ms","timestamp":"2026-09-15T13:49:53.887Z"}
{"level":"info","message":"POST /api/v1/auth/signup 201 563 - 100.845 ms","timestamp":"2026-09-15T13:49:54.007Z"}
{"accountId":"1789480194012hon1wv","level":"info","message":"Account created","timestamp":"2026-09-15T13:49:54.020Z"}
{"level":"info","message":"POST /api/v1/accounts 201 122 - 8.808 ms","timestamp":"2026-09-15T13:49:54.021Z"}
{"amount":"20000","fromAccountId":"1789480193907m7pvtf","initiatedBy":"1789480193907m7pvtf","level":"info","message":"Transfer completed","timestamp":"2026-09-15T13:49:54.052Z","toAccountId":"1789480194012hon1wv","transferId":"6aa94d022dc71c2677207b71"}
{"level":"info","message":"POST /api/v1/transfers 201 257 - 25.705 ms","timestamp":"2026-09-15T13:49:54.052Z"}
{"level":"info","message":"GET /api/v1/accounts/1789480193907m7pvtf 200 126 - 3.938 ms","timestamp":"2026-09-15T13:49:54.062Z"}
{"details":null,"level":"warn","message":"DOMAIN EXCEPTION: Invalid email or password","statusCode":401,"timestamp":"2026-09-15T13:49:54.070Z"}
{"level":"info","message":"POST /api/v1/auth/login 401 37 - 92.693 ms","timestamp":"2026-09-15T13:49:54.072Z"}
{"level":"info","message":"GET /api/v1/accounts/1789480194012hon1wv 200 122 - 3.835 ms","timestamp":"2026-09-15T13:49:54.080Z"}
{"details":null,"level":"warn","message":"DOMAIN EXCEPTION: Authentication required","statusCode":401,"timestamp":"2026-09-15T13:49:54.092Z"}
{"level":"info","message":"GET /api/v1/auth/me 401 35 - 0.878 ms","timestamp":"2026-09-15T13:49:54.093Z"}
{"details":null,"level":"warn","message":"DOMAIN EXCEPTION: Authentication required","statusCode":401,"timestamp":"2026-09-15T13:49:54.106Z"}
{"level":"info","message":"GET /api/v1/admin/stats 401 35 - 1.251 ms","timestamp":"2026-09-15T13:49:54.107Z"}
{"level":"info","message":"POST /api/v1/auth/token 200 305 - 0.727 ms","timestamp":"2026-09-15T13:49:54.121Z"}
{"details":{"requiredRoles":["admin"],"userRole":"user"},"level":"warn","message":"DOMAIN EXCEPTION: Forbidden: Insufficient permissions","statusCode":403,"timestamp":"2026-09-15T13:49:54.128Z"}
{"level":"info","message":"GET /api/v1/admin/stats 403 103 - 1.670 ms","timestamp":"2026-09-15T13:49:54.129Z"}
{"accountId":"1789480194146d8ln6h","level":"info","message":"Account created","timestamp":"2026-09-15T13:49:54.153Z"}
{"level":"info","message":"POST /api/v1/accounts 201 139 - 11.649 ms","timestamp":"2026-09-15T13:49:54.155Z"}
{"level":"info","message":"POST /api/v1/auth/token 200 315 - 0.738 ms","timestamp":"2026-09-15T13:49:54.162Z"}
{"level":"info","message":"GET /api/v1/admin/stats 200 66 - 11.902 ms","timestamp":"2026-09-15T13:49:54.179Z"}
{"level":"info","message":"POST /api/v1/auth/signup 201 561 - 129.883 ms","timestamp":"2026-09-15T13:49:54.228Z"}
{"accountId":"1789480194233vrg0wl","level":"info","message":"Account created","timestamp":"2026-09-15T13:49:54.241Z"}
{"level":"info","message":"POST /api/v1/accounts 201 122 - 8.468 ms","timestamp":"2026-09-15T13:49:54.242Z"}
{"details":{"fromBalance":"10000","transferAmount":"20000"},"level":"warn","message":"DOMAIN EXCEPTION: Insufficient funds","statusCode":400,"timestamp":"2026-09-15T13:49:54.254Z"}
{"level":"info","message":"POST /api/v1/transfers 400 89 - 7.853 ms","timestamp":"2026-09-15T13:49:54.255Z"}
{"level":"info","message":"Connected to MongoDB","timestamp":"2026-09-15T14:05:49.534Z"}
{"level":"info","message":"Server running on port 8000","timestamp":"2026-09-15T14:05:49.556Z"}
{"level":"info","message":"Connected to MongoDB","timestamp":"2026-09-15T14:09:27.524Z"}
{"level":"info","message":"Server running on port 8000","timestamp":"2026-09-15T14:09:27.539Z"}
{"level":"info","message":"Connected to MongoDB","timestamp":"2026-09-15T14:10:34.721Z"}
{"level":"info","message":"Server running on port 8000","timestamp":"2026-09-15T14:10:34.737Z"}
{"level":"info","message":"Connected to MongoDB","timestamp":"2026-09-15T14:10:50.261Z"}
{"level":"info","message":"Server running on port 8000","timestamp":"2026-09-15T14:10:50.283Z"}
{"level":"info","message":"Connected to MongoDB","timestamp":"2026-09-15T14:12:35.064Z"}
{"level":"info","message":"Server running on port 8000","timestamp":"2026-09-15T14:12:35.080Z"}
{"level":"info","message":"Connected to MongoDB","timestamp":"2026-09-15T14:12:53.894Z"}
{"level":"info","message":"Server running on port 8000","timestamp":"2026-09-15T14:12:53.912Z"}
{"level":"info","message":"Connected to MongoDB","timestamp":"2026-09-15T14:13:05.159Z"}
{"level":"info","message":"Server running on port 8000","timestamp":"2026-09-15T14:13:05.176Z"}
{"level":"info","message":"Connected to MongoDB","timestamp":"2026-09-15T14:26:06.054Z"}
{"level":"info","message":"Server running on port 8000","timestamp":"2026-09-15T14:26:06.074Z"}
{"level":"info","message":"Connected to MongoDB","timestamp":"2026-09-15T14:26:21.653Z"}
{"level":"info","message":"Server running on port 8000","timestamp":"2026-09-15T14:26:21.668Z"}
{"level":"info","message":"Connected to MongoDB","timestamp":"2026-09-15T14:29:49.068Z"}
{"level":"info","message":"Server running on port 8000","timestamp":"2026-09-15T14:29:49.091Z"}
{"level":"info","message":"Connected to MongoDB","timestamp":"2026-09-15T14:40:14.707Z"}
{"level":"info","message":"Server running on port 8000","timestamp":"2026-09-15T14:40:14.730Z"}
{"accountId":"acc-bob","level":"info","message":"Account created","timestamp":"2026-09-16T14:32:32.711Z"}
{"amount":"5000","fromAccountId":"acc-1","initiatedBy":"usr-1","level":"info","message":"Transfer completed","timestamp":"2026-09-16T14:32:32.726Z","toAccountId":"acc-2","transferId":"tr-1"}
{"level":"error","message":"EXPRESS ERROR HANDLER: next is not a function","stack":"TypeError: next is not a function\n    at model.<anonymous> (file:///C:/Users/PROGRESSIVE/Desktop/express-money-transfer/models/accounts.js:16:5)\n    at Kareem.execPre (C:\\Users\\PROGRESSIVE\\Desktop\\express-money-transfer\\node_modules\\kareem\\index.js:59:39)\n    at model._execDocumentPreHooks (C:\\Users\\PROGRESSIVE\\Desktop\\express-money-transfer\\node_modules\\mongoose\\lib\\document.js:3327:29)\n    at model.validate (C:\\Users\\PROGRESSIVE\\Desktop\\express-money-transfer\\node_modules\\mongoose\\lib\\document.js:2769:32)\n    at model.$__save (C:\\Users\\PROGRESSIVE\\Desktop\\express-money-transfer\\node_modules\\mongoose\\lib\\model.js:399:18)\n    at maybeTracedSave (C:\\Users\\PROGRESSIVE\\Desktop\\express-money-transfer\\node_modules\\mongoose\\lib\\model.js:676:19)\n    at trace (C:\\Users\\PROGRESSIVE\\Desktop\\express-money-transfer\\node_modules\\mongoose\\lib\\tracing.js:25:14)\n    at model.save (C:\\Users\\PROGRESSIVE\\Desktop\\express-money-transfer\\node_modules\\mongoose\\lib\\model.js:674:10)\n    at model.create (C:\\Users\\PROGRESSIVE\\Desktop\\express-money-transfer\\node_modules\\mongoose\\lib\\model.js:2765:18)\n    at createAccount (file:///C:/Users/PROGRESSIVE/Desktop/express-money-transfer/services/account.js:23:40)","timestamp":"2026-09-16T18:23:24.605Z"}
{"level":"info","message":"POST /api/v1/accounts 500 34 - 46.676 ms","timestamp":"2026-09-16T18:23:24.617Z"}
{"level":"error","message":"EXPRESS ERROR HANDLER: next is not a function","stack":"TypeError: next is not a function\n    at model.<anonymous> (file:///C:/Users/PROGRESSIVE/Desktop/express-money-transfer/models/accounts.js:16:5)\n    at Kareem.execPre (C:\\Users\\PROGRESSIVE\\Desktop\\express-money-transfer\\node_modules\\kareem\\index.js:59:39)\n    at model._execDocumentPreHooks (C:\\Users\\PROGRESSIVE\\Desktop\\express-money-transfer\\node_modules\\mongoose\\lib\\document.js:3327:29)\n    at model.validate (C:\\Users\\PROGRESSIVE\\Desktop\\express-money-transfer\\node_modules\\mongoose\\lib\\document.js:2769:32)\n    at model.$__save (C:\\Users\\PROGRESSIVE\\Desktop\\express-money-transfer\\node_modules\\mongoose\\lib\\model.js:399:18)\n    at maybeTracedSave (C:\\Users\\PROGRESSIVE\\Desktop\\express-money-transfer\\node_modules\\mongoose\\lib\\model.js:676:19)\n    at trace (C:\\Users\\PROGRESSIVE\\Desktop\\express-money-transfer\\node_modules\\mongoose\\lib\\tracing.js:25:14)\n    at model.save (C:\\Users\\PROGRESSIVE\\Desktop\\express-money-transfer\\node_modules\\mongoose\\lib\\model.js:674:10)\n    at model.create (C:\\Users\\PROGRESSIVE\\Desktop\\express-money-transfer\\node_modules\\mongoose\\lib\\model.js:2765:18)\n    at createAccount (file:///C:/Users/PROGRESSIVE/Desktop/express-money-transfer/services/account.js:23:40)","timestamp":"2026-09-16T18:23:24.691Z"}
{"level":"info","message":"POST /api/v1/accounts 500 34 - 6.282 ms","timestamp":"2026-09-16T18:23:24.693Z"}
{"level":"error","message":"EXPRESS ERROR HANDLER: next is not a function","stack":"TypeError: next is not a function\n    at model.<anonymous> (file:///C:/Users/PROGRESSIVE/Desktop/express-money-transfer/models/accounts.js:16:5)\n    at Kareem.execPre (C:\\Users\\PROGRESSIVE\\Desktop\\express-money-transfer\\node_modules\\kareem\\index.js:59:39)\n    at model._execDocumentPreHooks (C:\\Users\\PROGRESSIVE\\Desktop\\express-money-transfer\\node_modules\\mongoose\\lib\\document.js:3327:29)\n    at model.validate (C:\\Users\\PROGRESSIVE\\Desktop\\express-money-transfer\\node_modules\\mongoose\\lib\\document.js:2769:32)\n    at model.$__save (C:\\Users\\PROGRESSIVE\\Desktop\\express-money-transfer\\node_modules\\mongoose\\lib\\model.js:399:18)\n    at maybeTracedSave (C:\\Users\\PROGRESSIVE\\Desktop\\express-money-transfer\\node_modules\\mongoose\\lib\\model.js:676:19)\n    at trace (C:\\Users\\PROGRESSIVE\\Desktop\\express-money-transfer\\node_modules\\mongoose\\lib\\tracing.js:25:14)\n    at model.save (C:\\Users\\PROGRESSIVE\\Desktop\\express-money-transfer\\node_modules\\mongoose\\lib\\model.js:674:10)\n    at model.create (C:\\Users\\PROGRESSIVE\\Desktop\\express-money-transfer\\node_modules\\mongoose\\lib\\model.js:2765:18)\n    at createAccount (file:///C:/Users/PROGRESSIVE/Desktop/express-money-transfer/services/account.js:23:40)","timestamp":"2026-09-16T18:23:24.704Z"}
{"level":"info","message":"POST /api/v1/accounts 500 34 - 5.211 ms","timestamp":"2026-09-16T18:23:24.705Z"}
{"level":"info","message":"GET /api/v1/accounts 200 2 - 8.546 ms","timestamp":"2026-09-16T18:23:24.736Z"}
{"details":null,"level":"warn","message":"DOMAIN EXCEPTION: Authentication required","statusCode":401,"timestamp":"2026-09-16T18:23:24.756Z"}
{"level":"info","message":"GET /api/v1/accounts 401 35 - 1.519 ms","timestamp":"2026-09-16T18:23:24.758Z"}
{"accountId":"1789583204807g0eji3","level":"info","message":"Account created","timestamp":"2026-09-16T18:26:44.914Z"}
{"level":"info","message":"POST /api/v1/accounts 201 129 - 120.015 ms","timestamp":"2026-09-16T18:26:44.929Z"}
{"accountId":"1789583204977zk32ac","level":"info","message":"Account created","timestamp":"2026-09-16T18:26:44.988Z"}
{"level":"info","message":"POST /api/v1/accounts 201 134 - 12.963 ms","timestamp":"2026-09-16T18:26:44.990Z"}
{"details":{"email":"duplicate@example.com","resource":"Account"},"level":"warn","message":"DOMAIN EXCEPTION: Account already exists for this email","statusCode":409,"timestamp":"2026-09-16T18:26:45.005Z"}
{"level":"info","message":"POST /api/v1/accounts 409 114 - 6.778 ms","timestamp":"2026-09-16T18:26:45.007Z"}
{"level":"info","message":"GET /api/v1/accounts 200 2 - 11.026 ms","timestamp":"2026-09-16T18:26:45.052Z"}
{"details":null,"level":"warn","message":"DOMAIN EXCEPTION: Authentication required","statusCode":401,"timestamp":"2026-09-16T18:26:45.072Z"}
{"level":"info","message":"GET /api/v1/accounts 401 35 - 1.407 ms","timestamp":"2026-09-16T18:26:45.074Z"}
{"accountId":"17895834660910zpgw3","level":"info","message":"Account created","timestamp":"2026-09-16T18:31:08.000Z"}
{"level":"info","message":"POST /api/v1/accounts 201 129 - 1921.193 ms","timestamp":"2026-09-16T18:31:08.010Z"}
{"accountId":"1789583468063xdu3aw","level":"info","message":"Account created","timestamp":"2026-09-16T18:31:08.072Z"}
{"level":"info","message":"POST /api/v1/accounts 201 134 - 9.819 ms","timestamp":"2026-09-16T18:31:08.073Z"}
{"details":{"email":"duplicate@example.com","resource":"Account"},"level":"warn","message":"DOMAIN EXCEPTION: Account already exists for this email","statusCode":409,"timestamp":"2026-09-16T18:31:08.085Z"}
{"level":"info","message":"POST /api/v1/accounts 409 114 - 6.819 ms","timestamp":"2026-09-16T18:31:08.086Z"}
{"level":"info","message":"GET /api/v1/accounts 200 2 - 5.918 ms","timestamp":"2026-09-16T18:31:08.116Z"}
{"details":null,"level":"warn","message":"DOMAIN EXCEPTION: Authentication required","statusCode":401,"timestamp":"2026-09-16T18:31:08.131Z"}
{"level":"info","message":"GET /api/v1/accounts 401 35 - 1.614 ms","timestamp":"2026-09-16T18:31:08.133Z"}
{"accountId":"1789583468149genet0","level":"info","message":"Account created","timestamp":"2026-09-16T18:31:08.158Z"}
{"level":"info","message":"POST /api/v1/accounts 201 142 - 10.196 ms","timestamp":"2026-09-16T18:31:08.159Z"}
{"level":"info","message":"DELETE /api/v1/accounts/1789583468149genet0 200 42 - 12.384 ms","timestamp":"2026-09-16T18:31:08.177Z"}
{"accountId":"1789583468197dgl89g","level":"info","message":"Account created","timestamp":"2026-09-16T18:31:08.204Z"}
{"level":"info","message":"POST /api/v1/accounts 201 133 - 8.570 ms","timestamp":"2026-09-16T18:31:08.206Z"}
{"accountId":"1789583468212l2bn0f","level":"info","message":"Account created","timestamp":"2026-09-16T18:31:08.220Z"}
{"level":"info","message":"POST /api/v1/accounts 201 138 - 9.063 ms","timestamp":"2026-09-16T18:31:08.221Z"}
{"level":"info","message":"DELETE /api/v1/accounts/1789583468212l2bn0f 200 42 - 8.082 ms","timestamp":"2026-09-16T18:31:08.236Z"}
{"level":"info","message":"GET /api/v1/accounts 200 135 - 3.282 ms","timestamp":"2026-09-16T18:31:08.245Z"}
{"details":{"id":"non-existent-account-id","reason":"Not Found","resource":"Account"},"level":"warn","message":"DOMAIN EXCEPTION: Account not found","statusCode":404,"timestamp":"2026-09-16T18:31:08.267Z"}
{"level":"info","message":"DELETE /api/v1/accounts/non-existent-account-id 404 114 - 4.589 ms","timestamp":"2026-09-16T18:31:08.268Z"}
{"accountId":"acc-bob","level":"info","message":"Account created","timestamp":"2026-09-16T18:32:07.041Z"}
{"amount":"5000","fromAccountId":"acc-1","initiatedBy":"usr-1","level":"info","message":"Transfer completed","timestamp":"2026-09-16T18:32:07.068Z","toAccountId":"acc-2","transferId":"tr-1"}
{"accountId":"1789583529822f76bef","level":"info","message":"Account created","timestamp":"2026-09-16T18:32:10.168Z"}
{"level":"info","message":"POST /api/v1/accounts 201 129 - 360.566 ms","timestamp":"2026-09-16T18:32:10.179Z"}
{"accountId":"17895835302132crray","level":"info","message":"Account created","timestamp":"2026-09-16T18:32:10.224Z"}
{"level":"info","message":"POST /api/v1/accounts 201 134 - 12.721 ms","timestamp":"2026-09-16T18:32:10.225Z"}
{"details":{"email":"duplicate@example.com","resource":"Account"},"level":"warn","message":"DOMAIN EXCEPTION: Account already exists for this email","statusCode":409,"timestamp":"2026-09-16T18:32:10.242Z"}
{"level":"info","message":"POST /api/v1/accounts 409 114 - 8.538 ms","timestamp":"2026-09-16T18:32:10.244Z"}
{"level":"info","message":"GET /api/v1/accounts 200 2 - 8.771 ms","timestamp":"2026-09-16T18:32:10.281Z"}
{"details":null,"level":"warn","message":"DOMAIN EXCEPTION: Authentication required","statusCode":401,"timestamp":"2026-09-16T18:32:10.303Z"}
{"level":"info","message":"GET /api/v1/accounts 401 35 - 1.463 ms","timestamp":"2026-09-16T18:32:10.305Z"}
{"accountId":"17895835303286ps6fu","level":"info","message":"Account created","timestamp":"2026-09-16T18:32:10.341Z"}
{"level":"info","message":"POST /api/v1/accounts 201 142 - 14.462 ms","timestamp":"2026-09-16T18:32:10.343Z"}
{"level":"info","message":"DELETE /api/v1/accounts/17895835303286ps6fu 200 42 - 20.920 ms","timestamp":"2026-09-16T18:32:10.374Z"}
{"accountId":"1789583530437wxchmr","level":"info","message":"Account created","timestamp":"2026-09-16T18:32:10.448Z"}
{"level":"info","message":"POST /api/v1/accounts 201 133 - 12.064 ms","timestamp":"2026-09-16T18:32:10.450Z"}
{"accountId":"17895835304582qlca7","level":"info","message":"Account created","timestamp":"2026-09-16T18:32:10.467Z"}
{"level":"info","message":"POST /api/v1/accounts 201 138 - 10.657 ms","timestamp":"2026-09-16T18:32:10.470Z"}
{"level":"info","message":"DELETE /api/v1/accounts/17895835304582qlca7 200 42 - 9.867 ms","timestamp":"2026-09-16T18:32:10.489Z"}
{"level":"info","message":"GET /api/v1/accounts 200 135 - 6.381 ms","timestamp":"2026-09-16T18:32:10.503Z"}
{"details":{"id":"non-existent-account-id","reason":"Not Found","resource":"Account"},"level":"warn","message":"DOMAIN EXCEPTION: Account not found","statusCode":404,"timestamp":"2026-09-16T18:32:10.535Z"}
{"level":"info","message":"DELETE /api/v1/accounts/non-existent-account-id 404 114 - 6.711 ms","timestamp":"2026-09-16T18:32:10.536Z"}
{"accountId":"acc-bob","level":"info","message":"Account created","timestamp":"2026-09-16T21:31:57.050Z"}
{"amount":"5000","fromAccountId":"acc-1","initiatedBy":"usr-1","level":"info","message":"Transfer completed","timestamp":"2026-09-16T21:31:57.088Z","toAccountId":"acc-2","transferId":"tr-1"}
{"accountId":"1789594321670o84euo","level":"info","message":"Account created","timestamp":"2026-09-16T21:32:01.835Z"}
{"level":"info","message":"POST /api/v1/accounts 201 129 - 187.114 ms","timestamp":"2026-09-16T21:32:01.859Z"}
{"accountId":"17895943219441tfmhe","level":"info","message":"Account created","timestamp":"2026-09-16T21:32:01.956Z"}
{"level":"info","message":"POST /api/v1/accounts 201 134 - 13.939 ms","timestamp":"2026-09-16T21:32:01.957Z"}
{"details":{"email":"duplicate@example.com","resource":"Account"},"level":"warn","message":"DOMAIN EXCEPTION: Account already exists for this email","statusCode":409,"timestamp":"2026-09-16T21:32:01.975Z"}
{"level":"info","message":"POST /api/v1/accounts 409 114 - 10.292 ms","timestamp":"2026-09-16T21:32:01.977Z"}
{"level":"info","message":"GET /api/v1/accounts 200 2 - 7.102 ms","timestamp":"2026-09-16T21:32:02.063Z"}
{"details":null,"level":"warn","message":"DOMAIN EXCEPTION: Authentication required","statusCode":401,"timestamp":"2026-09-16T21:32:02.088Z"}
{"level":"info","message":"GET /api/v1/accounts 401 35 - 1.609 ms","timestamp":"2026-09-16T21:32:02.090Z"}
{"accountId":"17895943221143wddjq","level":"info","message":"Account created","timestamp":"2026-09-16T21:32:02.168Z"}
{"level":"info","message":"POST /api/v1/accounts 201 142 - 54.424 ms","timestamp":"2026-09-16T21:32:02.169Z"}
{"level":"info","message":"DELETE /api/v1/accounts/17895943221143wddjq 200 42 - 58.328 ms","timestamp":"2026-09-16T21:32:02.238Z"}
{"accountId":"1789594322266vla8uj","level":"info","message":"Account created","timestamp":"2026-09-16T21:32:02.310Z"}
{"level":"info","message":"POST /api/v1/accounts 201 133 - 45.162 ms","timestamp":"2026-09-16T21:32:02.311Z"}
{"accountId":"17895943223219b8pdk","level":"info","message":"Account created","timestamp":"2026-09-16T21:32:02.348Z"}
{"level":"info","message":"POST /api/v1/accounts 201 138 - 28.059 ms","timestamp":"2026-09-16T21:32:02.349Z"}
{"level":"info","message":"DELETE /api/v1/accounts/17895943223219b8pdk 200 42 - 55.494 ms","timestamp":"2026-09-16T21:32:02.417Z"}
{"level":"info","message":"GET /api/v1/accounts 200 135 - 4.417 ms","timestamp":"2026-09-16T21:32:02.427Z"}
{"details":{"id":"non-existent-account-id","reason":"Not Found","resource":"Account"},"level":"warn","message":"DOMAIN EXCEPTION: Account not found","statusCode":404,"timestamp":"2026-09-16T21:32:02.541Z"}
{"level":"info","message":"DELETE /api/v1/accounts/non-existent-account-id 404 114 - 6.936 ms","timestamp":"2026-09-16T21:32:02.542Z"}
{"accountId":"acc-bob","level":"info","message":"Account created","timestamp":"2026-09-16T21:37:49.501Z"}
{"amount":"5000","fromAccountId":"acc-1","initiatedBy":"usr-1","level":"info","message":"Transfer completed","timestamp":"2026-09-16T21:37:49.534Z","toAccountId":"acc-2","transferId":"tr-1"}
{"accountId":"1789594672213hcpr11","level":"info","message":"Account created","timestamp":"2026-09-16T21:37:52.307Z"}
{"level":"info","message":"POST /api/v1/accounts 201 129 - 111.978 ms","timestamp":"2026-09-16T21:37:52.326Z"}
{"accountId":"1789594672399etny97","level":"info","message":"Account created","timestamp":"2026-09-16T21:37:52.411Z"}
{"level":"info","message":"POST /api/v1/accounts 201 134 - 13.873 ms","timestamp":"2026-09-16T21:37:52.412Z"}
{"details":{"email":"duplicate@example.com","resource":"Account"},"level":"warn","message":"DOMAIN EXCEPTION: Account already exists for this email","statusCode":409,"timestamp":"2026-09-16T21:37:52.429Z"}
{"level":"info","message":"POST /api/v1/accounts 409 114 - 9.869 ms","timestamp":"2026-09-16T21:37:52.431Z"}
{"level":"info","message":"GET /api/v1/accounts 200 2 - 7.158 ms","timestamp":"2026-09-16T21:37:52.472Z"}
{"details":null,"level":"warn","message":"DOMAIN EXCEPTION: Authentication required","statusCode":401,"timestamp":"2026-09-16T21:37:52.493Z"}
{"level":"info","message":"GET /api/v1/accounts 401 35 - 1.552 ms","timestamp":"2026-09-16T21:37:52.495Z"}
{"accountId":"17895946725143e1046","level":"info","message":"Account created","timestamp":"2026-09-16T21:37:52.522Z"}
{"level":"info","message":"POST /api/v1/accounts 201 142 - 9.659 ms","timestamp":"2026-09-16T21:37:52.524Z"}
{"level":"info","message":"DELETE /api/v1/accounts/17895946725143e1046 200 42 - 14.187 ms","timestamp":"2026-09-16T21:37:52.546Z"}
{"accountId":"1789594672573h80pu1","level":"info","message":"Account created","timestamp":"2026-09-16T21:37:52.583Z"}
{"level":"info","message":"POST /api/v1/accounts 201 133 - 10.221 ms","timestamp":"2026-09-16T21:37:52.584Z"}
{"accountId":"1789594672593gwshia","level":"info","message":"Account created","timestamp":"2026-09-16T21:37:52.601Z"}
{"level":"info","message":"POST /api/v1/accounts 201 138 - 9.389 ms","timestamp":"2026-09-16T21:37:52.603Z"}
{"level":"info","message":"DELETE /api/v1/accounts/1789594672593gwshia 200 42 - 10.239 ms","timestamp":"2026-09-16T21:37:52.621Z"}
{"level":"info","message":"GET /api/v1/accounts 200 135 - 4.292 ms","timestamp":"2026-09-16T21:37:52.631Z"}
{"details":{"id":"non-existent-account-id","reason":"Not Found","resource":"Account"},"level":"warn","message":"DOMAIN EXCEPTION: Account not found","statusCode":404,"timestamp":"2026-09-16T21:37:52.654Z"}
{"level":"info","message":"DELETE /api/v1/accounts/non-existent-account-id 404 114 - 5.200 ms","timestamp":"2026-09-16T21:37:52.655Z"}
{"level":"info","message":"Connected to MongoDB","timestamp":"2026-09-17T08:53:16.195Z"}
{"level":"info","message":"Server running on port 8000","timestamp":"2026-09-17T08:53:16.212Z"}
{"level":"info","message":"Connected to MongoDB","timestamp":"2026-09-17T10:01:12.060Z"}
{"level":"info","message":"Server running on port 8000","timestamp":"2026-09-17T10:01:12.077Z"}
{"level":"info","message":"Connected to MongoDB","timestamp":"2026-09-17T13:05:15.226Z"}
{"level":"info","message":"Server running on port 8000","timestamp":"2026-09-17T13:05:15.235Z"}
{"level":"info","message":"Connected to MongoDB","timestamp":"2026-09-17T13:07:17.169Z"}
{"level":"info","message":"Server running on port 8000","timestamp":"2026-09-17T13:07:17.185Z"}
{"accountId":"acc-bob","level":"info","message":"Account created","timestamp":"2026-09-17T13:35:00.861Z"}
{"amount":"5000","fromAccountId":"acc-1","initiatedBy":"usr-1","level":"info","message":"Transfer completed","timestamp":"2026-09-17T13:35:00.909Z","toAccountId":"acc-2","transferId":"tr-1"}
{"details":null,"level":"warn","message":"DOMAIN EXCEPTION: Authentication required","statusCode":401,"timestamp":"2026-09-17T13:35:10.329Z"}
{"details":null,"level":"warn","message":"DOMAIN EXCEPTION: Authentication required","statusCode":401,"timestamp":"2026-09-17T13:35:10.341Z"}
{"level":"info","message":"GET /api/v1/accounts 401 35 - 21.369 ms","timestamp":"2026-09-17T13:35:10.358Z"}
{"level":"info","message":"GET /api/v1/accounts 401 35 - 27.117 ms","timestamp":"2026-09-17T13:35:10.372Z"}
{"level":"info","message":"GET /api/v1/accounts 200 2 - 45.944 ms","timestamp":"2026-09-17T13:35:10.470Z"}
{"level":"info","message":"POST /api/v1/auth/token 200 303 - 9.863 ms","timestamp":"2026-09-17T13:35:10.927Z"}
{"details":null,"level":"warn","message":"DOMAIN EXCEPTION: Authentication required","statusCode":401,"timestamp":"2026-09-17T13:35:10.932Z"}
{"level":"info","message":"POST /api/v1/transfers 401 35 - 32.809 ms","timestamp":"2026-09-17T13:35:10.958Z"}
{"accountId":"1789652110928td56nx","level":"info","message":"Account created","timestamp":"2026-09-17T13:35:11.055Z"}
{"details":null,"level":"warn","message":"DOMAIN EXCEPTION: Admin or Superadmin cannot perform this action","statusCode":403,"timestamp":"2026-09-17T13:35:11.073Z"}
{"level":"info","message":"POST /api/v1/transfers 403 58 - 5.056 ms","timestamp":"2026-09-17T13:35:11.075Z"}
{"level":"info","message":"POST /api/v1/accounts 201 129 - 167.488 ms","timestamp":"2026-09-17T13:35:11.099Z"}
{"accountId":"1789652111221o5ufqp","level":"info","message":"Account created","timestamp":"2026-09-17T13:35:11.256Z"}
{"level":"info","message":"POST /api/v1/accounts 201 134 - 37.148 ms","timestamp":"2026-09-17T13:35:11.258Z"}
{"details":{"email":"duplicate@example.com","resource":"Account"},"level":"warn","message":"DOMAIN EXCEPTION: Account already exists for this email","statusCode":409,"timestamp":"2026-09-17T13:35:11.282Z"}
{"level":"info","message":"POST /api/v1/accounts 409 114 - 12.194 ms","timestamp":"2026-09-17T13:35:11.284Z"}
{"details":null,"level":"warn","message":"DOMAIN EXCEPTION: Missing Idempotency-Key header","statusCode":400,"timestamp":"2026-09-17T13:35:11.310Z"}
{"level":"info","message":"POST /api/v1/transfers 400 42 - 3.932 ms","timestamp":"2026-09-17T13:35:11.312Z"}
{"level":"info","message":"GET /api/v1/accounts 200 2 - 11.348 ms","timestamp":"2026-09-17T13:35:11.337Z"}
{"details":null,"level":"warn","message":"DOMAIN EXCEPTION: Authentication required","statusCode":401,"timestamp":"2026-09-17T13:35:11.365Z"}
{"level":"info","message":"GET /api/v1/accounts 401 35 - 1.589 ms","timestamp":"2026-09-17T13:35:11.366Z"}
{"level":"info","message":"POST /api/v1/auth/signup 201 597 - 436.990 ms","timestamp":"2026-09-17T13:35:11.408Z"}
{"accountId":"1789652111394qswjn6","level":"info","message":"Account created","timestamp":"2026-09-17T13:35:11.406Z"}
{"level":"info","message":"POST /api/v1/accounts 201 142 - 13.951 ms","timestamp":"2026-09-17T13:35:11.408Z"}
{"level":"info","message":"GET /api/v1/auth/me 200 138 - 11.403 ms","timestamp":"2026-09-17T13:35:11.430Z"}
{"level":"info","message":"POST /api/v1/auth/signup 201 587 - 531.208 ms","timestamp":"2026-09-17T13:35:11.444Z"}
{"level":"info","message":"DELETE /api/v1/accounts/1789652111394qswjn6 200 42 - 25.685 ms","timestamp":"2026-09-17T13:35:11.445Z"}
{"accountId":"1789652111460row47p","level":"info","message":"Account created","timestamp":"2026-09-17T13:35:11.472Z"}
{"level":"info","message":"POST /api/v1/accounts 201 129 - 18.355 ms","timestamp":"2026-09-17T13:35:11.474Z"}
{"details":{"email":"alice@example.com","resource":"Account"},"level":"warn","message":"DOMAIN EXCEPTION: Account already exists for this email","statusCode":409,"timestamp":"2026-09-17T13:35:11.493Z"}
{"accountId":"1789652111485ozipny","level":"info","message":"Account created","timestamp":"2026-09-17T13:35:11.496Z"}
{"level":"info","message":"POST /api/v1/accounts 201 133 - 12.870 ms","timestamp":"2026-09-17T13:35:11.498Z"}
{"level":"info","message":"POST /api/v1/accounts 409 110 - 10.517 ms","timestamp":"2026-09-17T13:35:11.495Z"}
{"errors":[{"code":"too_small","exact":false,"inclusive":false,"message":"Amount must be a positive number","minimum":0,"path":["amountMinor"],"type":"number"},{"code":"too_small","exact":false,"inclusive":true,"message":"Amount must be at least 1","minimum":1,"path":["amountMinor"],"type":"number"}],"level":"error","message":"Validation error:","timestamp":"2026-09-17T13:35:11.512Z"}
{"level":"info","message":"POST /api/v1/transfers 400 301 - 4.404 ms","timestamp":"2026-09-17T13:35:11.514Z"}
{"accountId":"1789652111509z2l45f","level":"info","message":"Account created","timestamp":"2026-09-17T13:35:11.533Z"}
{"level":"info","message":"POST /api/v1/accounts 201 138 - 26.460 ms","timestamp":"2026-09-17T13:35:11.535Z"}
{"details":null,"level":"warn","message":"DOMAIN EXCEPTION: Missing Idempotency-Key header","statusCode":400,"timestamp":"2026-09-17T13:35:11.554Z"}
{"level":"info","message":"POST /api/v1/transfers 400 42 - 29.698 ms","timestamp":"2026-09-17T13:35:11.555Z"}
{"level":"info","message":"DELETE /api/v1/accounts/1789652111509z2l45f 200 42 - 11.773 ms","timestamp":"2026-09-17T13:35:11.560Z"}
{"level":"info","message":"GET /api/v1/accounts 200 135 - 6.231 ms","timestamp":"2026-09-17T13:35:11.576Z"}
{"details":{"id":"non-existent-account-id","reason":"Not Found","resource":"Account"},"level":"warn","message":"DOMAIN EXCEPTION: Account not found","statusCode":404,"timestamp":"2026-09-17T13:35:11.607Z"}
{"level":"info","message":"DELETE /api/v1/accounts/non-existent-account-id 404 114 - 7.024 ms","timestamp":"2026-09-17T13:35:11.609Z"}
{"level":"info","message":"POST /api/v1/auth/signup 201 563 - 276.878 ms","timestamp":"2026-09-17T13:35:11.628Z"}
{"level":"info","message":"POST /api/v1/auth/signup 201 595 - 244.938 ms","timestamp":"2026-09-17T13:35:11.707Z"}
{"details":{"email":"duplicate@test.com"},"level":"warn","message":"DOMAIN EXCEPTION: User with this email already exists","statusCode":409,"timestamp":"2026-09-17T13:35:11.722Z"}
{"level":"info","message":"POST /api/v1/auth/signup 409 88 - 6.192 ms","timestamp":"2026-09-17T13:35:11.724Z"}
{"level":"info","message":"POST /api/v1/auth/signup 201 548 - 298.017 ms","timestamp":"2026-09-17T13:35:11.938Z"}
{"details":null,"level":"warn","message":"DOMAIN EXCEPTION: Missing Idempotency-Key header","statusCode":400,"timestamp":"2026-09-17T13:35:11.955Z"}
{"level":"info","message":"POST /api/v1/transfers 400 42 - 4.077 ms","timestamp":"2026-09-17T13:35:11.957Z"}
{"level":"info","message":"POST /api/v1/auth/signup 201 563 - 162.966 ms","timestamp":"2026-09-17T13:35:12.154Z"}
{"accountId":"1789652112165nag4n6","level":"info","message":"Account created","timestamp":"2026-09-17T13:35:12.179Z"}
{"level":"info","message":"POST /api/v1/accounts 201 122 - 16.293 ms","timestamp":"2026-09-17T13:35:12.181Z"}
{"details":null,"level":"warn","message":"DOMAIN EXCEPTION: Missing Idempotency-Key header","statusCode":400,"timestamp":"2026-09-17T13:35:12.193Z"}
{"level":"info","message":"POST /api/v1/transfers 400 42 - 4.520 ms","timestamp":"2026-09-17T13:35:12.195Z"}
{"level":"info","message":"POST /api/v1/auth/login 200 315 - 422.958 ms","timestamp":"2026-09-17T13:35:12.483Z"}
{"level":"info","message":"POST /api/v1/auth/signup 201 563 - 313.401 ms","timestamp":"2026-09-17T13:35:12.547Z"}
{"errors":[{"code":"custom","message":"Cannot transfer to the same account","path":["toAccountId"]}],"level":"error","message":"Validation error:","timestamp":"2026-09-17T13:35:12.557Z"}
{"level":"info","message":"POST /api/v1/transfers 400 100 - 3.098 ms","timestamp":"2026-09-17T13:35:12.558Z"}
{"level":"info","message":"POST /api/v1/auth/signup 201 563 - 183.834 ms","timestamp":"2026-09-17T13:35:12.793Z"}
{"details":null,"level":"warn","message":"DOMAIN EXCEPTION: Missing Idempotency-Key header","statusCode":400,"timestamp":"2026-09-17T13:35:12.802Z"}
{"level":"info","message":"POST /api/v1/transfers 400 42 - 1.687 ms","timestamp":"2026-09-17T13:35:12.803Z"}
{"level":"info","message":"POST /api/v1/auth/login 200 420 - 157.536 ms","timestamp":"2026-09-17T13:35:12.901Z"}
{"level":"info","message":"GET /api/v1/auth/me 200 126 - 7.673 ms","timestamp":"2026-09-17T13:35:12.920Z"}
{"level":"info","message":"POST /api/v1/auth/signup 201 563 - 177.169 ms","timestamp":"2026-09-17T13:35:13.027Z"}
{"accountId":"1789652113036oacqk5","level":"info","message":"Account created","timestamp":"2026-09-17T13:35:13.060Z"}
{"level":"info","message":"POST /api/v1/accounts 201 122 - 25.029 ms","timestamp":"2026-09-17T13:35:13.061Z"}
{"details":null,"level":"warn","message":"DOMAIN EXCEPTION: Missing Idempotency-Key header","statusCode":400,"timestamp":"2026-09-17T13:35:13.069Z"}
{"level":"info","message":"POST /api/v1/transfers 400 42 - 1.605 ms","timestamp":"2026-09-17T13:35:13.070Z"}
{"details":null,"level":"warn","message":"DOMAIN EXCEPTION: Invalid email or password","statusCode":401,"timestamp":"2026-09-17T13:35:13.270Z"}
{"level":"info","message":"POST /api/v1/auth/login 401 37 - 152.673 ms","timestamp":"2026-09-17T13:35:13.272Z"}
{"details":null,"level":"warn","message":"DOMAIN EXCEPTION: Authentication required","statusCode":401,"timestamp":"2026-09-17T13:35:13.312Z"}
{"level":"info","message":"GET /api/v1/auth/me 401 35 - 1.788 ms","timestamp":"2026-09-17T13:35:13.313Z"}
{"level":"info","message":"POST /api/v1/auth/signup 201 561 - 188.543 ms","timestamp":"2026-09-17T13:35:13.313Z"}
{"details":null,"level":"warn","message":"DOMAIN EXCEPTION: Authentication required","statusCode":401,"timestamp":"2026-09-17T13:35:13.336Z"}
{"level":"info","message":"GET /api/v1/admin/stats 401 35 - 1.598 ms","timestamp":"2026-09-17T13:35:13.337Z"}
{"accountId":"17896521133236hy5x8","level":"info","message":"Account created","timestamp":"2026-09-17T13:35:13.342Z"}
{"level":"info","message":"POST /api/v1/accounts 201 122 - 20.300 ms","timestamp":"2026-09-17T13:35:13.343Z"}
{"details":null,"level":"warn","message":"DOMAIN EXCEPTION: Missing Idempotency-Key header","statusCode":400,"timestamp":"2026-09-17T13:35:13.353Z"}
{"level":"info","message":"POST /api/v1/transfers 400 42 - 2.107 ms","timestamp":"2026-09-17T13:35:13.354Z"}
{"level":"info","message":"POST /api/v1/auth/token 200 305 - 1.036 ms","timestamp":"2026-09-17T13:35:13.361Z"}
{"details":{"requiredRoles":["admin"],"userRole":"user"},"level":"warn","message":"DOMAIN EXCEPTION: Forbidden: Insufficient permissions","statusCode":403,"timestamp":"2026-09-17T13:35:13.370Z"}
{"level":"info","message":"GET /api/v1/admin/stats 403 103 - 3.023 ms","timestamp":"2026-09-17T13:35:13.371Z"}
{"accountId":"1789652113403n3ae78","level":"info","message":"Account created","timestamp":"2026-09-17T13:35:13.420Z"}
{"level":"info","message":"POST /api/v1/accounts 201 139 - 23.302 ms","timestamp":"2026-09-17T13:35:13.422Z"}
{"level":"info","message":"POST /api/v1/auth/token 200 315 - 1.167 ms","timestamp":"2026-09-17T13:35:13.436Z"}
{"level":"info","message":"GET /api/v1/admin/stats 200 66 - 27.797 ms","timestamp":"2026-09-17T13:35:13.473Z"}
{"key":"key-1","level":"info","message":"Idempotent replay","timestamp":"2026-09-17T13:36:31.290Z","userId":"user-1"}
{"key":"key-1","level":"info","message":"Idempotent replay","timestamp":"2026-09-17T13:37:07.915Z","userId":"user-1"}
{"key":"key-1","level":"info","message":"Idempotent replay","timestamp":"2026-09-17T13:37:18.018Z","userId":"user-1"}
{"accountId":"acc-bob","level":"info","message":"Account created","timestamp":"2026-09-17T13:37:18.017Z"}
{"amount":"5000","fromAccountId":"acc-1","initiatedBy":"usr-1","level":"info","message":"Transfer completed","timestamp":"2026-09-17T13:37:18.042Z","toAccountId":"acc-2","transferId":"tr-1"}
{"accountId":"1789652240885m6f678","level":"info","message":"Account created","timestamp":"2026-09-17T13:37:20.946Z"}
{"level":"info","message":"POST /api/v1/accounts 201 129 - 76.813 ms","timestamp":"2026-09-17T13:37:20.960Z"}
{"accountId":"1789652241009ba3kde","level":"info","message":"Account created","timestamp":"2026-09-17T13:37:21.019Z"}
{"level":"info","message":"POST /api/v1/accounts 201 134 - 12.012 ms","timestamp":"2026-09-17T13:37:21.021Z"}
{"details":{"email":"duplicate@example.com","resource":"Account"},"level":"warn","message":"DOMAIN EXCEPTION: Account already exists for this email","statusCode":409,"timestamp":"2026-09-17T13:37:21.039Z"}
{"level":"info","message":"POST /api/v1/accounts 409 114 - 9.867 ms","timestamp":"2026-09-17T13:37:21.041Z"}
{"level":"info","message":"GET /api/v1/accounts 200 2 - 9.321 ms","timestamp":"2026-09-17T13:37:21.082Z"}
{"details":null,"level":"warn","message":"DOMAIN EXCEPTION: Authentication required","statusCode":401,"timestamp":"2026-09-17T13:37:21.105Z"}
{"level":"info","message":"GET /api/v1/accounts 401 35 - 1.287 ms","timestamp":"2026-09-17T13:37:21.107Z"}
{"accountId":"17896522411288nvxkp","level":"info","message":"Account created","timestamp":"2026-09-17T13:37:21.137Z"}
{"level":"info","message":"POST /api/v1/accounts 201 142 - 10.505 ms","timestamp":"2026-09-17T13:37:21.139Z"}
{"level":"info","message":"DELETE /api/v1/accounts/17896522411288nvxkp 200 42 - 14.809 ms","timestamp":"2026-09-17T13:37:21.163Z"}
{"accountId":"1789652241187420vh5","level":"info","message":"Account created","timestamp":"2026-09-17T13:37:21.196Z"}
{"level":"info","message":"POST /api/v1/accounts 201 133 - 10.168 ms","timestamp":"2026-09-17T13:37:21.197Z"}
{"accountId":"178965224120524ro1u","level":"info","message":"Account created","timestamp":"2026-09-17T13:37:21.213Z"}
{"level":"info","message":"POST /api/v1/accounts 201 138 - 9.047 ms","timestamp":"2026-09-17T13:37:21.214Z"}
{"level":"info","message":"DELETE /api/v1/accounts/178965224120524ro1u 200 42 - 9.089 ms","timestamp":"2026-09-17T13:37:21.231Z"}
{"level":"info","message":"GET /api/v1/accounts 200 135 - 3.611 ms","timestamp":"2026-09-17T13:37:21.241Z"}
{"details":{"id":"non-existent-account-id","reason":"Not Found","resource":"Account"},"level":"warn","message":"DOMAIN EXCEPTION: Account not found","statusCode":404,"timestamp":"2026-09-17T13:37:21.268Z"}
{"level":"info","message":"DELETE /api/v1/accounts/non-existent-account-id 404 114 - 4.449 ms","timestamp":"2026-09-17T13:37:21.268Z"}
{"level":"info","message":"Connected to MongoDB","timestamp":"2026-09-17T18:55:11.177Z"}
{"level":"info","message":"Server running on port 8000","timestamp":"2026-09-17T18:55:11.196Z"}
{"level":"info","message":"Connected to MongoDB","timestamp":"2026-09-17T18:55:16.889Z"}
{"level":"info","message":"Server running on port 8000","timestamp":"2026-09-17T18:55:16.920Z"}
{"key":"key-1","level":"info","message":"Idempotent replay","timestamp":"2026-09-17T18:55:27.665Z","userId":"user-1"}
{"accountId":"acc-bob","level":"info","message":"Account created","timestamp":"2026-09-17T18:55:28.618Z"}
{"details":null,"level":"warn","message":"DOMAIN EXCEPTION: Authentication required","statusCode":401,"timestamp":"2026-09-17T18:55:37.726Z"}
{"level":"info","message":"GET /api/v1/accounts 401 35 - 20.943 ms","timestamp":"2026-09-17T18:55:37.751Z"}
{"details":null,"level":"warn","message":"DOMAIN EXCEPTION: Authentication required","statusCode":401,"timestamp":"2026-09-17T18:55:37.769Z"}
{"level":"info","message":"GET /api/v1/accounts 401 35 - 18.774 ms","timestamp":"2026-09-17T18:55:37.790Z"}
{"level":"info","message":"GET /api/v1/accounts 200 2 - 93.282 ms","timestamp":"2026-09-17T18:55:37.879Z"}
{"details":null,"level":"warn","message":"DOMAIN EXCEPTION: Authentication required","statusCode":401,"timestamp":"2026-09-17T18:55:38.612Z"}
{"level":"info","message":"POST /api/v1/transfers 401 35 - 29.708 ms","timestamp":"2026-09-17T18:55:38.643Z"}
{"details":null,"level":"warn","message":"DOMAIN EXCEPTION: Admin or Superadmin cannot perform this action","statusCode":403,"timestamp":"2026-09-17T18:55:38.734Z"}
{"level":"info","message":"POST /api/v1/transfers 403 58 - 5.418 ms","timestamp":"2026-09-17T18:55:38.736Z"}
{"accountId":"17896713386158du4po","level":"info","message":"Account created","timestamp":"2026-09-17T18:55:39.075Z"}
{"level":"info","message":"POST /api/v1/auth/signup 201 587 - 481.177 ms","timestamp":"2026-09-17T18:55:39.082Z"}
{"level":"info","message":"POST /api/v1/accounts 201 129 - 480.280 ms","timestamp":"2026-09-17T18:55:39.090Z"}
{"level":"info","message":"POST /api/v1/auth/token 200 303 - 8.371 ms","timestamp":"2026-09-17T18:55:39.221Z"}
{"details":null,"level":"warn","message":"DOMAIN EXCEPTION: Authenticated user not found","statusCode":401,"timestamp":"2026-09-17T18:55:39.250Z"}
{"level":"info","message":"POST /api/v1/transfers 401 40 - 22.662 ms","timestamp":"2026-09-17T18:55:39.252Z"}
{"accountId":"1789671339237o89vt0","level":"info","message":"Account created","timestamp":"2026-09-17T18:55:39.375Z"}
{"level":"info","message":"POST /api/v1/accounts 201 134 - 140.431 ms","timestamp":"2026-09-17T18:55:39.378Z"}
{"details":{"email":"duplicate@example.com","resource":"Account"},"level":"warn","message":"DOMAIN EXCEPTION: Account already exists for this email","statusCode":409,"timestamp":"2026-09-17T18:55:39.403Z"}
{"level":"info","message":"POST /api/v1/accounts 409 114 - 12.498 ms","timestamp":"2026-09-17T18:55:39.405Z"}
{"level":"info","message":"GET /api/v1/accounts 200 2 - 11.746 ms","timestamp":"2026-09-17T18:55:39.453Z"}
{"accountId":"17896713391021uye7i","level":"info","message":"Account created","timestamp":"2026-09-17T18:55:39.452Z"}
{"level":"info","message":"POST /api/v1/accounts 201 129 - 355.263 ms","timestamp":"2026-09-17T18:55:39.454Z"}
{"details":{"email":"alice@example.com","resource":"Account"},"level":"warn","message":"DOMAIN EXCEPTION: Account already exists for this email","statusCode":409,"timestamp":"2026-09-17T18:55:39.476Z"}
{"level":"info","message":"POST /api/v1/accounts 409 110 - 12.017 ms","timestamp":"2026-09-17T18:55:39.479Z"}
{"details":null,"level":"warn","message":"DOMAIN EXCEPTION: Authentication required","statusCode":401,"timestamp":"2026-09-17T18:55:39.481Z"}
{"level":"info","message":"GET /api/v1/accounts 401 35 - 1.625 ms","timestamp":"2026-09-17T18:55:39.483Z"}
{"errors":[{"code":"too_small","exact":false,"inclusive":false,"message":"Amount must be a positive number","minimum":0,"path":["amountMinor"],"type":"number"},{"code":"too_small","exact":false,"inclusive":true,"message":"Amount must be at least 1","minimum":1,"path":["amountMinor"],"type":"number"}],"level":"error","message":"Validation error:","timestamp":"2026-09-17T18:55:39.492Z"}
{"level":"info","message":"POST /api/v1/transfers 400 301 - 4.433 ms","timestamp":"2026-09-17T18:55:39.495Z"}
{"accountId":"1789671339509tegys2","level":"info","message":"Account created","timestamp":"2026-09-17T18:55:39.532Z"}
{"level":"info","message":"POST /api/v1/accounts 201 142 - 24.177 ms","timestamp":"2026-09-17T18:55:39.533Z"}
{"details":{"fromBalance":"100000","transferAmount":"500000"},"level":"warn","message":"DOMAIN EXCEPTION: Insufficient funds","statusCode":400,"timestamp":"2026-09-17T18:55:39.545Z"}
{"level":"info","message":"POST /api/v1/transfers 400 91 - 40.889 ms","timestamp":"2026-09-17T18:55:39.547Z"}
{"level":"info","message":"POST /api/v1/auth/signup 201 595 - 301.508 ms","timestamp":"2026-09-17T18:55:39.555Z"}
{"level":"info","message":"GET /api/v1/auth/me 200 138 - 13.241 ms","timestamp":"2026-09-17T18:55:39.579Z"}
{"level":"info","message":"DELETE /api/v1/accounts/1789671339509tegys2 200 42 - 92.568 ms","timestamp":"2026-09-17T18:55:39.636Z"}
{"amount":"35000","fromAccountId":"1789671338627g40e07","initiatedBy":"1789671338627g40e07","level":"info","message":"Transfer completed","timestamp":"2026-09-17T18:55:39.680Z","toAccountId":"17896713391021uye7i","transferId":"6aac37ab73809a54c5cea915"}
{"level":"info","message":"POST /api/v1/transfers 201 257 - 124.573 ms","timestamp":"2026-09-17T18:55:39.681Z"}
{"level":"info","message":"POST /api/v1/auth/signup 201 563 - 222.118 ms","timestamp":"2026-09-17T18:55:39.678Z"}
{"level":"info","message":"GET /api/v1/transfers/6aac37ab73809a54c5cea915 200 257 - 8.143 ms","timestamp":"2026-09-17T18:55:39.699Z"}
{"level":"info","message":"GET /api/v1/accounts/1789671338627g40e07 200 133 - 5.461 ms","timestamp":"2026-09-17T18:55:39.712Z"}
{"level":"info","message":"GET /api/v1/accounts/17896713391021uye7i 200 129 - 4.469 ms","timestamp":"2026-09-17T18:55:39.726Z"}
{"accountId":"1789671339702opx304","level":"info","message":"Account created","timestamp":"2026-09-17T18:55:39.734Z"}
{"level":"info","message":"POST /api/v1/accounts 201 133 - 34.161 ms","timestamp":"2026-09-17T18:55:39.736Z"}
{"level":"info","message":"GET /api/v1/transfers?page=1&limit=10 200 259 - 7.656 ms","timestamp":"2026-09-17T18:55:39.741Z"}
{"accountId":"1789671339747l7qod2","level":"info","message":"Account created","timestamp":"2026-09-17T18:55:39.808Z"}
{"level":"info","message":"PATCH /api/v1/accounts/1789671338627g40e07 200 151 - 56.468 ms","timestamp":"2026-09-17T18:55:39.808Z"}
{"level":"info","message":"POST /api/v1/accounts 201 138 - 62.420 ms","timestamp":"2026-09-17T18:55:39.809Z"}
{"level":"info","message":"POST /api/v1/auth/signup 201 548 - 197.432 ms","timestamp":"2026-09-17T18:55:39.887Z"}
{"level":"info","message":"POST /api/v1/auth/signup 201 597 - 236.646 ms","timestamp":"2026-09-17T18:55:39.892Z"}
{"level":"info","message":"DELETE /api/v1/accounts/17896713391021uye7i 200 42 - 81.829 ms","timestamp":"2026-09-17T18:55:39.898Z"}
{"level":"info","message":"DELETE /api/v1/accounts/1789671339747l7qod2 200 42 - 80.759 ms","timestamp":"2026-09-17T18:55:39.900Z"}
{"details":{"email":"duplicate@test.com"},"level":"warn","message":"DOMAIN EXCEPTION: User with this email already exists","statusCode":409,"timestamp":"2026-09-17T18:55:39.927Z"}
{"level":"info","message":"POST /api/v1/auth/signup 409 88 - 12.560 ms","timestamp":"2026-09-17T18:55:39.930Z"}
{"level":"info","message":"GET /api/v1/accounts 200 135 - 8.576 ms","timestamp":"2026-09-17T18:55:39.933Z"}
{"details":{"id":"1789671339460dhjz9m","resource":"Account"},"level":"warn","message":"DOMAIN EXCEPTION: Cannot initiate transfer from an account you do not own","statusCode":403,"timestamp":"2026-09-17T18:55:39.927Z"}
{"level":"info","message":"POST /api/v1/transfers 403 127 - 13.156 ms","timestamp":"2026-09-17T18:55:39.929Z"}
{"level":"info","message":"GET /api/v1/accounts/1789671339460dhjz9m 200 128 - 7.412 ms","timestamp":"2026-09-17T18:55:39.947Z"}
{"amount":"5000","fromAccountId":"1789671338627g40e07","initiatedBy":"1789671338627g40e07","level":"info","message":"Transfer completed","timestamp":"2026-09-17T18:55:40.007Z","toAccountId":"17896713391021uye7i","transferId":"6aac37ab73809a54c5cea917"}
{"level":"info","message":"POST /api/v1/transfers 201 254 - 88.369 ms","timestamp":"2026-09-17T18:55:40.008Z"}
{"details":{"id":"non-existent-account-id","reason":"Not Found","resource":"Account"},"level":"warn","message":"DOMAIN EXCEPTION: Account not found","statusCode":404,"timestamp":"2026-09-17T18:55:40.026Z"}
{"level":"info","message":"DELETE /api/v1/accounts/non-existent-account-id 404 114 - 7.417 ms","timestamp":"2026-09-17T18:55:40.029Z"}
{"level":"info","message":"POST /api/v1/auth/signup 201 563 - 158.332 ms","timestamp":"2026-09-17T18:55:40.211Z"}
{"accountId":"1789671340222z8famr","level":"info","message":"Account created","timestamp":"2026-09-17T18:55:40.282Z"}
{"level":"info","message":"POST /api/v1/accounts 201 122 - 61.902 ms","timestamp":"2026-09-17T18:55:40.284Z"}
{"details":{"id":"not-alice-account","resource":"Account"},"level":"warn","message":"DOMAIN EXCEPTION: Cannot initiate transfer from an account you do not own","statusCode":403,"timestamp":"2026-09-17T18:55:40.306Z"}
{"level":"info","message":"POST /api/v1/transfers 403 125 - 6.052 ms","timestamp":"2026-09-17T18:55:40.308Z"}
{"level":"info","message":"POST /api/v1/auth/login 200 315 - 137.832 ms","timestamp":"2026-09-17T18:55:40.437Z"}
{"level":"info","message":"POST /api/v1/auth/signup 201 563 - 157.757 ms","timestamp":"2026-09-17T18:55:40.543Z"}
{"errors":[{"code":"custom","message":"Cannot transfer to the same account","path":["toAccountId"]}],"level":"error","message":"Validation error:","timestamp":"2026-09-17T18:55:40.550Z"}
{"level":"info","message":"POST /api/v1/transfers 400 100 - 1.562 ms","timestamp":"2026-09-17T18:55:40.551Z"}
{"level":"info","message":"POST /api/v1/auth/login 200 420 - 285.203 ms","timestamp":"2026-09-17T18:55:40.883Z"}
{"level":"info","message":"GET /api/v1/auth/me 200 126 - 10.622 ms","timestamp":"2026-09-17T18:55:40.903Z"}
{"level":"info","message":"POST /api/v1/auth/signup 201 563 - 312.210 ms","timestamp":"2026-09-17T18:55:40.982Z"}
{"details":{"id":"nonexistent-destination","reason":"Not Found","resource":"Account"},"level":"warn","message":"DOMAIN EXCEPTION: Account not found","statusCode":404,"timestamp":"2026-09-17T18:55:41.010Z"}
{"level":"info","message":"POST /api/v1/transfers 404 114 - 18.223 ms","timestamp":"2026-09-17T18:55:41.011Z"}
{"details":null,"level":"warn","message":"DOMAIN EXCEPTION: Invalid email or password","statusCode":401,"timestamp":"2026-09-17T18:55:41.357Z"}
{"level":"info","message":"POST /api/v1/auth/login 401 37 - 225.338 ms","timestamp":"2026-09-17T18:55:41.359Z"}
{"level":"info","message":"POST /api/v1/auth/signup 201 563 - 269.267 ms","timestamp":"2026-09-17T18:55:41.405Z"}
{"details":null,"level":"warn","message":"DOMAIN EXCEPTION: Authentication required","statusCode":401,"timestamp":"2026-09-17T18:55:41.421Z"}
{"level":"info","message":"GET /api/v1/auth/me 401 35 - 1.742 ms","timestamp":"2026-09-17T18:55:41.423Z"}
{"details":null,"level":"warn","message":"DOMAIN EXCEPTION: Authentication required","statusCode":401,"timestamp":"2026-09-17T18:55:41.449Z"}
{"level":"info","message":"GET /api/v1/admin/stats 401 35 - 1.538 ms","timestamp":"2026-09-17T18:55:41.450Z"}
{"level":"info","message":"POST /api/v1/auth/token 200 305 - 0.814 ms","timestamp":"2026-09-17T18:55:41.474Z"}
{"details":{"requiredRoles":["admin"],"userRole":"user"},"level":"warn","message":"DOMAIN EXCEPTION: Forbidden: Insufficient permissions","statusCode":403,"timestamp":"2026-09-17T18:55:41.481Z"}
{"level":"info","message":"GET /api/v1/admin/stats 403 103 - 2.392 ms","timestamp":"2026-09-17T18:55:41.482Z"}
{"accountId":"17896713414122v272p","level":"info","message":"Account created","timestamp":"2026-09-17T18:55:41.479Z"}
{"level":"info","message":"POST /api/v1/accounts 201 122 - 68.197 ms","timestamp":"2026-09-17T18:55:41.481Z"}
{"accountId":"1789671341512j60e5n","level":"info","message":"Account created","timestamp":"2026-09-17T18:55:41.567Z"}
{"level":"info","message":"POST /api/v1/accounts 201 139 - 60.273 ms","timestamp":"2026-09-17T18:55:41.569Z"}
{"level":"info","message":"POST /api/v1/auth/token 200 315 - 1.237 ms","timestamp":"2026-09-17T18:55:41.579Z"}
{"amount":"20000","fromAccountId":"1789671341138i62ruj","initiatedBy":"1789671341138i62ruj","level":"info","message":"Transfer completed","timestamp":"2026-09-17T18:55:41.583Z","toAccountId":"17896713414122v272p","transferId":"6aac37ad418d7cfc7ade7205"}
{"level":"info","message":"POST /api/v1/transfers 201 257 - 96.240 ms","timestamp":"2026-09-17T18:55:41.585Z"}
{"level":"info","message":"GET /api/v1/accounts/1789671341138i62ruj 200 126 - 5.683 ms","timestamp":"2026-09-17T18:55:41.600Z"}
{"level":"info","message":"GET /api/v1/accounts/17896713414122v272p 200 122 - 5.429 ms","timestamp":"2026-09-17T18:55:41.615Z"}
{"level":"info","message":"GET /api/v1/admin/stats 200 66 - 276.132 ms","timestamp":"2026-09-17T18:55:41.863Z"}
{"level":"info","message":"POST /api/v1/auth/signup 201 561 - 186.403 ms","timestamp":"2026-09-17T18:55:41.881Z"}
{"accountId":"1789671341888cp3t6h","level":"info","message":"Account created","timestamp":"2026-09-17T18:55:41.900Z"}
{"level":"info","message":"POST /api/v1/accounts 201 122 - 12.427 ms","timestamp":"2026-09-17T18:55:41.901Z"}
{"details":{"fromBalance":"10000","transferAmount":"20000"},"level":"warn","message":"DOMAIN EXCEPTION: Insufficient funds","statusCode":400,"timestamp":"2026-09-17T18:55:41.922Z"}
{"level":"info","message":"POST /api/v1/transfers 400 89 - 13.945 ms","timestamp":"2026-09-17T18:55:41.923Z"}
{"level":"info","message":"Connected to MongoDB","timestamp":"2026-09-17T18:56:02.205Z"}
{"level":"info","message":"Server running on port 8000","timestamp":"2026-09-17T18:56:02.226Z"}
{"level":"info","message":"Connected to MongoDB","timestamp":"2026-09-17T18:56:07.673Z"}
{"level":"info","message":"Server running on port 8000","timestamp":"2026-09-17T18:56:07.691Z"}
{"key":"key-1","level":"info","message":"Idempotent replay","timestamp":"2026-09-17T18:56:24.115Z","userId":"user-1"}
{"accountId":"acc-bob","level":"info","message":"Account created","timestamp":"2026-09-17T18:56:25.832Z"}
{"amount":"5000","fromAccountId":"acc-1","initiatedBy":"usr-1","level":"info","message":"Transfer completed","timestamp":"2026-09-17T18:56:25.877Z","toAccountId":"acc-2","transferId":"tr-1"}
{"details":null,"level":"warn","message":"DOMAIN EXCEPTION: Authentication required","statusCode":401,"timestamp":"2026-09-17T18:56:29.175Z"}
{"level":"info","message":"GET /api/v1/accounts 401 35 - 73.326 ms","timestamp":"2026-09-17T18:56:29.257Z"}
{"details":null,"level":"warn","message":"DOMAIN EXCEPTION: Authentication required","statusCode":401,"timestamp":"2026-09-17T18:56:29.252Z"}
{"level":"info","message":"GET /api/v1/accounts 401 35 - 28.740 ms","timestamp":"2026-09-17T18:56:29.287Z"}
{"accountId":"1789671389297bxmsx6","level":"info","message":"Account created","timestamp":"2026-09-17T18:56:29.483Z"}
{"level":"info","message":"GET /api/v1/accounts 200 2 - 112.103 ms","timestamp":"2026-09-17T18:56:29.492Z"}
{"level":"info","message":"POST /api/v1/accounts 201 129 - 213.028 ms","timestamp":"2026-09-17T18:56:29.501Z"}
{"details":null,"level":"warn","message":"DOMAIN EXCEPTION: Authentication required","statusCode":401,"timestamp":"2026-09-17T18:56:29.511Z"}
{"level":"info","message":"POST /api/v1/transfers 401 35 - 58.309 ms","timestamp":"2026-09-17T18:56:29.538Z"}
{"accountId":"1789671389560hondkl","level":"info","message":"Account created","timestamp":"2026-09-17T18:56:29.573Z"}
{"level":"info","message":"POST /api/v1/accounts 201 134 - 15.712 ms","timestamp":"2026-09-17T18:56:29.575Z"}
{"details":{"email":"duplicate@example.com","resource":"Account"},"level":"warn","message":"DOMAIN EXCEPTION: Account already exists for this email","statusCode":409,"timestamp":"2026-09-17T18:56:29.598Z"}
{"level":"info","message":"POST /api/v1/accounts 409 114 - 12.292 ms","timestamp":"2026-09-17T18:56:29.601Z"}
{"level":"info","message":"GET /api/v1/accounts 200 2 - 10.392 ms","timestamp":"2026-09-17T18:56:29.651Z"}
{"details":null,"level":"warn","message":"DOMAIN EXCEPTION: Authentication required","statusCode":401,"timestamp":"2026-09-17T18:56:29.679Z"}
{"level":"info","message":"GET /api/v1/accounts 401 35 - 1.608 ms","timestamp":"2026-09-17T18:56:29.681Z"}
{"level":"info","message":"POST /api/v1/auth/token 200 303 - 9.863 ms","timestamp":"2026-09-17T18:56:29.697Z"}
{"accountId":"1789671389708ukb9t1","level":"info","message":"Account created","timestamp":"2026-09-17T18:56:29.723Z"}
{"level":"info","message":"POST /api/v1/accounts 201 142 - 15.686 ms","timestamp":"2026-09-17T18:56:29.724Z"}
{"level":"info","message":"DELETE /api/v1/accounts/1789671389708ukb9t1 200 42 - 24.531 ms","timestamp":"2026-09-17T18:56:29.760Z"}
{"details":null,"level":"warn","message":"DOMAIN EXCEPTION: Admin or Superadmin cannot perform this action","statusCode":403,"timestamp":"2026-09-17T18:56:29.780Z"}
{"level":"info","message":"POST /api/v1/transfers 403 58 - 6.256 ms","timestamp":"2026-09-17T18:56:29.782Z"}
{"accountId":"1789671389801kwgpnw","level":"info","message":"Account created","timestamp":"2026-09-17T18:56:29.814Z"}
{"level":"info","message":"POST /api/v1/accounts 201 133 - 13.903 ms","timestamp":"2026-09-17T18:56:29.815Z"}
{"accountId":"17896713898255gmhhu","level":"info","message":"Account created","timestamp":"2026-09-17T18:56:29.835Z"}
{"level":"info","message":"POST /api/v1/accounts 201 138 - 11.285 ms","timestamp":"2026-09-17T18:56:29.836Z"}
{"details":null,"level":"warn","message":"DOMAIN EXCEPTION: Authenticated user not found","statusCode":401,"timestamp":"2026-09-17T18:56:29.858Z"}
{"level":"info","message":"DELETE /api/v1/accounts/17896713898255gmhhu 200 42 - 13.267 ms","timestamp":"2026-09-17T18:56:29.859Z"}
{"level":"info","message":"POST /api/v1/transfers 401 40 - 25.195 ms","timestamp":"2026-09-17T18:56:29.860Z"}
{"level":"info","message":"GET /api/v1/accounts 200 135 - 6.107 ms","timestamp":"2026-09-17T18:56:29.876Z"}
{"details":{"id":"non-existent-account-id","reason":"Not Found","resource":"Account"},"level":"warn","message":"DOMAIN EXCEPTION: Account not found","statusCode":404,"timestamp":"2026-09-17T18:56:29.907Z"}
{"level":"info","message":"DELETE /api/v1/accounts/non-existent-account-id 404 114 - 5.798 ms","timestamp":"2026-09-17T18:56:29.908Z"}
{"level":"info","message":"POST /api/v1/auth/signup 201 597 - 226.746 ms","timestamp":"2026-09-17T18:56:29.978Z"}
{"level":"info","message":"POST /api/v1/auth/signup 201 587 - 393.022 ms","timestamp":"2026-09-17T18:56:29.986Z"}
{"level":"info","message":"GET /api/v1/auth/me 200 138 - 11.949 ms","timestamp":"2026-09-17T18:56:30.002Z"}
{"accountId":"1789671390000tj18e8","level":"info","message":"Account created","timestamp":"2026-09-17T18:56:30.012Z"}
{"level":"info","message":"POST /api/v1/accounts 201 129 - 17.291 ms","timestamp":"2026-09-17T18:56:30.014Z"}
{"details":{"email":"alice@example.com","resource":"Account"},"level":"warn","message":"DOMAIN EXCEPTION: Account already exists for this email","statusCode":409,"timestamp":"2026-09-17T18:56:30.033Z"}
{"level":"info","message":"POST /api/v1/accounts 409 110 - 9.770 ms","timestamp":"2026-09-17T18:56:30.035Z"}
{"errors":[{"code":"too_small","exact":false,"inclusive":false,"message":"Amount must be a positive number","minimum":0,"path":["amountMinor"],"type":"number"},{"code":"too_small","exact":false,"inclusive":true,"message":"Amount must be at least 1","minimum":1,"path":["amountMinor"],"type":"number"}],"level":"error","message":"Validation error:","timestamp":"2026-09-17T18:56:30.049Z"}
{"level":"info","message":"POST /api/v1/transfers 400 301 - 4.405 ms","timestamp":"2026-09-17T18:56:30.051Z"}
{"details":{"fromBalance":"100000","transferAmount":"500000"},"level":"warn","message":"DOMAIN EXCEPTION: Insufficient funds","statusCode":400,"timestamp":"2026-09-17T18:56:30.086Z"}
{"level":"info","message":"POST /api/v1/transfers 400 91 - 21.781 ms","timestamp":"2026-09-17T18:56:30.088Z"}
{"level":"info","message":"POST /api/v1/auth/signup 201 563 - 241.172 ms","timestamp":"2026-09-17T18:56:30.125Z"}
{"amount":"35000","fromAccountId":"1789671389665j0bnj2","initiatedBy":"1789671389665j0bnj2","level":"info","message":"Transfer completed","timestamp":"2026-09-17T18:56:30.143Z","toAccountId":"1789671390000tj18e8","transferId":"6aac37de1f3f9f0ddcf50060"}
{"level":"info","message":"POST /api/v1/transfers 201 257 - 46.940 ms","timestamp":"2026-09-17T18:56:30.144Z"}
{"level":"info","message":"GET /api/v1/transfers/6aac37de1f3f9f0ddcf50060 200 257 - 5.774 ms","timestamp":"2026-09-17T18:56:30.159Z"}
{"level":"info","message":"GET /api/v1/accounts/1789671389665j0bnj2 200 133 - 5.291 ms","timestamp":"2026-09-17T18:56:30.172Z"}
{"level":"info","message":"GET /api/v1/accounts/1789671390000tj18e8 200 129 - 4.842 ms","timestamp":"2026-09-17T18:56:30.185Z"}
{"level":"info","message":"GET /api/v1/transfers?page=1&limit=10 200 259 - 6.321 ms","timestamp":"2026-09-17T18:56:30.199Z"}
{"level":"info","message":"PATCH /api/v1/accounts/1789671389665j0bnj2 200 151 - 19.932 ms","timestamp":"2026-09-17T18:56:30.232Z"}
{"level":"info","message":"POST /api/v1/auth/signup 201 597 - 210.688 ms","timestamp":"2026-09-17T18:56:30.242Z"}
{"level":"info","message":"DELETE /api/v1/accounts/1789671390000tj18e8 200 42 - 9.445 ms","timestamp":"2026-09-17T18:56:30.248Z"}
{"details":{"email":"duplicate@test.com"},"level":"warn","message":"DOMAIN EXCEPTION: User with this email already exists","statusCode":409,"timestamp":"2026-09-17T18:56:30.257Z"}
{"level":"info","message":"POST /api/v1/auth/signup 409 88 - 5.826 ms","timestamp":"2026-09-17T18:56:30.258Z"}
{"details":{"id":"1789671390000tj18e8","reason":"Not Found","resource":"Account"},"level":"warn","message":"DOMAIN EXCEPTION: Account not found","statusCode":404,"timestamp":"2026-09-17T18:56:30.272Z"}
{"level":"info","message":"POST /api/v1/transfers 404 110 - 15.795 ms","timestamp":"2026-09-17T18:56:30.273Z"}
{"level":"info","message":"POST /api/v1/auth/signup 201 548 - 202.694 ms","timestamp":"2026-09-17T18:56:30.339Z"}
{"details":{"id":"1789671389888g3ffz5","resource":"Account"},"level":"warn","message":"DOMAIN EXCEPTION: Cannot initiate transfer from an account you do not own","statusCode":403,"timestamp":"2026-09-17T18:56:30.359Z"}
{"level":"info","message":"POST /api/v1/transfers 403 127 - 11.458 ms","timestamp":"2026-09-17T18:56:30.361Z"}
{"level":"info","message":"GET /api/v1/accounts/1789671389888g3ffz5 200 128 - 10.846 ms","timestamp":"2026-09-17T18:56:30.382Z"}
{"level":"info","message":"POST /api/v1/auth/signup 201 563 - 199.918 ms","timestamp":"2026-09-17T18:56:30.689Z"}
{"accountId":"1789671390699ypjb7q","level":"info","message":"Account created","timestamp":"2026-09-17T18:56:30.711Z"}
{"level":"info","message":"POST /api/v1/accounts 201 122 - 14.542 ms","timestamp":"2026-09-17T18:56:30.713Z"}
{"details":{"id":"not-alice-account","resource":"Account"},"level":"warn","message":"DOMAIN EXCEPTION: Cannot initiate transfer from an account you do not own","statusCode":403,"timestamp":"2026-09-17T18:56:30.728Z"}
{"level":"info","message":"POST /api/v1/transfers 403 125 - 6.071 ms","timestamp":"2026-09-17T18:56:30.729Z"}
{"level":"info","message":"POST /api/v1/auth/login 200 315 - 147.745 ms","timestamp":"2026-09-17T18:56:30.730Z"}
{"level":"info","message":"POST /api/v1/auth/signup 201 563 - 275.057 ms","timestamp":"2026-09-17T18:56:31.035Z"}
{"errors":[{"code":"custom","message":"Cannot transfer to the same account","path":["toAccountId"]}],"level":"error","message":"Validation error:","timestamp":"2026-09-17T18:56:31.045Z"}
{"level":"info","message":"POST /api/v1/transfers 400 100 - 2.268 ms","timestamp":"2026-09-17T18:56:31.046Z"}
{"level":"info","message":"POST /api/v1/auth/login 200 420 - 129.457 ms","timestamp":"2026-09-17T18:56:31.200Z"}
{"level":"info","message":"POST /api/v1/auth/signup 201 563 - 145.577 ms","timestamp":"2026-09-17T18:56:31.219Z"}
{"level":"info","message":"GET /api/v1/auth/me 200 126 - 10.384 ms","timestamp":"2026-09-17T18:56:31.223Z"}
{"details":{"id":"nonexistent-destination","reason":"Not Found","resource":"Account"},"level":"warn","message":"DOMAIN EXCEPTION: Account not found","statusCode":404,"timestamp":"2026-09-17T18:56:31.246Z"}
{"level":"info","message":"POST /api/v1/transfers 404 114 - 19.173 ms","timestamp":"2026-09-17T18:56:31.248Z"}
{"level":"info","message":"POST /api/v1/auth/signup 201 563 - 261.473 ms","timestamp":"2026-09-17T18:56:31.537Z"}
{"accountId":"1789671391544vacqc6","level":"info","message":"Account created","timestamp":"2026-09-17T18:56:31.556Z"}
{"level":"info","message":"POST /api/v1/accounts 201 122 - 12.819 ms","timestamp":"2026-09-17T18:56:31.557Z"}
{"amount":"20000","fromAccountId":"1789671391278ms6lp3","initiatedBy":"1789671391278ms6lp3","level":"info","message":"Transfer completed","timestamp":"2026-09-17T18:56:31.613Z","toAccountId":"1789671391544vacqc6","transferId":"6aac37df135932ec151f8ff2"}
{"details":null,"level":"warn","message":"DOMAIN EXCEPTION: Invalid email or password","statusCode":401,"timestamp":"2026-09-17T18:56:31.614Z"}
{"level":"info","message":"POST /api/v1/transfers 201 257 - 48.927 ms","timestamp":"2026-09-17T18:56:31.615Z"}
{"level":"info","message":"POST /api/v1/auth/login 401 37 - 156.096 ms","timestamp":"2026-09-17T18:56:31.616Z"}
{"level":"info","message":"GET /api/v1/accounts/1789671391278ms6lp3 200 126 - 5.173 ms","timestamp":"2026-09-17T18:56:31.629Z"}
{"level":"info","message":"GET /api/v1/accounts/1789671391544vacqc6 200 122 - 4.387 ms","timestamp":"2026-09-17T18:56:31.641Z"}
{"details":null,"level":"warn","message":"DOMAIN EXCEPTION: Authentication required","statusCode":401,"timestamp":"2026-09-17T18:56:31.644Z"}
{"level":"info","message":"GET /api/v1/auth/me 401 35 - 1.219 ms","timestamp":"2026-09-17T18:56:31.645Z"}
{"details":null,"level":"warn","message":"DOMAIN EXCEPTION: Authentication required","statusCode":401,"timestamp":"2026-09-17T18:56:31.666Z"}
{"level":"info","message":"GET /api/v1/admin/stats 401 35 - 1.519 ms","timestamp":"2026-09-17T18:56:31.667Z"}
{"level":"info","message":"POST /api/v1/auth/token 200 305 - 0.977 ms","timestamp":"2026-09-17T18:56:31.690Z"}
{"details":{"requiredRoles":["admin"],"userRole":"user"},"level":"warn","message":"DOMAIN EXCEPTION: Forbidden: Insufficient permissions","statusCode":403,"timestamp":"2026-09-17T18:56:31.698Z"}
{"level":"info","message":"GET /api/v1/admin/stats 403 103 - 2.475 ms","timestamp":"2026-09-17T18:56:31.699Z"}
{"accountId":"17896713917268zpkx3","level":"info","message":"Account created","timestamp":"2026-09-17T18:56:31.736Z"}
{"level":"info","message":"POST /api/v1/accounts 201 139 - 14.708 ms","timestamp":"2026-09-17T18:56:31.737Z"}
{"level":"info","message":"POST /api/v1/auth/token 200 315 - 1.017 ms","timestamp":"2026-09-17T18:56:31.746Z"}
{"level":"info","message":"GET /api/v1/admin/stats 200 66 - 14.914 ms","timestamp":"2026-09-17T18:56:31.768Z"}
{"level":"info","message":"POST /api/v1/auth/signup 201 561 - 168.896 ms","timestamp":"2026-09-17T18:56:31.847Z"}
{"accountId":"1789671391855g25p3l","level":"info","message":"Account created","timestamp":"2026-09-17T18:56:31.869Z"}
{"level":"info","message":"POST /api/v1/accounts 201 122 - 15.634 ms","timestamp":"2026-09-17T18:56:31.871Z"}
{"details":{"fromBalance":"10000","transferAmount":"20000"},"level":"warn","message":"DOMAIN EXCEPTION: Insufficient funds","statusCode":400,"timestamp":"2026-09-17T18:56:31.888Z"}
{"level":"info","message":"POST /api/v1/transfers 400 89 - 11.529 ms","timestamp":"2026-09-17T18:56:31.890Z"}
{"level":"info","message":"Connected to MongoDB","timestamp":"2026-09-17T18:56:46.413Z"}
{"level":"info","message":"Server running on port 8000","timestamp":"2026-09-17T18:56:46.431Z"}
{"accountId":"acc-bob","level":"info","message":"Account created","timestamp":"2026-09-17T18:56:47.615Z"}
{"amount":"5000","fromAccountId":"acc-1","initiatedBy":"usr-1","level":"info","message":"Transfer completed","timestamp":"2026-09-17T18:56:47.636Z","toAccountId":"acc-2","transferId":"tr-1"}
{"key":"key-1","level":"info","message":"Idempotent replay","timestamp":"2026-09-17T18:56:56.429Z","userId":"user-1"}
{"accountId":"acc-bob","level":"info","message":"Account created","timestamp":"2026-09-17T18:56:58.162Z"}
{"amount":"5000","fromAccountId":"acc-1","initiatedBy":"usr-1","level":"info","message":"Transfer completed","timestamp":"2026-09-17T18:56:58.197Z","toAccountId":"acc-2","transferId":"tr-1"}
{"details":null,"level":"warn","message":"DOMAIN EXCEPTION: Authentication required","statusCode":401,"timestamp":"2026-09-17T18:57:01.103Z"}
{"level":"info","message":"GET /api/v1/accounts 401 35 - 29.443 ms","timestamp":"2026-09-17T18:57:01.132Z"}
{"details":null,"level":"warn","message":"DOMAIN EXCEPTION: Authentication required","statusCode":401,"timestamp":"2026-09-17T18:57:01.209Z"}
{"level":"info","message":"POST /api/v1/transfers 401 35 - 47.675 ms","timestamp":"2026-09-17T18:57:01.253Z"}
{"level":"info","message":"POST /api/v1/auth/token 200 303 - 9.871 ms","timestamp":"2026-09-17T18:57:01.382Z"}
{"details":null,"level":"warn","message":"DOMAIN EXCEPTION: Authentication required","statusCode":401,"timestamp":"2026-09-17T18:57:01.426Z"}
{"details":null,"level":"warn","message":"DOMAIN EXCEPTION: Admin or Superadmin cannot perform this action","statusCode":403,"timestamp":"2026-09-17T18:57:01.448Z"}
{"level":"info","message":"POST /api/v1/transfers 403 58 - 5.738 ms","timestamp":"2026-09-17T18:57:01.451Z"}
{"level":"info","message":"GET /api/v1/accounts 401 35 - 20.689 ms","timestamp":"2026-09-17T18:57:01.447Z"}
{"accountId":"1789671421322o971rm","level":"info","message":"Account created","timestamp":"2026-09-17T18:57:01.472Z"}
{"details":null,"level":"warn","message":"DOMAIN EXCEPTION: Authenticated user not found","statusCode":401,"timestamp":"2026-09-17T18:57:01.499Z"}
{"level":"info","message":"POST /api/v1/transfers 401 40 - 20.645 ms","timestamp":"2026-09-17T18:57:01.501Z"}
{"level":"info","message":"POST /api/v1/accounts 201 129 - 181.114 ms","timestamp":"2026-09-17T18:57:01.497Z"}
{"level":"info","message":"GET /api/v1/accounts 200 2 - 73.786 ms","timestamp":"2026-09-17T18:57:01.568Z"}
{"accountId":"1789671421616s6nwe6","level":"info","message":"Account created","timestamp":"2026-09-17T18:57:01.630Z"}
{"level":"info","message":"POST /api/v1/accounts 201 134 - 16.084 ms","timestamp":"2026-09-17T18:57:01.631Z"}
{"details":{"email":"duplicate@example.com","resource":"Account"},"level":"warn","message":"DOMAIN EXCEPTION: Account already exists for this email","statusCode":409,"timestamp":"2026-09-17T18:57:01.651Z"}
{"level":"info","message":"POST /api/v1/accounts 409 114 - 10.244 ms","timestamp":"2026-09-17T18:57:01.654Z"}
{"level":"info","message":"GET /api/v1/accounts 200 2 - 9.816 ms","timestamp":"2026-09-17T18:57:01.699Z"}
{"level":"info","message":"POST /api/v1/auth/signup 201 597 - 284.684 ms","timestamp":"2026-09-17T18:57:01.719Z"}
{"details":null,"level":"warn","message":"DOMAIN EXCEPTION: Authentication required","statusCode":401,"timestamp":"2026-09-17T18:57:01.725Z"}
{"level":"info","message":"GET /api/v1/accounts 401 35 - 1.629 ms","timestamp":"2026-09-17T18:57:01.727Z"}
{"level":"info","message":"GET /api/v1/auth/me 200 138 - 11.916 ms","timestamp":"2026-09-17T18:57:01.741Z"}
{"level":"info","message":"POST /api/v1/auth/signup 201 563 - 223.821 ms","timestamp":"2026-09-17T18:57:01.752Z"}
{"accountId":"17896714217540jle3b","level":"info","message":"Account created","timestamp":"2026-09-17T18:57:01.765Z"}
{"level":"info","message":"POST /api/v1/accounts 201 142 - 12.774 ms","timestamp":"2026-09-17T18:57:01.767Z"}
{"level":"info","message":"DELETE /api/v1/accounts/17896714217540jle3b 200 42 - 20.339 ms","timestamp":"2026-09-17T18:57:01.798Z"}
{"accountId":"1789671421828mudq4q","level":"info","message":"Account created","timestamp":"2026-09-17T18:57:01.838Z"}
{"level":"info","message":"POST /api/v1/accounts 201 133 - 10.489 ms","timestamp":"2026-09-17T18:57:01.839Z"}
{"accountId":"1789671421848m018sc","level":"info","message":"Account created","timestamp":"2026-09-17T18:57:01.856Z"}
{"level":"info","message":"POST /api/v1/accounts 201 138 - 9.634 ms","timestamp":"2026-09-17T18:57:01.857Z"}
{"level":"info","message":"DELETE /api/v1/accounts/1789671421848m018sc 200 42 - 8.967 ms","timestamp":"2026-09-17T18:57:01.876Z"}
{"level":"info","message":"GET /api/v1/accounts 200 135 - 5.561 ms","timestamp":"2026-09-17T18:57:01.890Z"}
{"level":"info","message":"POST /api/v1/auth/signup 201 587 - 247.656 ms","timestamp":"2026-09-17T18:57:01.914Z"}
{"details":{"id":"non-existent-account-id","reason":"Not Found","resource":"Account"},"level":"warn","message":"DOMAIN EXCEPTION: Account not found","statusCode":404,"timestamp":"2026-09-17T18:57:01.918Z"}
{"level":"info","message":"DELETE /api/v1/accounts/non-existent-account-id 404 114 - 6.464 ms","timestamp":"2026-09-17T18:57:01.919Z"}
{"level":"info","message":"POST /api/v1/auth/signup 201 548 - 177.887 ms","timestamp":"2026-09-17T18:57:01.940Z"}
{"level":"info","message":"POST /api/v1/auth/signup 201 595 - 168.432 ms","timestamp":"2026-09-17T18:57:01.942Z"}
{"accountId":"1789671421929ovcvij","level":"info","message":"Account created","timestamp":"2026-09-17T18:57:01.942Z"}
{"level":"info","message":"POST /api/v1/accounts 201 129 - 17.988 ms","timestamp":"2026-09-17T18:57:01.944Z"}
{"details":{"email":"duplicate@test.com"},"level":"warn","message":"DOMAIN EXCEPTION: User with this email already exists","statusCode":409,"timestamp":"2026-09-17T18:57:01.957Z"}
{"details":{"id":"1789671421532exz7uy","resource":"Account"},"level":"warn","message":"DOMAIN EXCEPTION: Cannot initiate transfer from an account you do not own","statusCode":403,"timestamp":"2026-09-17T18:57:01.958Z"}
{"level":"info","message":"POST /api/v1/auth/signup 409 88 - 5.709 ms","timestamp":"2026-09-17T18:57:01.958Z"}
{"level":"info","message":"POST /api/v1/transfers 403 127 - 9.652 ms","timestamp":"2026-09-17T18:57:01.960Z"}
{"details":{"email":"alice@example.com","resource":"Account"},"level":"warn","message":"DOMAIN EXCEPTION: Account already exists for this email","statusCode":409,"timestamp":"2026-09-17T18:57:01.963Z"}
{"level":"info","message":"POST /api/v1/accounts 409 110 - 10.091 ms","timestamp":"2026-09-17T18:57:01.965Z"}
{"level":"info","message":"GET /api/v1/accounts/1789671421532exz7uy 200 128 - 7.400 ms","timestamp":"2026-09-17T18:57:01.978Z"}
{"errors":[{"code":"too_small","exact":false,"inclusive":false,"message":"Amount must be a positive number","minimum":0,"path":["amountMinor"],"type":"number"},{"code":"too_small","exact":false,"inclusive":true,"message":"Amount must be at least 1","minimum":1,"path":["amountMinor"],"type":"number"}],"level":"error","message":"Validation error:","timestamp":"2026-09-17T18:57:01.978Z"}
{"level":"info","message":"POST /api/v1/transfers 400 301 - 4.182 ms","timestamp":"2026-09-17T18:57:01.980Z"}
{"details":{"fromBalance":"100000","transferAmount":"500000"},"level":"warn","message":"DOMAIN EXCEPTION: Insufficient funds","statusCode":400,"timestamp":"2026-09-17T18:57:02.010Z"}
{"level":"info","message":"POST /api/v1/transfers 400 91 - 21.296 ms","timestamp":"2026-09-17T18:57:02.011Z"}
{"amount":"35000","fromAccountId":"1789671421698kh3mle","initiatedBy":"1789671421698kh3mle","level":"info","message":"Transfer completed","timestamp":"2026-09-17T18:57:02.063Z","toAccountId":"1789671421929ovcvij","transferId":"6aac37fef09c8aceb598dfde"}
{"level":"info","message":"POST /api/v1/transfers 201 257 - 42.711 ms","timestamp":"2026-09-17T18:57:02.064Z"}
{"level":"info","message":"GET /api/v1/transfers/6aac37fef09c8aceb598dfde 200 257 - 6.977 ms","timestamp":"2026-09-17T18:57:02.080Z"}
{"level":"info","message":"GET /api/v1/accounts/1789671421698kh3mle 200 133 - 5.338 ms","timestamp":"2026-09-17T18:57:02.095Z"}
{"level":"info","message":"GET /api/v1/accounts/1789671421929ovcvij 200 129 - 4.698 ms","timestamp":"2026-09-17T18:57:02.108Z"}
{"level":"info","message":"GET /api/v1/transfers?page=1&limit=10 200 259 - 6.148 ms","timestamp":"2026-09-17T18:57:02.123Z"}
{"level":"info","message":"PATCH /api/v1/accounts/1789671421698kh3mle 200 151 - 18.060 ms","timestamp":"2026-09-17T18:57:02.150Z"}
{"level":"info","message":"DELETE /api/v1/accounts/1789671421929ovcvij 200 42 - 9.617 ms","timestamp":"2026-09-17T18:57:02.167Z"}
{"level":"info","message":"POST /api/v1/auth/signup 201 563 - 181.435 ms","timestamp":"2026-09-17T18:57:02.189Z"}
{"details":{"id":"1789671421929ovcvij","reason":"Not Found","resource":"Account"},"level":"warn","message":"DOMAIN EXCEPTION: Account not found","statusCode":404,"timestamp":"2026-09-17T18:57:02.188Z"}
{"level":"info","message":"POST /api/v1/transfers 404 110 - 14.034 ms","timestamp":"2026-09-17T18:57:02.189Z"}
{"accountId":"178967142219918wn7t","level":"info","message":"Account created","timestamp":"2026-09-17T18:57:02.208Z"}
{"level":"info","message":"POST /api/v1/accounts 201 122 - 10.729 ms","timestamp":"2026-09-17T18:57:02.209Z"}
{"details":{"id":"not-alice-account","resource":"Account"},"level":"warn","message":"DOMAIN EXCEPTION: Cannot initiate transfer from an account you do not own","statusCode":403,"timestamp":"2026-09-17T18:57:02.224Z"}
{"level":"info","message":"POST /api/v1/transfers 403 125 - 6.188 ms","timestamp":"2026-09-17T18:57:02.225Z"}
{"level":"info","message":"POST /api/v1/auth/login 200 315 - 302.265 ms","timestamp":"2026-09-17T18:57:02.464Z"}
{"level":"info","message":"POST /api/v1/auth/signup 201 563 - 358.601 ms","timestamp":"2026-09-17T18:57:02.611Z"}
{"errors":[{"code":"custom","message":"Cannot transfer to the same account","path":["toAccountId"]}],"level":"error","message":"Validation error:","timestamp":"2026-09-17T18:57:02.620Z"}
{"level":"info","message":"POST /api/v1/transfers 400 100 - 2.726 ms","timestamp":"2026-09-17T18:57:02.621Z"}
{"level":"info","message":"POST /api/v1/auth/signup 201 563 - 182.687 ms","timestamp":"2026-09-17T18:57:02.830Z"}
{"details":{"id":"nonexistent-destination","reason":"Not Found","resource":"Account"},"level":"warn","message":"DOMAIN EXCEPTION: Account not found","statusCode":404,"timestamp":"2026-09-17T18:57:02.855Z"}
{"level":"info","message":"POST /api/v1/transfers 404 114 - 18.392 ms","timestamp":"2026-09-17T18:57:02.857Z"}
{"level":"info","message":"POST /api/v1/auth/login 200 420 - 152.197 ms","timestamp":"2026-09-17T18:57:02.880Z"}
{"level":"info","message":"GET /api/v1/auth/me 200 126 - 5.761 ms","timestamp":"2026-09-17T18:57:02.900Z"}
{"level":"info","message":"POST /api/v1/auth/signup 201 563 - 282.147 ms","timestamp":"2026-09-17T18:57:03.168Z"}
{"accountId":"1789671423176u7joo9","level":"info","message":"Account created","timestamp":"2026-09-17T18:57:03.186Z"}
{"level":"info","message":"POST /api/v1/accounts 201 122 - 11.199 ms","timestamp":"2026-09-17T18:57:03.187Z"}
{"amount":"20000","fromAccountId":"1789671422889wsb1ec","initiatedBy":"1789671422889wsb1ec","level":"info","message":"Transfer completed","timestamp":"2026-09-17T18:57:03.232Z","toAccountId":"1789671423176u7joo9","transferId":"6aac37ff33b0f1311524a4a6"}
{"level":"info","message":"POST /api/v1/transfers 201 257 - 40.174 ms","timestamp":"2026-09-17T18:57:03.233Z"}
{"level":"info","message":"GET /api/v1/accounts/1789671422889wsb1ec 200 126 - 4.505 ms","timestamp":"2026-09-17T18:57:03.245Z"}
{"level":"info","message":"GET /api/v1/accounts/1789671423176u7joo9 200 122 - 4.313 ms","timestamp":"2026-09-17T18:57:03.257Z"}
{"details":null,"level":"warn","message":"DOMAIN EXCEPTION: Invalid email or password","statusCode":401,"timestamp":"2026-09-17T18:57:03.298Z"}
{"level":"info","message":"POST /api/v1/auth/login 401 37 - 125.885 ms","timestamp":"2026-09-17T18:57:03.299Z"}
{"details":null,"level":"warn","message":"DOMAIN EXCEPTION: Authentication required","statusCode":401,"timestamp":"2026-09-17T18:57:03.322Z"}
{"level":"info","message":"GET /api/v1/auth/me 401 35 - 1.351 ms","timestamp":"2026-09-17T18:57:03.324Z"}
{"details":null,"level":"warn","message":"DOMAIN EXCEPTION: Authentication required","statusCode":401,"timestamp":"2026-09-17T18:57:03.343Z"}
{"level":"info","message":"GET /api/v1/admin/stats 401 35 - 1.349 ms","timestamp":"2026-09-17T18:57:03.345Z"}
{"level":"info","message":"POST /api/v1/auth/token 200 305 - 1.183 ms","timestamp":"2026-09-17T18:57:03.369Z"}
{"details":{"requiredRoles":["admin"],"userRole":"user"},"level":"warn","message":"DOMAIN EXCEPTION: Forbidden: Insufficient permissions","statusCode":403,"timestamp":"2026-09-17T18:57:03.377Z"}
{"level":"info","message":"GET /api/v1/admin/stats 403 103 - 2.227 ms","timestamp":"2026-09-17T18:57:03.379Z"}
{"accountId":"1789671423403b0c163","level":"info","message":"Account created","timestamp":"2026-09-17T18:57:03.414Z"}
{"level":"info","message":"POST /api/v1/accounts 201 139 - 16.078 ms","timestamp":"2026-09-17T18:57:03.415Z"}
{"level":"info","message":"POST /api/v1/auth/signup 201 561 - 145.193 ms","timestamp":"2026-09-17T18:57:03.426Z"}
{"level":"info","message":"POST /api/v1/auth/token 200 315 - 1.305 ms","timestamp":"2026-09-17T18:57:03.425Z"}
{"accountId":"1789671423433wavitd","level":"info","message":"Account created","timestamp":"2026-09-17T18:57:03.444Z"}
{"level":"info","message":"GET /api/v1/admin/stats 200 66 - 16.730 ms","timestamp":"2026-09-17T18:57:03.450Z"}
{"level":"info","message":"POST /api/v1/accounts 201 122 - 11.433 ms","timestamp":"2026-09-17T18:57:03.445Z"}
{"details":{"fromBalance":"10000","transferAmount":"20000"},"level":"warn","message":"DOMAIN EXCEPTION: Insufficient funds","statusCode":400,"timestamp":"2026-09-17T18:57:03.465Z"}
{"level":"info","message":"POST /api/v1/transfers 400 89 - 13.396 ms","timestamp":"2026-09-17T18:57:03.466Z"}
{"level":"info","message":"Connected to MongoDB","timestamp":"2026-09-17T20:32:26.823Z"}
{"level":"info","message":"Server running on port 8000","timestamp":"2026-09-17T20:32:26.831Z"}
{"level":"info","message":"Connected to MongoDB","timestamp":"2026-09-17T20:36:48.537Z"}
{"level":"info","message":"Server running on port 8000","timestamp":"2026-09-17T20:36:48.547Z"}
{"level":"info","message":"Connected to MongoDB","timestamp":"2026-09-17T20:36:52.603Z"}
{"level":"info","message":"Server running on port 8000","timestamp":"2026-09-17T20:36:52.618Z"}
{"key":"key-1","level":"info","message":"Idempotent replay","timestamp":"2026-09-17T20:37:14.620Z","userId":"user-1"}
{"key":"key-1","level":"info","message":"Idempotent replay","timestamp":"2026-09-17T20:37:22.434Z","userId":"user-1"}
{"accountId":"acc-bob","level":"info","message":"Account created","timestamp":"2026-09-17T20:37:23.152Z"}
{"amount":"5000","fromAccountId":"acc-1","initiatedBy":"usr-1","level":"info","message":"Transfer completed","timestamp":"2026-09-17T20:37:23.183Z","toAccountId":"acc-2","transferId":"tr-1"}
{"details":null,"level":"warn","message":"DOMAIN EXCEPTION: Authentication required","statusCode":401,"timestamp":"2026-09-17T20:37:28.580Z"}
{"details":null,"level":"warn","message":"DOMAIN EXCEPTION: Authentication required","statusCode":401,"timestamp":"2026-09-17T20:37:28.589Z"}
{"level":"info","message":"GET /api/v1/accounts 401 35 - 21.884 ms","timestamp":"2026-09-17T20:37:28.600Z"}
{"level":"info","message":"GET /api/v1/accounts 401 35 - 16.970 ms","timestamp":"2026-09-17T20:37:28.604Z"}
{"level":"info","message":"GET /api/v1/accounts 200 2 - 28.711 ms","timestamp":"2026-09-17T20:37:28.658Z"}
{"level":"info","message":"POST /api/v1/auth/token 200 303 - 4.654 ms","timestamp":"2026-09-17T20:37:29.150Z"}
{"details":null,"level":"warn","message":"DOMAIN EXCEPTION: Authentication required","statusCode":401,"timestamp":"2026-09-17T20:37:29.154Z"}
{"level":"info","message":"POST /api/v1/transfers 401 35 - 12.698 ms","timestamp":"2026-09-17T20:37:29.164Z"}
{"accountId":"1789677449145wgwmpv","level":"info","message":"Account created","timestamp":"2026-09-17T20:37:29.382Z"}
{"level":"info","message":"POST /api/v1/accounts 201 129 - 249.711 ms","timestamp":"2026-09-17T20:37:29.395Z"}
{"details":null,"level":"warn","message":"DOMAIN EXCEPTION: Admin or Superadmin cannot perform this action","statusCode":403,"timestamp":"2026-09-17T20:37:29.417Z"}
{"level":"info","message":"POST /api/v1/transfers 403 58 - 4.762 ms","timestamp":"2026-09-17T20:37:29.419Z"}
{"level":"info","message":"POST /api/v1/auth/signup 201 587 - 255.152 ms","timestamp":"2026-09-17T20:37:29.399Z"}
{"level":"info","message":"POST /api/v1/auth/signup 201 597 - 198.538 ms","timestamp":"2026-09-17T20:37:29.401Z"}
{"level":"info","message":"GET /api/v1/auth/me 200 138 - 9.667 ms","timestamp":"2026-09-17T20:37:29.421Z"}
{"accountId":"17896774494115m96wg","level":"info","message":"Account created","timestamp":"2026-09-17T20:37:29.428Z"}
{"level":"info","message":"POST /api/v1/accounts 201 129 - 20.838 ms","timestamp":"2026-09-17T20:37:29.430Z"}
{"details":{"email":"alice@example.com","resource":"Account"},"level":"warn","message":"DOMAIN EXCEPTION: Account already exists for this email","statusCode":409,"timestamp":"2026-09-17T20:37:29.445Z"}
{"level":"info","message":"POST /api/v1/accounts 409 110 - 8.251 ms","timestamp":"2026-09-17T20:37:29.446Z"}
{"errors":[{"code":"too_small","exact":false,"inclusive":false,"message":"Amount must be a positive number","minimum":0,"path":["amountMinor"],"type":"number"},{"code":"too_small","exact":false,"inclusive":true,"message":"Amount must be at least 1","minimum":1,"path":["amountMinor"],"type":"number"}],"level":"error","message":"Validation error:","timestamp":"2026-09-17T20:37:29.455Z"}
{"level":"info","message":"POST /api/v1/transfers 400 301 - 2.468 ms","timestamp":"2026-09-17T20:37:29.456Z"}
{"details":null,"level":"warn","message":"DOMAIN EXCEPTION: Authenticated user not found","statusCode":401,"timestamp":"2026-09-17T20:37:29.464Z"}
{"level":"info","message":"POST /api/v1/transfers 401 40 - 13.366 ms","timestamp":"2026-09-17T20:37:29.465Z"}
{"details":{"fromBalance":"100000","transferAmount":"500000"},"level":"warn","message":"DOMAIN EXCEPTION: Insufficient funds","statusCode":400,"timestamp":"2026-09-17T20:37:29.481Z"}
{"level":"info","message":"POST /api/v1/transfers 400 91 - 20.158 ms","timestamp":"2026-09-17T20:37:29.483Z"}
{"amount":"35000","fromAccountId":"1789677449159w55440","initiatedBy":"1789677449159w55440","level":"info","message":"Transfer completed","timestamp":"2026-09-17T20:37:29.525Z","toAccountId":"17896774494115m96wg","transferId":"6aac4f89ef2c3090cc8f636b"}
{"level":"info","message":"POST /api/v1/transfers 201 257 - 37.761 ms","timestamp":"2026-09-17T20:37:29.526Z"}
{"level":"info","message":"GET /api/v1/transfers/6aac4f89ef2c3090cc8f636b 200 257 - 3.052 ms","timestamp":"2026-09-17T20:37:29.535Z"}
{"level":"info","message":"GET /api/v1/accounts/1789677449159w55440 200 133 - 3.789 ms","timestamp":"2026-09-17T20:37:29.544Z"}
{"level":"info","message":"GET /api/v1/accounts/17896774494115m96wg 200 129 - 2.957 ms","timestamp":"2026-09-17T20:37:29.552Z"}
{"level":"info","message":"POST /api/v1/auth/signup 201 597 - 112.416 ms","timestamp":"2026-09-17T20:37:29.563Z"}
{"level":"info","message":"GET /api/v1/transfers?page=1&limit=10 200 259 - 4.393 ms","timestamp":"2026-09-17T20:37:29.562Z"}
{"details":{"email":"duplicate@test.com"},"level":"warn","message":"DOMAIN EXCEPTION: User with this email already exists","statusCode":409,"timestamp":"2026-09-17T20:37:29.571Z"}
{"level":"info","message":"POST /api/v1/auth/signup 409 88 - 3.530 ms","timestamp":"2026-09-17T20:37:29.572Z"}
{"level":"info","message":"PATCH /api/v1/accounts/1789677449159w55440 200 151 - 19.417 ms","timestamp":"2026-09-17T20:37:29.587Z"}
{"accountId":"1789677449576g57frt","level":"info","message":"Account created","timestamp":"2026-09-17T20:37:29.608Z"}
{"level":"info","message":"POST /api/v1/accounts 201 134 - 33.580 ms","timestamp":"2026-09-17T20:37:29.609Z"}
{"level":"info","message":"POST /api/v1/auth/signup 201 563 - 138.748 ms","timestamp":"2026-09-17T20:37:29.618Z"}
{"level":"info","message":"DELETE /api/v1/accounts/17896774494115m96wg 200 42 - 23.967 ms","timestamp":"2026-09-17T20:37:29.617Z"}
{"details":{"email":"duplicate@example.com","resource":"Account"},"level":"warn","message":"DOMAIN EXCEPTION: Account already exists for this email","statusCode":409,"timestamp":"2026-09-17T20:37:29.623Z"}
{"level":"info","message":"POST /api/v1/accounts 409 114 - 8.154 ms","timestamp":"2026-09-17T20:37:29.625Z"}
{"details":{"id":"17896774494115m96wg","reason":"Not Found","resource":"Account"},"level":"warn","message":"DOMAIN EXCEPTION: Account not found","statusCode":404,"timestamp":"2026-09-17T20:37:29.634Z"}
{"level":"info","message":"POST /api/v1/transfers 404 110 - 11.850 ms","timestamp":"2026-09-17T20:37:29.635Z"}
{"level":"info","message":"GET /api/v1/accounts 200 2 - 6.792 ms","timestamp":"2026-09-17T20:37:29.659Z"}
{"details":null,"level":"warn","message":"DOMAIN EXCEPTION: Authentication required","statusCode":401,"timestamp":"2026-09-17T20:37:29.676Z"}
{"level":"info","message":"GET /api/v1/accounts 401 35 - 1.155 ms","timestamp":"2026-09-17T20:37:29.677Z"}
{"accountId":"1789677449696rpfeud","level":"info","message":"Account created","timestamp":"2026-09-17T20:37:29.726Z"}
{"level":"info","message":"POST /api/v1/accounts 201 142 - 30.925 ms","timestamp":"2026-09-17T20:37:29.727Z"}
{"level":"info","message":"POST /api/v1/auth/signup 201 548 - 128.785 ms","timestamp":"2026-09-17T20:37:29.755Z"}
{"level":"info","message":"DELETE /api/v1/accounts/1789677449696rpfeud 200 42 - 15.357 ms","timestamp":"2026-09-17T20:37:29.750Z"}
{"details":{"id":"1789677449482spct0l","resource":"Account"},"level":"warn","message":"DOMAIN EXCEPTION: Cannot initiate transfer from an account you do not own","statusCode":403,"timestamp":"2026-09-17T20:37:29.769Z"}
{"level":"info","message":"POST /api/v1/transfers 403 127 - 6.825 ms","timestamp":"2026-09-17T20:37:29.770Z"}
{"level":"info","message":"GET /api/v1/accounts/1789677449482spct0l 200 128 - 4.839 ms","timestamp":"2026-09-17T20:37:29.781Z"}
{"level":"info","message":"POST /api/v1/auth/login 200 315 - 110.844 ms","timestamp":"2026-09-17T20:37:29.810Z"}
{"accountId":"1789677449798h263tz","level":"info","message":"Account created","timestamp":"2026-09-17T20:37:29.808Z"}
{"level":"info","message":"POST /api/v1/accounts 201 133 - 11.251 ms","timestamp":"2026-09-17T20:37:29.809Z"}
{"accountId":"17896774498172k5lfx","level":"info","message":"Account created","timestamp":"2026-09-17T20:37:29.826Z"}
{"level":"info","message":"POST /api/v1/accounts 201 138 - 10.073 ms","timestamp":"2026-09-17T20:37:29.827Z"}
{"level":"info","message":"DELETE /api/v1/accounts/17896774498172k5lfx 200 42 - 6.846 ms","timestamp":"2026-09-17T20:37:29.841Z"}
{"level":"info","message":"GET /api/v1/accounts 200 135 - 4.567 ms","timestamp":"2026-09-17T20:37:29.852Z"}
{"details":{"id":"non-existent-account-id","reason":"Not Found","resource":"Account"},"level":"warn","message":"DOMAIN EXCEPTION: Account not found","statusCode":404,"timestamp":"2026-09-17T20:37:29.878Z"}
{"level":"info","message":"DELETE /api/v1/accounts/non-existent-account-id 404 114 - 5.338 ms","timestamp":"2026-09-17T20:37:29.879Z"}
{"level":"info","message":"POST /api/v1/auth/signup 201 563 - 183.311 ms","timestamp":"2026-09-17T20:37:29.995Z"}
{"accountId":"1789677450003irs3j0","level":"info","message":"Account created","timestamp":"2026-09-17T20:37:30.014Z"}
{"level":"info","message":"POST /api/v1/accounts 201 122 - 12.548 ms","timestamp":"2026-09-17T20:37:30.015Z"}
{"details":{"id":"not-alice-account","resource":"Account"},"level":"warn","message":"DOMAIN EXCEPTION: Cannot initiate transfer from an account you do not own","statusCode":403,"timestamp":"2026-09-17T20:37:30.026Z"}
{"level":"info","message":"POST /api/v1/transfers 403 125 - 4.494 ms","timestamp":"2026-09-17T20:37:30.027Z"}
{"level":"info","message":"POST /api/v1/auth/login 200 420 - 167.987 ms","timestamp":"2026-09-17T20:37:30.179Z"}
{"level":"info","message":"GET /api/v1/auth/me 200 126 - 7.722 ms","timestamp":"2026-09-17T20:37:30.195Z"}
{"level":"info","message":"POST /api/v1/auth/signup 201 563 - 153.380 ms","timestamp":"2026-09-17T20:37:30.203Z"}
{"errors":[{"code":"custom","message":"Cannot transfer to the same account","path":["toAccountId"]}],"level":"error","message":"Validation error:","timestamp":"2026-09-17T20:37:30.210Z"}
{"level":"info","message":"POST /api/v1/transfers 400 100 - 2.394 ms","timestamp":"2026-09-17T20:37:30.212Z"}
{"level":"info","message":"POST /api/v1/auth/signup 201 563 - 157.199 ms","timestamp":"2026-09-17T20:37:30.393Z"}
{"details":{"id":"nonexistent-destination","reason":"Not Found","resource":"Account"},"level":"warn","message":"DOMAIN EXCEPTION: Account not found","statusCode":404,"timestamp":"2026-09-17T20:37:30.412Z"}
{"level":"info","message":"POST /api/v1/transfers 404 114 - 14.554 ms","timestamp":"2026-09-17T20:37:30.413Z"}
{"details":null,"level":"warn","message":"DOMAIN EXCEPTION: Invalid email or password","statusCode":401,"timestamp":"2026-09-17T20:37:30.465Z"}
{"level":"info","message":"POST /api/v1/auth/login 401 37 - 144.808 ms","timestamp":"2026-09-17T20:37:30.466Z"}
{"details":null,"level":"warn","message":"DOMAIN EXCEPTION: Authentication required","statusCode":401,"timestamp":"2026-09-17T20:37:30.483Z"}
{"level":"info","message":"GET /api/v1/auth/me 401 35 - 0.795 ms","timestamp":"2026-09-17T20:37:30.484Z"}
{"details":null,"level":"warn","message":"DOMAIN EXCEPTION: Authentication required","statusCode":401,"timestamp":"2026-09-17T20:37:30.498Z"}
{"level":"info","message":"GET /api/v1/admin/stats 401 35 - 1.022 ms","timestamp":"2026-09-17T20:37:30.499Z"}
{"level":"info","message":"POST /api/v1/auth/token 200 305 - 0.787 ms","timestamp":"2026-09-17T20:37:30.516Z"}
{"details":{"requiredRoles":["admin"],"userRole":"user"},"level":"warn","message":"DOMAIN EXCEPTION: Forbidden: Insufficient permissions","statusCode":403,"timestamp":"2026-09-17T20:37:30.521Z"}
{"level":"info","message":"GET /api/v1/admin/stats 403 103 - 1.549 ms","timestamp":"2026-09-17T20:37:30.522Z"}
{"level":"info","message":"POST /api/v1/auth/signup 201 563 - 109.021 ms","timestamp":"2026-09-17T20:37:30.543Z"}
{"accountId":"17896774505406p6mg7","level":"info","message":"Account created","timestamp":"2026-09-17T20:37:30.549Z"}
{"level":"info","message":"POST /api/v1/accounts 201 139 - 12.597 ms","timestamp":"2026-09-17T20:37:30.550Z"}
{"accountId":"1789677450549k8jfmi","level":"info","message":"Account created","timestamp":"2026-09-17T20:37:30.557Z"}
{"level":"info","message":"POST /api/v1/accounts 201 122 - 9.054 ms","timestamp":"2026-09-17T20:37:30.558Z"}
{"level":"info","message":"POST /api/v1/auth/token 200 315 - 0.828 ms","timestamp":"2026-09-17T20:37:30.557Z"}
{"amount":"20000","fromAccountId":"1789677450437xnt24r","initiatedBy":"1789677450437xnt24r","level":"info","message":"Transfer completed","timestamp":"2026-09-17T20:37:30.600Z","toAccountId":"1789677450549k8jfmi","transferId":"6aac4f8af9fddab05d57913d"}
{"level":"info","message":"POST /api/v1/transfers 201 257 - 37.139 ms","timestamp":"2026-09-17T20:37:30.601Z"}
{"level":"info","message":"GET /api/v1/accounts/1789677450437xnt24r 200 126 - 4.127 ms","timestamp":"2026-09-17T20:37:30.611Z"}
{"level":"info","message":"GET /api/v1/accounts/1789677450549k8jfmi 200 122 - 4.526 ms","timestamp":"2026-09-17T20:37:30.621Z"}
{"level":"info","message":"GET /api/v1/admin/stats 200 66 - 80.088 ms","timestamp":"2026-09-17T20:37:30.643Z"}
{"level":"info","message":"POST /api/v1/auth/signup 201 561 - 191.992 ms","timestamp":"2026-09-17T20:37:30.841Z"}
{"accountId":"1789677450847s9giz3","level":"info","message":"Account created","timestamp":"2026-09-17T20:37:30.854Z"}
{"level":"info","message":"POST /api/v1/accounts 201 122 - 7.886 ms","timestamp":"2026-09-17T20:37:30.855Z"}
{"details":{"fromBalance":"10000","transferAmount":"20000"},"level":"warn","message":"DOMAIN EXCEPTION: Insufficient funds","statusCode":400,"timestamp":"2026-09-17T20:37:30.869Z"}
{"level":"info","message":"POST /api/v1/transfers 400 89 - 9.292 ms","timestamp":"2026-09-17T20:37:30.870Z"}
{"level":"info","message":"Connected to MongoDB","timestamp":"2026-09-18T08:56:07.382Z"}
{"level":"info","message":"Server running on port 8000","timestamp":"2026-09-18T08:56:07.404Z"}
{"level":"info","message":"Connected to MongoDB","timestamp":"2026-09-18T09:01:28.397Z"}
{"level":"info","message":"Server running on port 8000","timestamp":"2026-09-18T09:01:28.412Z"}
{"level":"info","message":"Connected to MongoDB","timestamp":"2026-09-18T09:03:40.700Z"}
{"level":"info","message":"Server running on port 8000","timestamp":"2026-09-18T09:03:40.722Z"}
{"level":"info","message":"Connected to MongoDB","timestamp":"2026-09-18T09:04:41.107Z"}
{"level":"info","message":"Server running on port 8000","timestamp":"2026-09-18T09:04:41.125Z"}
{"level":"info","message":"Connected to MongoDB","timestamp":"2026-09-18T09:05:21.661Z"}
{"level":"info","message":"Server running on port 8000","timestamp":"2026-09-18T09:05:21.676Z"}
{"accountId":"acc-bob","level":"info","message":"Account created","timestamp":"2026-09-18T09:11:17.583Z"}
{"amount":"5000","fromAccountId":"acc-1","initiatedBy":"usr-1","level":"info","message":"Transfer completed","timestamp":"2026-09-18T09:11:17.600Z","toAccountId":"acc-2","transferId":"tr-1"}
{"key":"key-1","level":"info","message":"Idempotent replay","timestamp":"2026-09-18T09:15:34.167Z","userId":"user-1"}
{"accountId":"acc-bob","level":"info","message":"Account created","timestamp":"2026-09-18T09:15:34.208Z"}
{"amount":"5000","fromAccountId":"acc-1","initiatedBy":"usr-1","level":"info","message":"Transfer completed","timestamp":"2026-09-18T09:15:34.254Z","toAccountId":"acc-2","transferId":"tr-1"}
{"details":null,"level":"warn","message":"DOMAIN EXCEPTION: Authentication required","statusCode":401,"timestamp":"2026-09-18T09:15:41.569Z"}
{"level":"info","message":"GET /api/v1/accounts 401 35 - 32.399 ms","timestamp":"2026-09-18T09:15:41.603Z"}
{"details":null,"level":"warn","message":"DOMAIN EXCEPTION: Authentication required","statusCode":401,"timestamp":"2026-09-18T09:15:41.612Z"}
{"level":"info","message":"GET /api/v1/accounts 401 35 - 14.938 ms","timestamp":"2026-09-18T09:15:41.630Z"}
{"level":"info","message":"GET /api/v1/accounts 200 2 - 23.059 ms","timestamp":"2026-09-18T09:15:41.654Z"}
{"level":"info","message":"POST /api/v1/auth/token 200 303 - 10.266 ms","timestamp":"2026-09-18T09:15:42.527Z"}
{"details":null,"level":"warn","message":"DOMAIN EXCEPTION: Authentication required","statusCode":401,"timestamp":"2026-09-18T09:15:42.524Z"}
{"level":"info","message":"POST /api/v1/transfers 401 35 - 21.619 ms","timestamp":"2026-09-18T09:15:42.540Z"}
{"accountId":"1789722942519lkst1c","level":"info","message":"Account created","timestamp":"2026-09-18T09:15:42.824Z"}
{"details":null,"level":"warn","message":"DOMAIN EXCEPTION: Admin or Superadmin cannot perform this action","statusCode":403,"timestamp":"2026-09-18T09:15:42.834Z"}
{"level":"info","message":"POST /api/v1/transfers 403 58 - 7.245 ms","timestamp":"2026-09-18T09:15:42.837Z"}
{"level":"info","message":"POST /api/v1/accounts 201 129 - 328.608 ms","timestamp":"2026-09-18T09:15:42.845Z"}
{"level":"info","message":"POST /api/v1/auth/signup 201 587 - 653.006 ms","timestamp":"2026-09-18T09:15:43.163Z"}
{"accountId":"1789722943175tglm5n","level":"info","message":"Account created","timestamp":"2026-09-18T09:15:43.196Z"}
{"level":"info","message":"POST /api/v1/accounts 201 129 - 25.287 ms","timestamp":"2026-09-18T09:15:43.199Z"}
{"details":{"email":"alice@example.com","resource":"Account"},"level":"warn","message":"DOMAIN EXCEPTION: Account already exists for this email","statusCode":409,"timestamp":"2026-09-18T09:15:43.220Z"}
{"level":"info","message":"POST /api/v1/accounts 409 110 - 9.434 ms","timestamp":"2026-09-18T09:15:43.222Z"}
{"errors":[{"code":"too_small","exact":false,"inclusive":false,"message":"Amount must be a positive number","minimum":0,"path":["amountMinor"],"type":"number"},{"code":"too_small","exact":false,"inclusive":true,"message":"Amount must be at least 1","minimum":1,"path":["amountMinor"],"type":"number"}],"level":"error","message":"Validation error:","timestamp":"2026-09-18T09:15:43.236Z"}
{"level":"info","message":"POST /api/v1/transfers 400 301 - 5.363 ms","timestamp":"2026-09-18T09:15:43.238Z"}
{"accountId":"1789722943257xyslrk","level":"info","message":"Account created","timestamp":"2026-09-18T09:15:43.320Z"}
{"level":"info","message":"POST /api/v1/accounts 201 134 - 65.904 ms","timestamp":"2026-09-18T09:15:43.322Z"}
{"details":{"email":"duplicate@example.com","resource":"Account"},"level":"warn","message":"DOMAIN EXCEPTION: Account already exists for this email","statusCode":409,"timestamp":"2026-09-18T09:15:43.339Z"}
{"level":"info","message":"POST /api/v1/accounts 409 114 - 10.027 ms","timestamp":"2026-09-18T09:15:43.341Z"}
{"level":"info","message":"GET /api/v1/accounts 200 2 - 10.002 ms","timestamp":"2026-09-18T09:15:43.389Z"}
{"level":"info","message":"POST /api/v1/auth/signup 201 563 - 297.994 ms","timestamp":"2026-09-18T09:15:43.398Z"}
{"details":null,"level":"warn","message":"DOMAIN EXCEPTION: Missing Idempotency-Key header","statusCode":400,"timestamp":"2026-09-18T09:15:43.410Z"}
{"level":"info","message":"POST /api/v1/transfers 400 42 - 2.916 ms","timestamp":"2026-09-18T09:15:43.411Z"}
{"details":null,"level":"warn","message":"DOMAIN EXCEPTION: Authentication required","statusCode":401,"timestamp":"2026-09-18T09:15:43.416Z"}
{"level":"info","message":"GET /api/v1/accounts 401 35 - 1.731 ms","timestamp":"2026-09-18T09:15:43.418Z"}
{"details":null,"level":"warn","message":"DOMAIN EXCEPTION: Authenticated user not found","statusCode":401,"timestamp":"2026-09-18T09:15:43.463Z"}
{"level":"info","message":"POST /api/v1/transfers 401 40 - 5.582 ms","timestamp":"2026-09-18T09:15:43.464Z"}
{"accountId":"1789722943442acwg1f","level":"info","message":"Account created","timestamp":"2026-09-18T09:15:43.473Z"}
{"level":"info","message":"POST /api/v1/accounts 201 142 - 32.644 ms","timestamp":"2026-09-18T09:15:43.475Z"}
{"level":"info","message":"DELETE /api/v1/accounts/1789722943442acwg1f 200 42 - 29.904 ms","timestamp":"2026-09-18T09:15:43.515Z"}
{"accountId":"1789722943567eb7lru","level":"info","message":"Account created","timestamp":"2026-09-18T09:15:43.590Z"}
{"level":"info","message":"POST /api/v1/accounts 201 133 - 23.643 ms","timestamp":"2026-09-18T09:15:43.591Z"}
{"level":"info","message":"POST /api/v1/auth/signup 201 597 - 219.529 ms","timestamp":"2026-09-18T09:15:43.599Z"}
{"level":"info","message":"GET /api/v1/auth/me 200 138 - 9.690 ms","timestamp":"2026-09-18T09:15:43.619Z"}
{"accountId":"1789722943601o3ao99","level":"info","message":"Account created","timestamp":"2026-09-18T09:15:43.627Z"}
{"level":"info","message":"POST /api/v1/accounts 201 138 - 26.966 ms","timestamp":"2026-09-18T09:15:43.628Z"}
{"level":"info","message":"DELETE /api/v1/accounts/1789722943601o3ao99 200 42 - 37.028 ms","timestamp":"2026-09-18T09:15:43.676Z"}
{"level":"info","message":"POST /api/v1/auth/signup 201 563 - 191.684 ms","timestamp":"2026-09-18T09:15:43.678Z"}
{"level":"info","message":"GET /api/v1/accounts 200 135 - 5.169 ms","timestamp":"2026-09-18T09:15:43.692Z"}
{"details":{"id":"non-existent-account-id","reason":"Not Found","resource":"Account"},"level":"warn","message":"DOMAIN EXCEPTION: Account not found","statusCode":404,"timestamp":"2026-09-18T09:15:43.731Z"}
{"level":"info","message":"DELETE /api/v1/accounts/non-existent-account-id 404 114 - 5.574 ms","timestamp":"2026-09-18T09:15:43.732Z"}
{"level":"info","message":"POST /api/v1/auth/signup 201 597 - 183.728 ms","timestamp":"2026-09-18T09:15:43.839Z"}
{"details":{"email":"duplicate@test.com"},"level":"warn","message":"DOMAIN EXCEPTION: User with this email already exists","statusCode":409,"timestamp":"2026-09-18T09:15:43.852Z"}
{"level":"info","message":"POST /api/v1/auth/signup 409 88 - 5.614 ms","timestamp":"2026-09-18T09:15:43.854Z"}
{"level":"info","message":"POST /api/v1/auth/signup 201 548 - 183.003 ms","timestamp":"2026-09-18T09:15:43.871Z"}
{"details":{"id":"17897229434905lvrm5","resource":"Account"},"level":"warn","message":"DOMAIN EXCEPTION: Cannot initiate transfer from an account you do not own","statusCode":403,"timestamp":"2026-09-18T09:15:43.887Z"}
{"level":"info","message":"POST /api/v1/transfers 403 127 - 8.313 ms","timestamp":"2026-09-18T09:15:43.888Z"}
{"level":"info","message":"GET /api/v1/accounts/17897229434905lvrm5 200 128 - 8.167 ms","timestamp":"2026-09-18T09:15:43.907Z"}
{"level":"info","message":"POST /api/v1/auth/signup 201 563 - 176.143 ms","timestamp":"2026-09-18T09:15:44.115Z"}
{"accountId":"1789722944123ompj0i","level":"info","message":"Account created","timestamp":"2026-09-18T09:15:44.149Z"}
{"level":"info","message":"POST /api/v1/accounts 201 122 - 27.323 ms","timestamp":"2026-09-18T09:15:44.150Z"}
{"level":"info","message":"POST /api/v1/auth/login 200 315 - 128.604 ms","timestamp":"2026-09-18T09:15:44.162Z"}
{"details":{"id":"not-alice-account","resource":"Account"},"level":"warn","message":"DOMAIN EXCEPTION: Cannot initiate transfer from an account you do not own","statusCode":403,"timestamp":"2026-09-18T09:15:44.159Z"}
{"level":"info","message":"POST /api/v1/transfers 403 125 - 4.347 ms","timestamp":"2026-09-18T09:15:44.160Z"}
{"level":"info","message":"POST /api/v1/auth/signup 201 563 - 149.122 ms","timestamp":"2026-09-18T09:15:44.393Z"}
{"errors":[{"code":"custom","message":"Cannot transfer to the same account","path":["toAccountId"]}],"level":"error","message":"Validation error:","timestamp":"2026-09-18T09:15:44.402Z"}
{"level":"info","message":"POST /api/v1/transfers 400 100 - 2.190 ms","timestamp":"2026-09-18T09:15:44.403Z"}
{"level":"info","message":"POST /api/v1/auth/login 200 420 - 130.945 ms","timestamp":"2026-09-18T09:15:44.495Z"}
{"level":"info","message":"GET /api/v1/auth/me 200 126 - 5.306 ms","timestamp":"2026-09-18T09:15:44.513Z"}
{"details":{"fromBalance":"100000","transferAmount":"500000"},"level":"warn","message":"DOMAIN EXCEPTION: Insufficient funds","statusCode":400,"timestamp":"2026-09-18T09:15:44.545Z"}
{"level":"info","message":"POST /api/v1/transfers 400 91 - 1297.689 ms","timestamp":"2026-09-18T09:15:44.547Z"}
{"level":"info","message":"POST /api/v1/auth/signup 201 563 - 349.073 ms","timestamp":"2026-09-18T09:15:44.821Z"}
{"details":null,"level":"warn","message":"DOMAIN EXCEPTION: Invalid email or password","statusCode":401,"timestamp":"2026-09-18T09:15:44.975Z"}
{"level":"info","message":"POST /api/v1/auth/login 401 37 - 140.544 ms","timestamp":"2026-09-18T09:15:44.976Z"}
{"details":null,"level":"warn","message":"DOMAIN EXCEPTION: Authentication required","statusCode":401,"timestamp":"2026-09-18T09:15:44.998Z"}
{"level":"info","message":"GET /api/v1/auth/me 401 35 - 1.561 ms","timestamp":"2026-09-18T09:15:44.999Z"}
{"details":null,"level":"warn","message":"DOMAIN EXCEPTION: Authentication required","statusCode":401,"timestamp":"2026-09-18T09:15:45.023Z"}
{"level":"info","message":"GET /api/v1/admin/stats 401 35 - 1.484 ms","timestamp":"2026-09-18T09:15:45.024Z"}
{"level":"info","message":"POST /api/v1/auth/token 200 305 - 1.458 ms","timestamp":"2026-09-18T09:15:45.051Z"}
{"details":{"requiredRoles":["admin"],"userRole":"user"},"level":"warn","message":"DOMAIN EXCEPTION: Forbidden: Insufficient permissions","statusCode":403,"timestamp":"2026-09-18T09:15:45.060Z"}
{"level":"info","message":"GET /api/v1/admin/stats 403 103 - 2.762 ms","timestamp":"2026-09-18T09:15:45.062Z"}
{"accountId":"1789722945088eu5ddq","level":"info","message":"Account created","timestamp":"2026-09-18T09:15:45.098Z"}
{"level":"info","message":"POST /api/v1/accounts 201 139 - 16.610 ms","timestamp":"2026-09-18T09:15:45.100Z"}
{"level":"info","message":"POST /api/v1/auth/token 200 315 - 1.177 ms","timestamp":"2026-09-18T09:15:45.110Z"}
{"level":"info","message":"GET /api/v1/admin/stats 200 66 - 17.073 ms","timestamp":"2026-09-18T09:15:45.136Z"}
{"amount":"35000","fromAccountId":"1789722942531on7hxl","initiatedBy":"1789722942531on7hxl","level":"info","message":"Transfer completed","timestamp":"2026-09-18T09:15:45.783Z","toAccountId":"1789722943175tglm5n","transferId":"6aad01409802a5d017424ece"}
{"level":"info","message":"POST /api/v1/transfers 201 257 - 1228.072 ms","timestamp":"2026-09-18T09:15:45.785Z"}
{"level":"info","message":"GET /api/v1/transfers/6aad01409802a5d017424ece 200 257 - 6.463 ms","timestamp":"2026-09-18T09:15:45.800Z"}
{"level":"info","message":"GET /api/v1/accounts/1789722942531on7hxl 200 133 - 5.852 ms","timestamp":"2026-09-18T09:15:45.814Z"}
{"level":"info","message":"GET /api/v1/accounts/1789722943175tglm5n 200 129 - 4.156 ms","timestamp":"2026-09-18T09:15:45.828Z"}
{"level":"info","message":"GET /api/v1/transfers?page=1&limit=10 200 259 - 5.417 ms","timestamp":"2026-09-18T09:15:45.843Z"}
{"level":"info","message":"PATCH /api/v1/accounts/1789722942531on7hxl 200 151 - 51.639 ms","timestamp":"2026-09-18T09:15:45.903Z"}
{"level":"info","message":"DELETE /api/v1/accounts/1789722943175tglm5n 200 42 - 35.632 ms","timestamp":"2026-09-18T09:15:45.951Z"}
{"details":{"id":"nonexistent-destination","reason":"Not Found","resource":"Account"},"level":"warn","message":"DOMAIN EXCEPTION: Account not found","statusCode":404,"timestamp":"2026-09-18T09:15:46.384Z"}
{"level":"info","message":"POST /api/v1/transfers 404 114 - 1556.077 ms","timestamp":"2026-09-18T09:15:46.385Z"}
{"details":{"id":"1789722943175tglm5n","reason":"Not Found","resource":"Account"},"level":"warn","message":"DOMAIN EXCEPTION: Account not found","statusCode":404,"timestamp":"2026-09-18T09:15:46.422Z"}
{"level":"info","message":"POST /api/v1/transfers 404 110 - 462.794 ms","timestamp":"2026-09-18T09:15:46.423Z"}
{"level":"info","message":"POST /api/v1/auth/signup 201 563 - 181.457 ms","timestamp":"2026-09-18T09:15:46.602Z"}
{"accountId":"1789722946608bkb4r3","level":"info","message":"Account created","timestamp":"2026-09-18T09:15:46.643Z"}
{"level":"info","message":"POST /api/v1/accounts 201 122 - 35.823 ms","timestamp":"2026-09-18T09:15:46.644Z"}
{"amount":"20000","fromAccountId":"1789722946423qm3n7d","initiatedBy":"1789722946423qm3n7d","level":"info","message":"Transfer completed","timestamp":"2026-09-18T09:15:46.991Z","toAccountId":"1789722946608bkb4r3","transferId":"6aad0142dfdcc17a801b0797"}
{"level":"info","message":"POST /api/v1/transfers 201 257 - 340.954 ms","timestamp":"2026-09-18T09:15:46.993Z"}
{"level":"info","message":"GET /api/v1/accounts/1789722946423qm3n7d 200 126 - 3.841 ms","timestamp":"2026-09-18T09:15:47.006Z"}
{"level":"info","message":"GET /api/v1/accounts/1789722946608bkb4r3 200 122 - 4.477 ms","timestamp":"2026-09-18T09:15:47.017Z"}
{"level":"info","message":"POST /api/v1/auth/signup 201 561 - 208.705 ms","timestamp":"2026-09-18T09:15:47.300Z"}
{"accountId":"1789722947313et8w51","level":"info","message":"Account created","timestamp":"2026-09-18T09:15:47.386Z"}
{"level":"info","message":"POST /api/v1/accounts 201 122 - 74.043 ms","timestamp":"2026-09-18T09:15:47.387Z"}
{"details":{"fromBalance":"10000","transferAmount":"20000"},"level":"warn","message":"DOMAIN EXCEPTION: Insufficient funds","statusCode":400,"timestamp":"2026-09-18T09:15:47.754Z"}
{"level":"info","message":"POST /api/v1/transfers 400 89 - 360.714 ms","timestamp":"2026-09-18T09:15:47.755Z"}
{"level":"info","message":"POST /api/v1/auth/signup 201 563 - 208.717 ms","timestamp":"2026-09-18T09:15:47.997Z"}
{"accountId":"1789722948005u0xrs4","level":"info","message":"Account created","timestamp":"2026-09-18T09:15:48.033Z"}
{"level":"info","message":"POST /api/v1/accounts 201 122 - 29.380 ms","timestamp":"2026-09-18T09:15:48.034Z"}
{"amount":"10000","fromAccountId":"17897229477901jrnyp","initiatedBy":"17897229477901jrnyp","level":"info","message":"Transfer completed","timestamp":"2026-09-18T09:15:48.407Z","toAccountId":"1789722948005u0xrs4","transferId":"6aad0144dfdcc17a801b079f"}
{"level":"info","message":"POST /api/v1/transfers 201 257 - 366.783 ms","timestamp":"2026-09-18T09:15:48.408Z"}
{"key":"idem-replay-key-1","level":"info","message":"Idempotent replay","timestamp":"2026-09-18T09:15:48.775Z","userId":"17897229477901jrnyp"}
{"amount":"10000","fromAccountId":"17897229477901jrnyp","initiatedBy":"17897229477901jrnyp","level":"info","message":"Transfer completed","timestamp":"2026-09-18T09:15:48.776Z","toAccountId":"1789722948005u0xrs4","transferId":"6aad0144dfdcc17a801b079f"}
{"level":"info","message":"POST /api/v1/transfers 201 257 - 360.849 ms","timestamp":"2026-09-18T09:15:48.777Z"}
{"level":"info","message":"GET /api/v1/accounts/17897229477901jrnyp 200 126 - 4.074 ms","timestamp":"2026-09-18T09:15:48.790Z"}
{"level":"info","message":"POST /api/v1/auth/signup 201 563 - 167.816 ms","timestamp":"2026-09-18T09:15:49.021Z"}
{"accountId":"1789722949026zgaxqd","level":"info","message":"Account created","timestamp":"2026-09-18T09:15:49.060Z"}
{"level":"info","message":"POST /api/v1/accounts 201 122 - 35.105 ms","timestamp":"2026-09-18T09:15:49.061Z"}
{"amount":"10000","fromAccountId":"1789722948855peqgkr","initiatedBy":"1789722948855peqgkr","level":"info","message":"Transfer completed","timestamp":"2026-09-18T09:15:49.387Z","toAccountId":"1789722949026zgaxqd","transferId":"6aad0145dfdcc17a801b07a4"}
{"level":"info","message":"POST /api/v1/transfers 201 257 - 319.946 ms","timestamp":"2026-09-18T09:15:49.388Z"}
{"details":null,"level":"warn","message":"DOMAIN EXCEPTION: Idempotency key reused with different request body","statusCode":422,"timestamp":"2026-09-18T09:15:49.692Z"}
{"level":"info","message":"POST /api/v1/transfers 422 62 - 297.468 ms","timestamp":"2026-09-18T09:15:49.693Z"}
{"level":"info","message":"Connected to MongoDB","timestamp":"2026-09-18T09:19:38.498Z"}
{"level":"info","message":"Server running on port 8000","timestamp":"2026-09-18T09:19:38.517Z"}
{"key":"key-1","level":"info","message":"Idempotent replay","timestamp":"2026-09-18T09:21:51.993Z","userId":"user-1"}
{"accountId":"acc-bob","level":"info","message":"Account created","timestamp":"2026-09-18T09:21:53.121Z"}
{"amount":"5000","fromAccountId":"acc-1","initiatedBy":"usr-1","level":"info","message":"Transfer completed","timestamp":"2026-09-18T09:21:53.152Z","toAccountId":"acc-2","transferId":"tr-1"}
{"details":null,"level":"warn","message":"DOMAIN EXCEPTION: Authentication required","statusCode":401,"timestamp":"2026-09-18T09:21:56.653Z"}
{"level":"info","message":"GET /api/v1/accounts 401 35 - 63.992 ms","timestamp":"2026-09-18T09:21:56.720Z"}
{"accountId":"17897233164842k8iel","level":"info","message":"Account created","timestamp":"2026-09-18T09:21:56.744Z"}
{"level":"info","message":"POST /api/v1/accounts 201 129 - 293.702 ms","timestamp":"2026-09-18T09:21:56.762Z"}
{"details":null,"level":"warn","message":"DOMAIN EXCEPTION: Authentication required","statusCode":401,"timestamp":"2026-09-18T09:21:56.808Z"}
{"level":"info","message":"GET /api/v1/accounts 401 35 - 18.024 ms","timestamp":"2026-09-18T09:21:56.841Z"}
{"details":null,"level":"warn","message":"DOMAIN EXCEPTION: Authentication required","statusCode":401,"timestamp":"2026-09-18T09:21:56.862Z"}
{"accountId":"17897233169061xvn5n","level":"info","message":"Account created","timestamp":"2026-09-18T09:21:56.922Z"}
{"level":"info","message":"POST /api/v1/accounts 201 134 - 18.022 ms","timestamp":"2026-09-18T09:21:56.923Z"}
{"details":{"email":"duplicate@example.com","resource":"Account"},"level":"warn","message":"DOMAIN EXCEPTION: Account already exists for this email","statusCode":409,"timestamp":"2026-09-18T09:21:56.943Z"}
{"level":"info","message":"POST /api/v1/accounts 409 114 - 11.244 ms","timestamp":"2026-09-18T09:21:56.945Z"}
{"level":"info","message":"POST /api/v1/transfers 401 35 - 44.920 ms","timestamp":"2026-09-18T09:21:56.901Z"}
{"level":"info","message":"GET /api/v1/accounts 200 2 - 10.580 ms","timestamp":"2026-09-18T09:21:56.994Z"}
{"details":null,"level":"warn","message":"DOMAIN EXCEPTION: Authentication required","statusCode":401,"timestamp":"2026-09-18T09:21:57.023Z"}
{"level":"info","message":"GET /api/v1/accounts 401 35 - 1.730 ms","timestamp":"2026-09-18T09:21:57.025Z"}
{"accountId":"1789723317061wxvdtn","level":"info","message":"Account created","timestamp":"2026-09-18T09:21:57.075Z"}
{"level":"info","message":"POST /api/v1/accounts 201 142 - 15.090 ms","timestamp":"2026-09-18T09:21:57.076Z"}
{"level":"info","message":"POST /api/v1/auth/token 200 303 - 16.397 ms","timestamp":"2026-09-18T09:21:57.074Z"}
{"level":"info","message":"GET /api/v1/accounts 200 2 - 177.002 ms","timestamp":"2026-09-18T09:21:57.106Z"}
{"level":"info","message":"DELETE /api/v1/accounts/1789723317061wxvdtn 200 42 - 22.509 ms","timestamp":"2026-09-18T09:21:57.111Z"}
{"accountId":"1789723317142staw7d","level":"info","message":"Account created","timestamp":"2026-09-18T09:21:57.154Z"}
{"level":"info","message":"POST /api/v1/accounts 201 133 - 13.316 ms","timestamp":"2026-09-18T09:21:57.156Z"}
{"details":null,"level":"warn","message":"DOMAIN EXCEPTION: Admin or Superadmin cannot perform this action","statusCode":403,"timestamp":"2026-09-18T09:21:57.167Z"}
{"level":"info","message":"POST /api/v1/transfers 403 58 - 6.381 ms","timestamp":"2026-09-18T09:21:57.169Z"}
{"accountId":"1789723317166msj9pb","level":"info","message":"Account created","timestamp":"2026-09-18T09:21:57.177Z"}
{"level":"info","message":"POST /api/v1/accounts 201 138 - 12.761 ms","timestamp":"2026-09-18T09:21:57.179Z"}
{"level":"info","message":"DELETE /api/v1/accounts/1789723317166msj9pb 200 42 - 9.027 ms","timestamp":"2026-09-18T09:21:57.201Z"}
{"level":"info","message":"GET /api/v1/accounts 200 135 - 7.792 ms","timestamp":"2026-09-18T09:21:57.218Z"}
{"details":{"id":"non-existent-account-id","reason":"Not Found","resource":"Account"},"level":"warn","message":"DOMAIN EXCEPTION: Account not found","statusCode":404,"timestamp":"2026-09-18T09:21:57.250Z"}
{"level":"info","message":"DELETE /api/v1/accounts/non-existent-account-id 404 114 - 6.252 ms","timestamp":"2026-09-18T09:21:57.251Z"}
{"level":"info","message":"POST /api/v1/auth/signup 201 597 - 226.337 ms","timestamp":"2026-09-18T09:21:57.344Z"}
{"level":"info","message":"GET /api/v1/auth/me 200 138 - 12.135 ms","timestamp":"2026-09-18T09:21:57.366Z"}
{"level":"info","message":"POST /api/v1/auth/signup 201 587 - 203.150 ms","timestamp":"2026-09-18T09:21:57.382Z"}
{"accountId":"178972331739627qfvd","level":"info","message":"Account created","timestamp":"2026-09-18T09:21:57.410Z"}
{"level":"info","message":"POST /api/v1/auth/signup 201 563 - 211.105 ms","timestamp":"2026-09-18T09:21:57.411Z"}
{"level":"info","message":"POST /api/v1/accounts 201 129 - 19.506 ms","timestamp":"2026-09-18T09:21:57.412Z"}
{"details":null,"level":"warn","message":"DOMAIN EXCEPTION: Missing Idempotency-Key header","statusCode":400,"timestamp":"2026-09-18T09:21:57.424Z"}
{"level":"info","message":"POST /api/v1/transfers 400 42 - 3.296 ms","timestamp":"2026-09-18T09:21:57.425Z"}
{"details":{"email":"alice@example.com","resource":"Account"},"level":"warn","message":"DOMAIN EXCEPTION: Account already exists for this email","statusCode":409,"timestamp":"2026-09-18T09:21:57.429Z"}
{"level":"info","message":"POST /api/v1/accounts 409 110 - 9.273 ms","timestamp":"2026-09-18T09:21:57.431Z"}
{"errors":[{"code":"too_small","exact":false,"inclusive":false,"message":"Amount must be a positive number","minimum":0,"path":["amountMinor"],"type":"number"},{"code":"too_small","exact":false,"inclusive":true,"message":"Amount must be at least 1","minimum":1,"path":["amountMinor"],"type":"number"}],"level":"error","message":"Validation error:","timestamp":"2026-09-18T09:21:57.445Z"}
{"level":"info","message":"POST /api/v1/transfers 400 301 - 3.854 ms","timestamp":"2026-09-18T09:21:57.448Z"}
{"details":null,"level":"warn","message":"DOMAIN EXCEPTION: Authenticated user not found","statusCode":401,"timestamp":"2026-09-18T09:21:57.462Z"}
{"level":"info","message":"POST /api/v1/transfers 401 40 - 5.965 ms","timestamp":"2026-09-18T09:21:57.463Z"}
{"level":"info","message":"POST /api/v1/auth/signup 201 595 - 192.206 ms","timestamp":"2026-09-18T09:21:57.587Z"}
{"details":{"email":"duplicate@test.com"},"level":"warn","message":"DOMAIN EXCEPTION: User with this email already exists","statusCode":409,"timestamp":"2026-09-18T09:21:57.600Z"}
{"level":"info","message":"POST /api/v1/auth/signup 409 88 - 6.058 ms","timestamp":"2026-09-18T09:21:57.602Z"}
{"level":"info","message":"POST /api/v1/auth/signup 201 563 - 238.945 ms","timestamp":"2026-09-18T09:21:57.727Z"}
{"level":"info","message":"POST /api/v1/auth/signup 201 548 - 158.410 ms","timestamp":"2026-09-18T09:21:57.896Z"}
{"details":{"id":"1789723317491cgdbmi","resource":"Account"},"level":"warn","message":"DOMAIN EXCEPTION: Cannot initiate transfer from an account you do not own","statusCode":403,"timestamp":"2026-09-18T09:21:57.911Z"}
{"level":"info","message":"POST /api/v1/transfers 403 127 - 6.488 ms","timestamp":"2026-09-18T09:21:57.912Z"}
{"level":"info","message":"GET /api/v1/accounts/1789723317491cgdbmi 200 128 - 5.684 ms","timestamp":"2026-09-18T09:21:57.927Z"}
{"level":"info","message":"POST /api/v1/auth/login 200 315 - 137.753 ms","timestamp":"2026-09-18T09:21:57.974Z"}
{"level":"info","message":"POST /api/v1/auth/signup 201 563 - 142.903 ms","timestamp":"2026-09-18T09:21:58.098Z"}
{"accountId":"1789723318107e6cjon","level":"info","message":"Account created","timestamp":"2026-09-18T09:21:58.117Z"}
{"level":"info","message":"POST /api/v1/accounts 201 122 - 12.020 ms","timestamp":"2026-09-18T09:21:58.118Z"}
{"details":{"id":"not-alice-account","resource":"Account"},"level":"warn","message":"DOMAIN EXCEPTION: Cannot initiate transfer from an account you do not own","statusCode":403,"timestamp":"2026-09-18T09:21:58.127Z"}
{"level":"info","message":"POST /api/v1/transfers 403 125 - 4.379 ms","timestamp":"2026-09-18T09:21:58.128Z"}
{"level":"info","message":"POST /api/v1/auth/login 200 420 - 132.308 ms","timestamp":"2026-09-18T09:21:58.267Z"}
{"level":"info","message":"GET /api/v1/auth/me 200 126 - 4.801 ms","timestamp":"2026-09-18T09:21:58.280Z"}
{"level":"info","message":"POST /api/v1/auth/signup 201 563 - 144.910 ms","timestamp":"2026-09-18T09:21:58.302Z"}
{"errors":[{"code":"custom","message":"Cannot transfer to the same account","path":["toAccountId"]}],"level":"error","message":"Validation error:","timestamp":"2026-09-18T09:21:58.310Z"}
{"details":{"fromBalance":"100000","transferAmount":"500000"},"level":"warn","message":"DOMAIN EXCEPTION: Insufficient funds","statusCode":400,"timestamp":"2026-09-18T09:21:58.312Z"}
{"level":"info","message":"POST /api/v1/transfers 400 100 - 2.307 ms","timestamp":"2026-09-18T09:21:58.312Z"}
{"level":"info","message":"POST /api/v1/transfers 400 91 - 855.390 ms","timestamp":"2026-09-18T09:21:58.313Z"}
{"level":"info","message":"POST /api/v1/auth/signup 201 563 - 138.457 ms","timestamp":"2026-09-18T09:21:58.478Z"}
{"details":null,"level":"warn","message":"DOMAIN EXCEPTION: Invalid email or password","statusCode":401,"timestamp":"2026-09-18T09:21:58.552Z"}
{"level":"info","message":"POST /api/v1/auth/login 401 37 - 121.764 ms","timestamp":"2026-09-18T09:21:58.553Z"}
{"details":null,"level":"warn","message":"DOMAIN EXCEPTION: Authentication required","statusCode":401,"timestamp":"2026-09-18T09:21:58.577Z"}
{"level":"info","message":"GET /api/v1/auth/me 401 35 - 1.194 ms","timestamp":"2026-09-18T09:21:58.578Z"}
{"details":null,"level":"warn","message":"DOMAIN EXCEPTION: Authentication required","statusCode":401,"timestamp":"2026-09-18T09:21:58.594Z"}
{"level":"info","message":"GET /api/v1/admin/stats 401 35 - 1.258 ms","timestamp":"2026-09-18T09:21:58.595Z"}
{"level":"info","message":"POST /api/v1/auth/token 200 305 - 1.129 ms","timestamp":"2026-09-18T09:21:58.616Z"}
{"details":{"requiredRoles":["admin"],"userRole":"user"},"level":"warn","message":"DOMAIN EXCEPTION: Forbidden: Insufficient permissions","statusCode":403,"timestamp":"2026-09-18T09:21:58.623Z"}
{"level":"info","message":"GET /api/v1/admin/stats 403 103 - 1.893 ms","timestamp":"2026-09-18T09:21:58.624Z"}
{"amount":"35000","fromAccountId":"1789723317187p1l2j8","initiatedBy":"1789723317187p1l2j8","level":"info","message":"Transfer completed","timestamp":"2026-09-18T09:21:58.630Z","toAccountId":"178972331739627qfvd","transferId":"6aad02b6e8b64483f8272389"}
{"level":"info","message":"POST /api/v1/transfers 201 257 - 308.839 ms","timestamp":"2026-09-18T09:21:58.631Z"}
{"level":"info","message":"GET /api/v1/transfers/6aad02b6e8b64483f8272389 200 257 - 7.094 ms","timestamp":"2026-09-18T09:21:58.648Z"}
{"level":"info","message":"GET /api/v1/accounts/1789723317187p1l2j8 200 133 - 4.320 ms","timestamp":"2026-09-18T09:21:58.663Z"}
{"accountId":"1789723318650jefp82","level":"info","message":"Account created","timestamp":"2026-09-18T09:21:58.663Z"}
{"level":"info","message":"POST /api/v1/accounts 201 139 - 18.177 ms","timestamp":"2026-09-18T09:21:58.664Z"}
{"level":"info","message":"POST /api/v1/auth/token 200 315 - 1.057 ms","timestamp":"2026-09-18T09:21:58.673Z"}
{"level":"info","message":"GET /api/v1/accounts/178972331739627qfvd 200 129 - 4.977 ms","timestamp":"2026-09-18T09:21:58.675Z"}
{"level":"info","message":"GET /api/v1/transfers?page=1&limit=10 200 259 - 6.220 ms","timestamp":"2026-09-18T09:21:58.690Z"}
{"level":"info","message":"GET /api/v1/admin/stats 200 66 - 16.207 ms","timestamp":"2026-09-18T09:21:58.697Z"}
{"level":"info","message":"PATCH /api/v1/accounts/1789723317187p1l2j8 200 151 - 18.844 ms","timestamp":"2026-09-18T09:21:58.717Z"}
{"level":"info","message":"DELETE /api/v1/accounts/178972331739627qfvd 200 42 - 7.555 ms","timestamp":"2026-09-18T09:21:58.732Z"}
{"details":{"id":"178972331739627qfvd","reason":"Not Found","resource":"Account"},"level":"warn","message":"DOMAIN EXCEPTION: Account not found","statusCode":404,"timestamp":"2026-09-18T09:21:59.034Z"}
{"level":"info","message":"POST /api/v1/transfers 404 110 - 296.958 ms","timestamp":"2026-09-18T09:21:59.035Z"}
{"details":{"id":"nonexistent-destination","reason":"Not Found","resource":"Account"},"level":"warn","message":"DOMAIN EXCEPTION: Account not found","statusCode":404,"timestamp":"2026-09-18T09:21:59.099Z"}
{"level":"info","message":"POST /api/v1/transfers 404 114 - 615.954 ms","timestamp":"2026-09-18T09:21:59.101Z"}
{"level":"info","message":"POST /api/v1/auth/signup 201 563 - 159.137 ms","timestamp":"2026-09-18T09:21:59.346Z"}
{"accountId":"1789723319354fonjgg","level":"info","message":"Account created","timestamp":"2026-09-18T09:21:59.426Z"}
{"level":"info","message":"POST /api/v1/accounts 201 122 - 72.919 ms","timestamp":"2026-09-18T09:21:59.427Z"}
{"amount":"20000","fromAccountId":"1789723319189g4461p","initiatedBy":"1789723319189g4461p","level":"info","message":"Transfer completed","timestamp":"2026-09-18T09:21:59.782Z","toAccountId":"1789723319354fonjgg","transferId":"6aad02b7b7d03538f8b4b2e2"}
{"level":"info","message":"POST /api/v1/transfers 201 257 - 340.147 ms","timestamp":"2026-09-18T09:21:59.783Z"}
{"level":"info","message":"GET /api/v1/accounts/1789723319189g4461p 200 126 - 5.000 ms","timestamp":"2026-09-18T09:21:59.796Z"}
{"level":"info","message":"GET /api/v1/accounts/1789723319354fonjgg 200 122 - 4.294 ms","timestamp":"2026-09-18T09:21:59.808Z"}
{"level":"info","message":"POST /api/v1/auth/signup 201 561 - 149.309 ms","timestamp":"2026-09-18T09:21:59.989Z"}
{"accountId":"178972331999534yrk3","level":"info","message":"Account created","timestamp":"2026-09-18T09:22:00.003Z"}
{"level":"info","message":"POST /api/v1/accounts 201 122 - 8.449 ms","timestamp":"2026-09-18T09:22:00.004Z"}
{"details":{"fromBalance":"10000","transferAmount":"20000"},"level":"warn","message":"DOMAIN EXCEPTION: Insufficient funds","statusCode":400,"timestamp":"2026-09-18T09:22:00.460Z"}
{"level":"info","message":"POST /api/v1/transfers 400 89 - 451.632 ms","timestamp":"2026-09-18T09:22:00.461Z"}
{"level":"info","message":"POST /api/v1/auth/signup 201 563 - 129.921 ms","timestamp":"2026-09-18T09:22:00.622Z"}
{"accountId":"1789723320628xh6tfh","level":"info","message":"Account created","timestamp":"2026-09-18T09:22:00.640Z"}
{"level":"info","message":"POST /api/v1/accounts 201 122 - 12.882 ms","timestamp":"2026-09-18T09:22:00.642Z"}
{"amount":"10000","fromAccountId":"17897233204954x60g8","initiatedBy":"17897233204954x60g8","level":"info","message":"Transfer completed","timestamp":"2026-09-18T09:22:01.031Z","toAccountId":"1789723320628xh6tfh","transferId":"6aad02b8b7d03538f8b4b2ea"}
{"level":"info","message":"POST /api/v1/transfers 201 257 - 382.481 ms","timestamp":"2026-09-18T09:22:01.033Z"}
{"key":"idem-replay-key-1","level":"info","message":"Idempotent replay","timestamp":"2026-09-18T09:22:01.305Z","userId":"17897233204954x60g8"}
{"amount":"10000","fromAccountId":"17897233204954x60g8","initiatedBy":"17897233204954x60g8","level":"info","message":"Transfer completed","timestamp":"2026-09-18T09:22:01.306Z","toAccountId":"1789723320628xh6tfh","transferId":"6aad02b8b7d03538f8b4b2ea"}
{"level":"info","message":"POST /api/v1/transfers 201 257 - 266.147 ms","timestamp":"2026-09-18T09:22:01.306Z"}
{"level":"info","message":"GET /api/v1/accounts/17897233204954x60g8 200 126 - 4.834 ms","timestamp":"2026-09-18T09:22:01.319Z"}
{"level":"info","message":"POST /api/v1/auth/signup 201 563 - 124.108 ms","timestamp":"2026-09-18T09:22:01.466Z"}
{"accountId":"17897233214733x8ui8","level":"info","message":"Account created","timestamp":"2026-09-18T09:22:01.481Z"}
{"level":"info","message":"POST /api/v1/accounts 201 122 - 8.773 ms","timestamp":"2026-09-18T09:22:01.482Z"}
{"amount":"10000","fromAccountId":"1789723321345rcfl6n","initiatedBy":"1789723321345rcfl6n","level":"info","message":"Transfer completed","timestamp":"2026-09-18T09:22:01.803Z","toAccountId":"17897233214733x8ui8","transferId":"6aad02b9b7d03538f8b4b2ef"}
{"level":"info","message":"POST /api/v1/transfers 201 257 - 315.422 ms","timestamp":"2026-09-18T09:22:01.804Z"}
{"details":null,"level":"warn","message":"DOMAIN EXCEPTION: Idempotency key reused with different request body","statusCode":422,"timestamp":"2026-09-18T09:22:02.077Z"}
{"level":"info","message":"POST /api/v1/transfers 422 62 - 267.258 ms","timestamp":"2026-09-18T09:22:02.078Z"}
{"level":"info","message":"Connected to MongoDB","timestamp":"2026-09-18T09:38:23.708Z"}
{"level":"info","message":"Server running on port 8000","timestamp":"2026-09-18T09:38:23.726Z"}
{"level":"info","message":"Connected to MongoDB","timestamp":"2026-09-18T09:38:38.497Z"}
{"level":"info","message":"Server running on port 8000","timestamp":"2026-09-18T09:38:38.518Z"}
{"key":"key-1","level":"info","message":"Idempotent replay","timestamp":"2026-09-18T09:53:00.845Z","userId":"user-1"}
{"accountId":"acc-bob","level":"info","message":"Account created","timestamp":"2026-09-18T09:53:02.657Z"}
{"amount":"5000","fromAccountId":"acc-1","initiatedBy":"usr-1","level":"info","message":"Transfer completed","timestamp":"2026-09-18T09:53:02.690Z","toAccountId":"acc-2","transferId":"tr-1"}
{"details":null,"level":"warn","message":"DOMAIN EXCEPTION: Authentication required","statusCode":401,"timestamp":"2026-09-18T09:53:05.524Z"}
{"level":"info","message":"GET /api/v1/accounts 401 35 - 20.229 ms","timestamp":"2026-09-18T09:53:05.559Z"}
{"details":null,"level":"warn","message":"DOMAIN EXCEPTION: Authentication required","statusCode":401,"timestamp":"2026-09-18T09:53:05.590Z"}
{"level":"info","message":"POST /api/v1/transfers 401 35 - 39.903 ms","timestamp":"2026-09-18T09:53:05.637Z"}
{"details":null,"level":"warn","message":"DOMAIN EXCEPTION: Authentication required","statusCode":401,"timestamp":"2026-09-18T09:53:05.762Z"}
{"level":"info","message":"GET /api/v1/accounts 401 35 - 19.384 ms","timestamp":"2026-09-18T09:53:05.781Z"}
{"accountId":"1789725185495dgret3","level":"info","message":"Account created","timestamp":"2026-09-18T09:53:05.797Z"}
{"level":"info","message":"POST /api/v1/accounts 201 129 - 334.692 ms","timestamp":"2026-09-18T09:53:05.814Z"}
{"details":null,"level":"warn","message":"DOMAIN EXCEPTION: Admin or Superadmin cannot perform this action","statusCode":403,"timestamp":"2026-09-18T09:53:05.857Z"}
{"level":"info","message":"POST /api/v1/transfers 403 58 - 6.963 ms","timestamp":"2026-09-18T09:53:05.860Z"}
{"level":"info","message":"POST /api/v1/auth/token 200 303 - 9.014 ms","timestamp":"2026-09-18T09:53:05.911Z"}
{"accountId":"1789725185887yagaot","level":"info","message":"Account created","timestamp":"2026-09-18T09:53:05.937Z"}
{"level":"info","message":"POST /api/v1/accounts 201 134 - 53.083 ms","timestamp":"2026-09-18T09:53:05.940Z"}
{"level":"info","message":"GET /api/v1/accounts 200 2 - 54.548 ms","timestamp":"2026-09-18T09:53:05.958Z"}
{"details":{"email":"duplicate@example.com","resource":"Account"},"level":"warn","message":"DOMAIN EXCEPTION: Account already exists for this email","statusCode":409,"timestamp":"2026-09-18T09:53:05.960Z"}
{"level":"info","message":"POST /api/v1/accounts 409 114 - 10.110 ms","timestamp":"2026-09-18T09:53:05.962Z"}
{"level":"info","message":"GET /api/v1/accounts 200 2 - 8.905 ms","timestamp":"2026-09-18T09:53:06.010Z"}
{"details":null,"level":"warn","message":"DOMAIN EXCEPTION: Authentication required","statusCode":401,"timestamp":"2026-09-18T09:53:06.036Z"}
{"level":"info","message":"GET /api/v1/accounts 401 35 - 1.540 ms","timestamp":"2026-09-18T09:53:06.038Z"}
{"accountId":"1789725186064qlfh6l","level":"info","message":"Account created","timestamp":"2026-09-18T09:53:06.077Z"}
{"level":"info","message":"POST /api/v1/accounts 201 142 - 14.611 ms","timestamp":"2026-09-18T09:53:06.078Z"}
{"level":"info","message":"DELETE /api/v1/accounts/1789725186064qlfh6l 200 42 - 16.965 ms","timestamp":"2026-09-18T09:53:06.106Z"}
{"accountId":"1789725186167k8isq1","level":"info","message":"Account created","timestamp":"2026-09-18T09:53:06.177Z"}
{"level":"info","message":"POST /api/v1/accounts 201 133 - 11.673 ms","timestamp":"2026-09-18T09:53:06.179Z"}
{"accountId":"1789725186187i48vcg","level":"info","message":"Account created","timestamp":"2026-09-18T09:53:06.199Z"}
{"level":"info","message":"POST /api/v1/accounts 201 138 - 13.591 ms","timestamp":"2026-09-18T09:53:06.201Z"}
{"level":"info","message":"DELETE /api/v1/accounts/1789725186187i48vcg 200 42 - 35.291 ms","timestamp":"2026-09-18T09:53:06.246Z"}
{"level":"info","message":"GET /api/v1/accounts 200 135 - 5.732 ms","timestamp":"2026-09-18T09:53:06.259Z"}
{"level":"info","message":"POST /api/v1/auth/signup 201 563 - 411.192 ms","timestamp":"2026-09-18T09:53:06.302Z"}
{"details":null,"level":"warn","message":"DOMAIN EXCEPTION: Missing Idempotency-Key header","statusCode":400,"timestamp":"2026-09-18T09:53:06.313Z"}
{"level":"info","message":"POST /api/v1/transfers 400 42 - 2.785 ms","timestamp":"2026-09-18T09:53:06.315Z"}
{"details":{"id":"non-existent-account-id","reason":"Not Found","resource":"Account"},"level":"warn","message":"DOMAIN EXCEPTION: Account not found","statusCode":404,"timestamp":"2026-09-18T09:53:06.317Z"}
{"level":"info","message":"DELETE /api/v1/accounts/non-existent-account-id 404 114 - 5.923 ms","timestamp":"2026-09-18T09:53:06.318Z"}
{"level":"info","message":"POST /api/v1/auth/signup 201 597 - 317.201 ms","timestamp":"2026-09-18T09:53:06.333Z"}
{"level":"info","message":"GET /api/v1/auth/me 200 138 - 11.469 ms","timestamp":"2026-09-18T09:53:06.353Z"}
{"details":null,"level":"warn","message":"DOMAIN EXCEPTION: Authenticated user not found","statusCode":401,"timestamp":"2026-09-18T09:53:06.355Z"}
{"level":"info","message":"POST /api/v1/transfers 401 40 - 6.180 ms","timestamp":"2026-09-18T09:53:06.357Z"}
{"level":"info","message":"POST /api/v1/auth/signup 201 587 - 367.663 ms","timestamp":"2026-09-18T09:53:06.489Z"}
{"accountId":"17897251865032g2xks","level":"info","message":"Account created","timestamp":"2026-09-18T09:53:06.515Z"}
{"level":"info","message":"POST /api/v1/accounts 201 129 - 17.771 ms","timestamp":"2026-09-18T09:53:06.517Z"}
{"details":{"email":"alice@example.com","resource":"Account"},"level":"warn","message":"DOMAIN EXCEPTION: Account already exists for this email","statusCode":409,"timestamp":"2026-09-18T09:53:06.536Z"}
{"level":"info","message":"POST /api/v1/accounts 409 110 - 9.485 ms","timestamp":"2026-09-18T09:53:06.538Z"}
{"errors":[{"code":"too_small","exact":false,"inclusive":false,"message":"Amount must be a positive number","minimum":0,"path":["amountMinor"],"type":"number"},{"code":"too_small","exact":false,"inclusive":true,"message":"Amount must be at least 1","minimum":1,"path":["amountMinor"],"type":"number"}],"level":"error","message":"Validation error:","timestamp":"2026-09-18T09:53:06.552Z"}
{"level":"info","message":"POST /api/v1/transfers 400 301 - 3.979 ms","timestamp":"2026-09-18T09:53:06.554Z"}
{"level":"info","message":"POST /api/v1/auth/signup 201 595 - 197.575 ms","timestamp":"2026-09-18T09:53:06.581Z"}
{"level":"info","message":"POST /api/v1/auth/signup 201 563 - 202.780 ms","timestamp":"2026-09-18T09:53:06.584Z"}
{"details":{"email":"duplicate@test.com"},"level":"warn","message":"DOMAIN EXCEPTION: User with this email already exists","statusCode":409,"timestamp":"2026-09-18T09:53:06.595Z"}
{"level":"info","message":"POST /api/v1/auth/signup 409 88 - 6.171 ms","timestamp":"2026-09-18T09:53:06.597Z"}
{"level":"info","message":"POST /api/v1/auth/signup 201 548 - 160.571 ms","timestamp":"2026-09-18T09:53:06.755Z"}
{"details":{"id":"1789725186384yml1jk","resource":"Account"},"level":"warn","message":"DOMAIN EXCEPTION: Cannot initiate transfer from an account you do not own","statusCode":403,"timestamp":"2026-09-18T09:53:06.772Z"}
{"level":"info","message":"POST /api/v1/transfers 403 127 - 9.629 ms","timestamp":"2026-09-18T09:53:06.774Z"}
{"level":"info","message":"GET /api/v1/accounts/1789725186384yml1jk 200 128 - 7.626 ms","timestamp":"2026-09-18T09:53:06.792Z"}
{"level":"info","message":"POST /api/v1/auth/login 200 315 - 173.217 ms","timestamp":"2026-09-18T09:53:06.947Z"}
{"level":"info","message":"POST /api/v1/auth/signup 201 563 - 277.639 ms","timestamp":"2026-09-18T09:53:07.100Z"}
{"accountId":"178972518710909fl5f","level":"info","message":"Account created","timestamp":"2026-09-18T09:53:07.121Z"}
{"level":"info","message":"POST /api/v1/accounts 201 122 - 13.189 ms","timestamp":"2026-09-18T09:53:07.122Z"}
{"details":{"id":"not-alice-account","resource":"Account"},"level":"warn","message":"DOMAIN EXCEPTION: Cannot initiate transfer from an account you do not own","statusCode":403,"timestamp":"2026-09-18T09:53:07.134Z"}
{"level":"info","message":"POST /api/v1/transfers 403 125 - 5.439 ms","timestamp":"2026-09-18T09:53:07.135Z"}
{"level":"info","message":"POST /api/v1/auth/login 200 420 - 131.276 ms","timestamp":"2026-09-18T09:53:07.259Z"}
{"level":"info","message":"GET /api/v1/auth/me 200 126 - 6.110 ms","timestamp":"2026-09-18T09:53:07.275Z"}
{"level":"info","message":"POST /api/v1/auth/signup 201 563 - 160.106 ms","timestamp":"2026-09-18T09:53:07.324Z"}
{"errors":[{"code":"custom","message":"Cannot transfer to the same account","path":["toAccountId"]}],"level":"error","message":"Validation error:","timestamp":"2026-09-18T09:53:07.333Z"}
{"level":"info","message":"POST /api/v1/transfers 400 100 - 2.384 ms","timestamp":"2026-09-18T09:53:07.334Z"}
{"level":"info","message":"POST /api/v1/auth/signup 201 563 - 172.035 ms","timestamp":"2026-09-18T09:53:07.532Z"}
{"details":null,"level":"warn","message":"DOMAIN EXCEPTION: Invalid email or password","statusCode":401,"timestamp":"2026-09-18T09:53:07.586Z"}
{"level":"info","message":"POST /api/v1/auth/login 401 37 - 132.244 ms","timestamp":"2026-09-18T09:53:07.587Z"}
{"details":null,"level":"warn","message":"DOMAIN EXCEPTION: Authentication required","statusCode":401,"timestamp":"2026-09-18T09:53:07.617Z"}
{"level":"info","message":"GET /api/v1/auth/me 401 35 - 1.156 ms","timestamp":"2026-09-18T09:53:07.618Z"}
{"details":null,"level":"warn","message":"DOMAIN EXCEPTION: Authentication required","statusCode":401,"timestamp":"2026-09-18T09:53:07.639Z"}
{"level":"info","message":"GET /api/v1/admin/stats 401 35 - 1.443 ms","timestamp":"2026-09-18T09:53:07.640Z"}
{"level":"info","message":"POST /api/v1/auth/token 200 305 - 1.142 ms","timestamp":"2026-09-18T09:53:07.662Z"}
{"details":{"requiredRoles":["admin"],"userRole":"user"},"level":"warn","message":"DOMAIN EXCEPTION: Forbidden: Insufficient permissions","statusCode":403,"timestamp":"2026-09-18T09:53:07.670Z"}
{"level":"info","message":"GET /api/v1/admin/stats 403 103 - 2.177 ms","timestamp":"2026-09-18T09:53:07.672Z"}
{"accountId":"1789725187698zckot5","level":"info","message":"Account created","timestamp":"2026-09-18T09:53:07.709Z"}
{"level":"info","message":"POST /api/v1/accounts 201 139 - 15.976 ms","timestamp":"2026-09-18T09:53:07.711Z"}
{"level":"info","message":"POST /api/v1/auth/token 200 315 - 1.175 ms","timestamp":"2026-09-18T09:53:07.722Z"}
{"level":"info","message":"GET /api/v1/admin/stats 200 66 - 14.245 ms","timestamp":"2026-09-18T09:53:07.743Z"}
{"details":{"fromBalance":"100000","transferAmount":"500000"},"level":"warn","message":"DOMAIN EXCEPTION: Insufficient funds","statusCode":400,"timestamp":"2026-09-18T09:53:07.925Z"}
{"level":"info","message":"POST /api/v1/transfers 400 91 - 1361.569 ms","timestamp":"2026-09-18T09:53:07.926Z"}
{"amount":"35000","fromAccountId":"1789725186277oddpoi","initiatedBy":"1789725186277oddpoi","level":"info","message":"Transfer completed","timestamp":"2026-09-18T09:53:08.385Z","toAccountId":"17897251865032g2xks","transferId":"6aad0a04610c9f8ed49da0a0"}
{"level":"info","message":"POST /api/v1/transfers 201 257 - 451.995 ms","timestamp":"2026-09-18T09:53:08.387Z"}
{"level":"info","message":"GET /api/v1/transfers/6aad0a04610c9f8ed49da0a0 200 257 - 7.453 ms","timestamp":"2026-09-18T09:53:08.405Z"}
{"level":"info","message":"GET /api/v1/accounts/1789725186277oddpoi 200 133 - 5.787 ms","timestamp":"2026-09-18T09:53:08.420Z"}
{"level":"info","message":"GET /api/v1/accounts/17897251865032g2xks 200 129 - 4.131 ms","timestamp":"2026-09-18T09:53:08.431Z"}
{"level":"info","message":"GET /api/v1/transfers?page=1&limit=10 200 259 - 6.007 ms","timestamp":"2026-09-18T09:53:08.443Z"}
{"level":"info","message":"PATCH /api/v1/accounts/1789725186277oddpoi 200 151 - 44.632 ms","timestamp":"2026-09-18T09:53:08.495Z"}
{"level":"info","message":"DELETE /api/v1/accounts/17897251865032g2xks 200 42 - 8.438 ms","timestamp":"2026-09-18T09:53:08.510Z"}
{"details":{"id":"nonexistent-destination","reason":"Not Found","resource":"Account"},"level":"warn","message":"DOMAIN EXCEPTION: Account not found","statusCode":404,"timestamp":"2026-09-18T09:53:08.528Z"}
{"level":"info","message":"POST /api/v1/transfers 404 114 - 990.439 ms","timestamp":"2026-09-18T09:53:08.529Z"}
{"level":"info","message":"POST /api/v1/auth/signup 201 563 - 185.408 ms","timestamp":"2026-09-18T09:53:08.742Z"}
{"accountId":"1789725188754fcrm8c","level":"info","message":"Account created","timestamp":"2026-09-18T09:53:08.771Z"}
{"level":"info","message":"POST /api/v1/accounts 201 122 - 19.539 ms","timestamp":"2026-09-18T09:53:08.773Z"}
{"details":{"id":"17897251865032g2xks","reason":"Not Found","resource":"Account"},"level":"warn","message":"DOMAIN EXCEPTION: Account not found","statusCode":404,"timestamp":"2026-09-18T09:53:08.906Z"}
{"level":"info","message":"POST /api/v1/transfers 404 110 - 390.178 ms","timestamp":"2026-09-18T09:53:08.908Z"}
{"amount":"20000","fromAccountId":"178972518855832mh51","initiatedBy":"178972518855832mh51","level":"info","message":"Transfer completed","timestamp":"2026-09-18T09:53:09.207Z","toAccountId":"1789725188754fcrm8c","transferId":"6aad0a05683d0456b9f55f05"}
{"level":"info","message":"POST /api/v1/transfers 201 257 - 424.681 ms","timestamp":"2026-09-18T09:53:09.209Z"}
{"level":"info","message":"GET /api/v1/accounts/178972518855832mh51 200 126 - 3.581 ms","timestamp":"2026-09-18T09:53:09.220Z"}
{"level":"info","message":"GET /api/v1/accounts/1789725188754fcrm8c 200 122 - 3.765 ms","timestamp":"2026-09-18T09:53:09.231Z"}
{"level":"info","message":"POST /api/v1/auth/signup 201 561 - 194.192 ms","timestamp":"2026-09-18T09:53:09.601Z"}
{"accountId":"1789725189610xndno8","level":"info","message":"Account created","timestamp":"2026-09-18T09:53:09.679Z"}
{"level":"info","message":"POST /api/v1/accounts 201 122 - 70.270 ms","timestamp":"2026-09-18T09:53:09.681Z"}
{"details":{"fromBalance":"10000","transferAmount":"20000"},"level":"warn","message":"DOMAIN EXCEPTION: Insufficient funds","statusCode":400,"timestamp":"2026-09-18T09:53:10.179Z"}
{"level":"info","message":"POST /api/v1/transfers 400 89 - 491.848 ms","timestamp":"2026-09-18T09:53:10.180Z"}
{"level":"info","message":"POST /api/v1/auth/signup 201 563 - 134.672 ms","timestamp":"2026-09-18T09:53:10.345Z"}
{"accountId":"1789725190350ff5cvj","level":"info","message":"Account created","timestamp":"2026-09-18T09:53:10.385Z"}
{"level":"info","message":"POST /api/v1/accounts 201 122 - 35.297 ms","timestamp":"2026-09-18T09:53:10.385Z"}
{"amount":"10000","fromAccountId":"1789725190213hntmyd","initiatedBy":"1789725190213hntmyd","level":"info","message":"Transfer completed","timestamp":"2026-09-18T09:53:10.798Z","toAccountId":"1789725190350ff5cvj","transferId":"6aad0a06683d0456b9f55f0d"}
{"level":"info","message":"POST /api/v1/transfers 201 257 - 405.129 ms","timestamp":"2026-09-18T09:53:10.798Z"}
{"key":"idem-replay-key-1","level":"info","message":"Idempotent replay","timestamp":"2026-09-18T09:53:11.407Z","userId":"1789725190213hntmyd"}
{"amount":"10000","fromAccountId":"1789725190213hntmyd","initiatedBy":"1789725190213hntmyd","level":"info","message":"Transfer completed","timestamp":"2026-09-18T09:53:11.408Z","toAccountId":"1789725190350ff5cvj","transferId":"6aad0a06683d0456b9f55f0d"}
{"level":"info","message":"POST /api/v1/transfers 201 257 - 603.514 ms","timestamp":"2026-09-18T09:53:11.410Z"}
{"level":"info","message":"GET /api/v1/accounts/1789725190213hntmyd 200 126 - 4.636 ms","timestamp":"2026-09-18T09:53:11.423Z"}
{"level":"info","message":"POST /api/v1/auth/signup 201 563 - 140.737 ms","timestamp":"2026-09-18T09:53:11.634Z"}
{"accountId":"17897251916440ukcf3","level":"info","message":"Account created","timestamp":"2026-09-18T09:53:11.654Z"}
{"level":"info","message":"POST /api/v1/accounts 201 122 - 10.796 ms","timestamp":"2026-09-18T09:53:11.655Z"}
{"amount":"10000","fromAccountId":"1789725191495vf1o8t","initiatedBy":"1789725191495vf1o8t","level":"info","message":"Transfer completed","timestamp":"2026-09-18T09:53:12.065Z","toAccountId":"17897251916440ukcf3","transferId":"6aad0a07683d0456b9f55f12"}
{"level":"info","message":"POST /api/v1/transfers 201 257 - 402.212 ms","timestamp":"2026-09-18T09:53:12.067Z"}
{"details":null,"level":"warn","message":"DOMAIN EXCEPTION: Idempotency key reused with different request body","statusCode":422,"timestamp":"2026-09-18T09:53:12.538Z"}
{"level":"info","message":"POST /api/v1/transfers 422 62 - 462.783 ms","timestamp":"2026-09-18T09:53:12.539Z"}
{"level":"info","message":"Connected to MongoDB","timestamp":"2026-09-18T09:54:09.576Z"}
{"level":"info","message":"Server running on port 8000","timestamp":"2026-09-18T09:54:09.590Z"}
{"level":"info","message":"Connected to MongoDB","timestamp":"2026-09-18T09:54:18.045Z"}
{"level":"info","message":"Server running on port 8000","timestamp":"2026-09-18T09:54:18.069Z"}
{"level":"info","message":"Connected to MongoDB","timestamp":"2026-09-18T09:54:39.827Z"}
{"level":"info","message":"Server running on port 8000","timestamp":"2026-09-18T09:54:39.842Z"}
{"level":"info","message":"Connected to MongoDB","timestamp":"2026-09-18T09:55:18.498Z"}
{"level":"info","message":"Server running on port 8000","timestamp":"2026-09-18T09:55:18.512Z"}
{"key":"key-1","level":"info","message":"Idempotent replay","timestamp":"2026-09-18T09:56:18.231Z","userId":"user-1"}
{"accountId":"acc-bob","level":"info","message":"Account created","timestamp":"2026-09-18T09:56:19.654Z"}
{"amount":"5000","fromAccountId":"acc-1","initiatedBy":"usr-1","level":"info","message":"Transfer completed","timestamp":"2026-09-18T09:56:19.729Z","toAccountId":"acc-2","transferId":"tr-1"}
{"details":null,"level":"warn","message":"DOMAIN EXCEPTION: Authentication required","statusCode":401,"timestamp":"2026-09-18T09:56:23.578Z"}
{"level":"info","message":"GET /api/v1/accounts 401 35 - 27.039 ms","timestamp":"2026-09-18T09:56:23.612Z"}
{"level":"info","message":"POST /api/v1/auth/token 200 303 - 8.456 ms","timestamp":"2026-09-18T09:56:23.969Z"}
{"details":null,"level":"warn","message":"DOMAIN EXCEPTION: Authentication required","statusCode":401,"timestamp":"2026-09-18T09:56:23.969Z"}
{"level":"info","message":"POST /api/v1/transfers 401 35 - 45.665 ms","timestamp":"2026-09-18T09:56:24.011Z"}
{"details":null,"level":"warn","message":"DOMAIN EXCEPTION: Admin or Superadmin cannot perform this action","statusCode":403,"timestamp":"2026-09-18T09:56:24.155Z"}
{"level":"info","message":"POST /api/v1/transfers 403 58 - 5.646 ms","timestamp":"2026-09-18T09:56:24.157Z"}
{"details":null,"level":"warn","message":"DOMAIN EXCEPTION: Authentication required","statusCode":401,"timestamp":"2026-09-18T09:56:24.200Z"}
{"accountId":"1789725383952s0apwt","level":"info","message":"Account created","timestamp":"2026-09-18T09:56:24.220Z"}
{"level":"info","message":"POST /api/v1/accounts 201 129 - 288.454 ms","timestamp":"2026-09-18T09:56:24.238Z"}
{"level":"info","message":"GET /api/v1/accounts 401 35 - 20.121 ms","timestamp":"2026-09-18T09:56:24.258Z"}
{"accountId":"1789725384300xx10tm","level":"info","message":"Account created","timestamp":"2026-09-18T09:56:24.312Z"}
{"level":"info","message":"POST /api/v1/accounts 201 134 - 15.416 ms","timestamp":"2026-09-18T09:56:24.314Z"}
{"details":{"email":"duplicate@example.com","resource":"Account"},"level":"warn","message":"DOMAIN EXCEPTION: Account already exists for this email","statusCode":409,"timestamp":"2026-09-18T09:56:24.334Z"}
{"level":"info","message":"POST /api/v1/accounts 409 114 - 10.259 ms","timestamp":"2026-09-18T09:56:24.336Z"}
{"level":"info","message":"GET /api/v1/accounts 200 2 - 10.115 ms","timestamp":"2026-09-18T09:56:24.384Z"}
{"level":"info","message":"POST /api/v1/auth/signup 201 597 - 365.254 ms","timestamp":"2026-09-18T09:56:24.395Z"}
{"details":null,"level":"warn","message":"DOMAIN EXCEPTION: Authentication required","statusCode":401,"timestamp":"2026-09-18T09:56:24.410Z"}
{"level":"info","message":"GET /api/v1/accounts 401 35 - 1.755 ms","timestamp":"2026-09-18T09:56:24.412Z"}
{"level":"info","message":"GET /api/v1/auth/me 200 138 - 11.597 ms","timestamp":"2026-09-18T09:56:24.417Z"}
{"accountId":"1789725384437q9mnbn","level":"info","message":"Account created","timestamp":"2026-09-18T09:56:24.448Z"}
{"level":"info","message":"POST /api/v1/accounts 201 142 - 12.511 ms","timestamp":"2026-09-18T09:56:24.450Z"}
{"level":"info","message":"DELETE /api/v1/accounts/1789725384437q9mnbn 200 42 - 20.525 ms","timestamp":"2026-09-18T09:56:24.482Z"}
{"level":"info","message":"GET /api/v1/accounts 200 2 - 139.823 ms","timestamp":"2026-09-18T09:56:24.517Z"}
{"accountId":"17897253845149qrp45","level":"info","message":"Account created","timestamp":"2026-09-18T09:56:24.527Z"}
{"level":"info","message":"POST /api/v1/accounts 201 133 - 14.235 ms","timestamp":"2026-09-18T09:56:24.529Z"}
{"accountId":"17897253845393t2qcg","level":"info","message":"Account created","timestamp":"2026-09-18T09:56:24.550Z"}
{"level":"info","message":"POST /api/v1/accounts 201 138 - 12.581 ms","timestamp":"2026-09-18T09:56:24.551Z"}
{"level":"info","message":"POST /api/v1/auth/signup 201 563 - 370.765 ms","timestamp":"2026-09-18T09:56:24.554Z"}
{"errors":[{"code":"custom","message":"Idempotency-Key header is required","path":["idempotency-key"]}],"level":"error","message":"Validation error:","timestamp":"2026-09-18T09:56:24.567Z"}
{"level":"info","message":"POST /api/v1/transfers 400 103 - 4.240 ms","timestamp":"2026-09-18T09:56:24.569Z"}
{"level":"info","message":"DELETE /api/v1/accounts/17897253845393t2qcg 200 42 - 11.069 ms","timestamp":"2026-09-18T09:56:24.573Z"}
{"level":"info","message":"GET /api/v1/accounts 200 135 - 6.056 ms","timestamp":"2026-09-18T09:56:24.588Z"}
{"details":null,"level":"warn","message":"DOMAIN EXCEPTION: Authenticated user not found","statusCode":401,"timestamp":"2026-09-18T09:56:24.606Z"}
{"level":"info","message":"POST /api/v1/transfers 401 40 - 6.721 ms","timestamp":"2026-09-18T09:56:24.608Z"}
{"details":{"id":"non-existent-account-id","reason":"Not Found","resource":"Account"},"level":"warn","message":"DOMAIN EXCEPTION: Account not found","statusCode":404,"timestamp":"2026-09-18T09:56:24.619Z"}
{"level":"info","message":"DELETE /api/v1/accounts/non-existent-account-id 404 114 - 6.106 ms","timestamp":"2026-09-18T09:56:24.620Z"}
{"level":"info","message":"POST /api/v1/auth/signup 201 595 - 269.938 ms","timestamp":"2026-09-18T09:56:24.719Z"}
{"details":{"email":"duplicate@test.com"},"level":"warn","message":"DOMAIN EXCEPTION: User with this email already exists","statusCode":409,"timestamp":"2026-09-18T09:56:24.733Z"}
{"level":"info","message":"POST /api/v1/auth/signup 409 88 - 5.479 ms","timestamp":"2026-09-18T09:56:24.734Z"}
{"level":"info","message":"POST /api/v1/auth/signup 201 587 - 224.335 ms","timestamp":"2026-09-18T09:56:24.792Z"}
{"accountId":"1789725384804k4az1c","level":"info","message":"Account created","timestamp":"2026-09-18T09:56:24.816Z"}
{"level":"info","message":"POST /api/v1/accounts 201 129 - 16.494 ms","timestamp":"2026-09-18T09:56:24.818Z"}
{"details":{"email":"alice@example.com","resource":"Account"},"level":"warn","message":"DOMAIN EXCEPTION: Account already exists for this email","statusCode":409,"timestamp":"2026-09-18T09:56:24.837Z"}
{"level":"info","message":"POST /api/v1/accounts 409 110 - 10.103 ms","timestamp":"2026-09-18T09:56:24.838Z"}
{"level":"info","message":"POST /api/v1/auth/signup 201 563 - 208.634 ms","timestamp":"2026-09-18T09:56:24.845Z"}
{"errors":[{"code":"too_small","exact":false,"inclusive":false,"message":"Amount must be a positive number","minimum":0,"path":["amountMinor"],"type":"number"},{"code":"too_small","exact":false,"inclusive":true,"message":"Amount must be at least 1","minimum":1,"path":["amountMinor"],"type":"number"}],"level":"error","message":"Validation error:","timestamp":"2026-09-18T09:56:24.852Z"}
{"level":"info","message":"POST /api/v1/transfers 400 301 - 4.182 ms","timestamp":"2026-09-18T09:56:24.854Z"}
{"level":"info","message":"POST /api/v1/auth/signup 201 548 - 221.727 ms","timestamp":"2026-09-18T09:56:25.076Z"}
{"details":{"id":"1789725384639k3zx4m","resource":"Account"},"level":"warn","message":"DOMAIN EXCEPTION: Cannot initiate transfer from an account you do not own","statusCode":403,"timestamp":"2026-09-18T09:56:25.093Z"}
{"level":"info","message":"POST /api/v1/transfers 403 127 - 8.912 ms","timestamp":"2026-09-18T09:56:25.094Z"}
{"level":"info","message":"GET /api/v1/accounts/1789725384639k3zx4m 200 128 - 6.523 ms","timestamp":"2026-09-18T09:56:25.110Z"}
{"level":"info","message":"POST /api/v1/auth/login 200 315 - 271.905 ms","timestamp":"2026-09-18T09:56:25.242Z"}
{"level":"info","message":"POST /api/v1/auth/signup 201 563 - 183.132 ms","timestamp":"2026-09-18T09:56:25.323Z"}
{"accountId":"1789725385332bzc92d","level":"info","message":"Account created","timestamp":"2026-09-18T09:56:25.341Z"}
{"level":"info","message":"POST /api/v1/accounts 201 122 - 11.232 ms","timestamp":"2026-09-18T09:56:25.342Z"}
{"details":{"id":"not-alice-account","resource":"Account"},"level":"warn","message":"DOMAIN EXCEPTION: Cannot initiate transfer from an account you do not own","statusCode":403,"timestamp":"2026-09-18T09:56:25.354Z"}
{"level":"info","message":"POST /api/v1/transfers 403 125 - 5.149 ms","timestamp":"2026-09-18T09:56:25.355Z"}
{"level":"info","message":"POST /api/v1/auth/signup 201 563 - 146.563 ms","timestamp":"2026-09-18T09:56:25.526Z"}
{"errors":[{"code":"custom","message":"Cannot transfer to the same account","path":["toAccountId"]}],"level":"error","message":"Validation error:","timestamp":"2026-09-18T09:56:25.535Z"}
{"level":"info","message":"POST /api/v1/transfers 400 100 - 1.194 ms","timestamp":"2026-09-18T09:56:25.536Z"}
{"level":"info","message":"POST /api/v1/auth/login 200 420 - 133.093 ms","timestamp":"2026-09-18T09:56:25.541Z"}
{"level":"info","message":"GET /api/v1/auth/me 200 126 - 5.330 ms","timestamp":"2026-09-18T09:56:25.557Z"}
{"level":"info","message":"POST /api/v1/auth/signup 201 563 - 148.069 ms","timestamp":"2026-09-18T09:56:25.714Z"}
{"details":null,"level":"warn","message":"DOMAIN EXCEPTION: Invalid email or password","statusCode":401,"timestamp":"2026-09-18T09:56:25.861Z"}
{"level":"info","message":"POST /api/v1/auth/login 401 37 - 150.287 ms","timestamp":"2026-09-18T09:56:25.864Z"}
{"details":null,"level":"warn","message":"DOMAIN EXCEPTION: Authentication required","statusCode":401,"timestamp":"2026-09-18T09:56:25.890Z"}
{"level":"info","message":"GET /api/v1/auth/me 401 35 - 1.242 ms","timestamp":"2026-09-18T09:56:25.891Z"}
{"details":null,"level":"warn","message":"DOMAIN EXCEPTION: Authentication required","statusCode":401,"timestamp":"2026-09-18T09:56:25.912Z"}
{"level":"info","message":"GET /api/v1/admin/stats 401 35 - 1.608 ms","timestamp":"2026-09-18T09:56:25.913Z"}
{"level":"info","message":"POST /api/v1/auth/token 200 305 - 1.008 ms","timestamp":"2026-09-18T09:56:25.935Z"}
{"details":{"requiredRoles":["admin"],"userRole":"user"},"level":"warn","message":"DOMAIN EXCEPTION: Forbidden: Insufficient permissions","statusCode":403,"timestamp":"2026-09-18T09:56:25.944Z"}
{"level":"info","message":"GET /api/v1/admin/stats 403 103 - 2.172 ms","timestamp":"2026-09-18T09:56:25.945Z"}
{"details":{"fromBalance":"100000","transferAmount":"500000"},"level":"warn","message":"DOMAIN EXCEPTION: Insufficient funds","statusCode":400,"timestamp":"2026-09-18T09:56:25.980Z"}
{"accountId":"178972538597182cy35","level":"info","message":"Account created","timestamp":"2026-09-18T09:56:25.982Z"}
{"level":"info","message":"POST /api/v1/transfers 400 91 - 1116.999 ms","timestamp":"2026-09-18T09:56:25.982Z"}
{"level":"info","message":"POST /api/v1/accounts 201 139 - 16.537 ms","timestamp":"2026-09-18T09:56:25.983Z"}
{"level":"info","message":"POST /api/v1/auth/token 200 315 - 1.205 ms","timestamp":"2026-09-18T09:56:25.993Z"}
{"level":"info","message":"GET /api/v1/admin/stats 200 66 - 14.494 ms","timestamp":"2026-09-18T09:56:26.016Z"}
{"amount":"35000","fromAccountId":"1789725384578wovgb8","initiatedBy":"1789725384578wovgb8","level":"info","message":"Transfer completed","timestamp":"2026-09-18T09:56:26.279Z","toAccountId":"1789725384804k4az1c","transferId":"6aad0aca14d8c3971fe75ce2"}
{"level":"info","message":"POST /api/v1/transfers 201 257 - 289.341 ms","timestamp":"2026-09-18T09:56:26.281Z"}
{"level":"info","message":"GET /api/v1/transfers/6aad0aca14d8c3971fe75ce2 200 257 - 8.354 ms","timestamp":"2026-09-18T09:56:26.302Z"}
{"level":"info","message":"GET /api/v1/accounts/1789725384578wovgb8 200 133 - 10.539 ms","timestamp":"2026-09-18T09:56:26.322Z"}
{"level":"info","message":"GET /api/v1/accounts/1789725384804k4az1c 200 129 - 5.311 ms","timestamp":"2026-09-18T09:56:26.335Z"}
{"level":"info","message":"GET /api/v1/transfers?page=1&limit=10 200 259 - 6.443 ms","timestamp":"2026-09-18T09:56:26.349Z"}
{"level":"info","message":"PATCH /api/v1/accounts/1789725384578wovgb8 200 151 - 27.874 ms","timestamp":"2026-09-18T09:56:26.385Z"}
{"level":"info","message":"DELETE /api/v1/accounts/1789725384804k4az1c 200 42 - 21.675 ms","timestamp":"2026-09-18T09:56:26.413Z"}
{"details":{"id":"nonexistent-destination","reason":"Not Found","resource":"Account"},"level":"warn","message":"DOMAIN EXCEPTION: Account not found","statusCode":404,"timestamp":"2026-09-18T09:56:26.428Z"}
{"level":"info","message":"POST /api/v1/transfers 404 114 - 707.885 ms","timestamp":"2026-09-18T09:56:26.430Z"}
{"level":"info","message":"Connected to MongoDB","timestamp":"2026-09-18T09:56:26.476Z"}
{"level":"info","message":"Server running on port 8000","timestamp":"2026-09-18T09:56:26.518Z"}
{"level":"info","message":"POST /api/v1/auth/signup 201 563 - 159.975 ms","timestamp":"2026-09-18T09:56:26.630Z"}
{"accountId":"1789725386637jai37o","level":"info","message":"Account created","timestamp":"2026-09-18T09:56:26.643Z"}
{"level":"info","message":"POST /api/v1/accounts 201 122 - 7.011 ms","timestamp":"2026-09-18T09:56:26.644Z"}
{"details":{"id":"1789725384804k4az1c","reason":"Not Found","resource":"Account"},"level":"warn","message":"DOMAIN EXCEPTION: Account not found","statusCode":404,"timestamp":"2026-09-18T09:56:26.703Z"}
{"level":"info","message":"POST /api/v1/transfers 404 110 - 282.952 ms","timestamp":"2026-09-18T09:56:26.704Z"}
{"amount":"20000","fromAccountId":"17897253864727w42yr","initiatedBy":"17897253864727w42yr","level":"info","message":"Transfer completed","timestamp":"2026-09-18T09:56:26.955Z","toAccountId":"1789725386637jai37o","transferId":"6aad0aca6d498fab7eade529"}
{"level":"info","message":"POST /api/v1/transfers 201 257 - 306.234 ms","timestamp":"2026-09-18T09:56:26.956Z"}
{"level":"info","message":"GET /api/v1/accounts/17897253864727w42yr 200 126 - 4.929 ms","timestamp":"2026-09-18T09:56:26.970Z"}
{"level":"info","message":"GET /api/v1/accounts/1789725386637jai37o 200 122 - 5.712 ms","timestamp":"2026-09-18T09:56:26.982Z"}
{"level":"info","message":"POST /api/v1/auth/signup 201 561 - 212.972 ms","timestamp":"2026-09-18T09:56:27.225Z"}
{"accountId":"1789725387234ua7h8r","level":"info","message":"Account created","timestamp":"2026-09-18T09:56:27.242Z"}
{"level":"info","message":"POST /api/v1/accounts 201 122 - 9.419 ms","timestamp":"2026-09-18T09:56:27.243Z"}
{"details":{"fromBalance":"10000","transferAmount":"20000"},"level":"warn","message":"DOMAIN EXCEPTION: Insufficient funds","statusCode":400,"timestamp":"2026-09-18T09:56:27.570Z"}
{"level":"info","message":"POST /api/v1/transfers 400 89 - 319.094 ms","timestamp":"2026-09-18T09:56:27.570Z"}
{"level":"info","message":"POST /api/v1/auth/signup 201 563 - 132.456 ms","timestamp":"2026-09-18T09:56:27.726Z"}
{"accountId":"17897253877343eenr5","level":"info","message":"Account created","timestamp":"2026-09-18T09:56:27.741Z"}
{"level":"info","message":"POST /api/v1/accounts 201 122 - 8.262 ms","timestamp":"2026-09-18T09:56:27.742Z"}
{"amount":"10000","fromAccountId":"1789725387597x3ys5r","initiatedBy":"1789725387597x3ys5r","level":"info","message":"Transfer completed","timestamp":"2026-09-18T09:56:28.224Z","toAccountId":"17897253877343eenr5","transferId":"6aad0acb6d498fab7eade531"}
{"level":"info","message":"POST /api/v1/transfers 201 257 - 476.223 ms","timestamp":"2026-09-18T09:56:28.226Z"}
{"key":"idem-replay-key-1","level":"info","message":"Idempotent replay","timestamp":"2026-09-18T09:56:28.631Z","userId":"1789725387597x3ys5r"}
{"amount":"10000","fromAccountId":"1789725387597x3ys5r","initiatedBy":"1789725387597x3ys5r","level":"info","message":"Transfer completed","timestamp":"2026-09-18T09:56:28.632Z","toAccountId":"17897253877343eenr5","transferId":"6aad0acb6d498fab7eade531"}
{"level":"info","message":"POST /api/v1/transfers 201 257 - 392.328 ms","timestamp":"2026-09-18T09:56:28.634Z"}
{"level":"info","message":"GET /api/v1/accounts/1789725387597x3ys5r 200 126 - 7.689 ms","timestamp":"2026-09-18T09:56:28.660Z"}
{"level":"info","message":"POST /api/v1/auth/signup 201 563 - 124.395 ms","timestamp":"2026-09-18T09:56:28.837Z"}
{"accountId":"1789725388843ogm0e1","level":"info","message":"Account created","timestamp":"2026-09-18T09:56:28.851Z"}
{"level":"info","message":"POST /api/v1/accounts 201 122 - 8.858 ms","timestamp":"2026-09-18T09:56:28.852Z"}
{"amount":"10000","fromAccountId":"1789725388716bym8ry","initiatedBy":"1789725388716bym8ry","level":"info","message":"Transfer completed","timestamp":"2026-09-18T09:56:29.161Z","toAccountId":"1789725388843ogm0e1","transferId":"6aad0acd6d498fab7eade536"}
{"level":"info","message":"POST /api/v1/transfers 201 257 - 304.076 ms","timestamp":"2026-09-18T09:56:29.163Z"}
{"details":null,"level":"warn","message":"DOMAIN EXCEPTION: Idempotency key reused with different request body","statusCode":422,"timestamp":"2026-09-18T09:56:29.510Z"}
{"level":"info","message":"POST /api/v1/transfers 422 62 - 340.091 ms","timestamp":"2026-09-18T09:56:29.512Z"}
{"details":null,"level":"warn","message":"DOMAIN EXCEPTION: Authentication required","statusCode":401,"timestamp":"2026-09-18T09:57:06.974Z"}
{"level":"info","message":"GET /api/v1/accounts 401 35 - 12.607 ms","timestamp":"2026-09-18T09:57:06.988Z"}
{"level":"info","message":"GET /api/v1/accounts 200 2 - 19.065 ms","timestamp":"2026-09-18T09:57:07.050Z"}
{"level":"info","message":"POST /api/v1/auth/signup 201 587 - 158.285 ms","timestamp":"2026-09-18T09:57:07.242Z"}
{"accountId":"1789725427252o0vj61","level":"info","message":"Account created","timestamp":"2026-09-18T09:57:07.263Z"}
{"level":"info","message":"POST /api/v1/accounts 201 129 - 14.545 ms","timestamp":"2026-09-18T09:57:07.264Z"}
{"details":{"email":"alice@example.com","resource":"Account"},"level":"warn","message":"DOMAIN EXCEPTION: Account already exists for this email","statusCode":409,"timestamp":"2026-09-18T09:57:07.279Z"}
{"level":"info","message":"POST /api/v1/accounts 409 110 - 6.237 ms","timestamp":"2026-09-18T09:57:07.280Z"}
{"errors":[{"code":"too_small","exact":false,"inclusive":false,"message":"Amount must be a positive number","minimum":0,"path":["amountMinor"],"type":"number"},{"code":"too_small","exact":false,"inclusive":true,"message":"Amount must be at least 1","minimum":1,"path":["amountMinor"],"type":"number"}],"level":"error","message":"Validation error:","timestamp":"2026-09-18T09:57:07.291Z"}
{"level":"info","message":"POST /api/v1/transfers 400 301 - 2.815 ms","timestamp":"2026-09-18T09:57:07.292Z"}
{"details":{"fromBalance":"100000","transferAmount":"500000"},"level":"warn","message":"DOMAIN EXCEPTION: Insufficient funds","statusCode":400,"timestamp":"2026-09-18T09:57:08.150Z"}
{"level":"info","message":"POST /api/v1/transfers 400 91 - 851.422 ms","timestamp":"2026-09-18T09:57:08.152Z"}
{"amount":"35000","fromAccountId":"1789725427095jr7odn","initiatedBy":"1789725427095jr7odn","level":"info","message":"Transfer completed","timestamp":"2026-09-18T09:57:08.559Z","toAccountId":"1789725427252o0vj61","transferId":"6aad0af413be87118ee3fe55"}
{"level":"info","message":"POST /api/v1/transfers 201 257 - 399.877 ms","timestamp":"2026-09-18T09:57:08.561Z"}
{"level":"info","message":"GET /api/v1/transfers/6aad0af413be87118ee3fe55 200 257 - 7.136 ms","timestamp":"2026-09-18T09:57:08.578Z"}
{"level":"info","message":"GET /api/v1/accounts/1789725427095jr7odn 200 133 - 4.443 ms","timestamp":"2026-09-18T09:57:08.593Z"}
{"level":"info","message":"GET /api/v1/accounts/1789725427252o0vj61 200 129 - 4.103 ms","timestamp":"2026-09-18T09:57:08.603Z"}
{"level":"info","message":"GET /api/v1/transfers?page=1&limit=10 200 259 - 4.266 ms","timestamp":"2026-09-18T09:57:08.615Z"}
{"level":"info","message":"PATCH /api/v1/accounts/1789725427095jr7odn 200 151 - 14.268 ms","timestamp":"2026-09-18T09:57:08.636Z"}
{"level":"info","message":"DELETE /api/v1/accounts/1789725427252o0vj61 200 42 - 11.614 ms","timestamp":"2026-09-18T09:57:08.653Z"}
{"details":{"id":"1789725427252o0vj61","reason":"Not Found","resource":"Account"},"level":"warn","message":"DOMAIN EXCEPTION: Account not found","statusCode":404,"timestamp":"2026-09-18T09:57:09.078Z"}
{"level":"info","message":"POST /api/v1/transfers 404 110 - 420.608 ms","timestamp":"2026-09-18T09:57:09.079Z"}
{"details":null,"level":"warn","message":"DOMAIN EXCEPTION: Authentication required","statusCode":401,"timestamp":"2026-09-18T09:57:30.619Z"}
{"level":"info","message":"POST /api/v1/transfers 401 35 - 15.796 ms","timestamp":"2026-09-18T09:57:30.632Z"}
{"details":null,"level":"warn","message":"DOMAIN EXCEPTION: Admin or Superadmin cannot perform this action","statusCode":403,"timestamp":"2026-09-18T09:57:30.761Z"}
{"level":"info","message":"POST /api/v1/transfers 403 58 - 5.197 ms","timestamp":"2026-09-18T09:57:30.763Z"}
{"level":"info","message":"POST /api/v1/auth/signup 201 563 - 158.400 ms","timestamp":"2026-09-18T09:57:30.944Z"}
{"errors":[{"code":"custom","message":"Idempotency-Key header is required","path":["idempotency-key"]}],"level":"error","message":"Validation error:","timestamp":"2026-09-18T09:57:30.954Z"}
{"level":"info","message":"POST /api/v1/transfers 400 103 - 3.038 ms","timestamp":"2026-09-18T09:57:30.955Z"}
{"details":null,"level":"warn","message":"DOMAIN EXCEPTION: Authenticated user not found","statusCode":401,"timestamp":"2026-09-18T09:57:30.985Z"}
{"level":"info","message":"POST /api/v1/transfers 401 40 - 5.701 ms","timestamp":"2026-09-18T09:57:30.987Z"}
{"level":"info","message":"POST /api/v1/auth/signup 201 563 - 137.803 ms","timestamp":"2026-09-18T09:57:31.147Z"}
{"level":"info","message":"POST /api/v1/auth/signup 201 548 - 131.712 ms","timestamp":"2026-09-18T09:57:31.286Z"}
{"details":{"id":"1789725451012eteeps","resource":"Account"},"level":"warn","message":"DOMAIN EXCEPTION: Cannot initiate transfer from an account you do not own","statusCode":403,"timestamp":"2026-09-18T09:57:31.300Z"}
{"level":"info","message":"POST /api/v1/transfers 403 127 - 6.011 ms","timestamp":"2026-09-18T09:57:31.301Z"}
{"level":"info","message":"GET /api/v1/accounts/1789725451012eteeps 200 128 - 5.081 ms","timestamp":"2026-09-18T09:57:31.315Z"}
{"level":"info","message":"POST /api/v1/auth/signup 201 563 - 123.562 ms","timestamp":"2026-09-18T09:57:31.463Z"}
{"accountId":"1789725451480nyqkhp","level":"info","message":"Account created","timestamp":"2026-09-18T09:57:31.488Z"}
{"level":"info","message":"POST /api/v1/accounts 201 122 - 9.305 ms","timestamp":"2026-09-18T09:57:31.489Z"}
{"details":{"id":"not-alice-account","resource":"Account"},"level":"warn","message":"DOMAIN EXCEPTION: Cannot initiate transfer from an account you do not own","statusCode":403,"timestamp":"2026-09-18T09:57:31.510Z"}
{"level":"info","message":"POST /api/v1/transfers 403 125 - 13.772 ms","timestamp":"2026-09-18T09:57:31.511Z"}
{"level":"info","message":"POST /api/v1/auth/signup 201 563 - 125.125 ms","timestamp":"2026-09-18T09:57:31.660Z"}
{"errors":[{"code":"custom","message":"Cannot transfer to the same account","path":["toAccountId"]}],"level":"error","message":"Validation error:","timestamp":"2026-09-18T09:57:31.667Z"}
{"level":"info","message":"POST /api/v1/transfers 400 100 - 0.964 ms","timestamp":"2026-09-18T09:57:31.668Z"}
{"level":"info","message":"POST /api/v1/auth/signup 201 563 - 141.493 ms","timestamp":"2026-09-18T09:57:31.833Z"}
{"details":{"id":"nonexistent-destination","reason":"Not Found","resource":"Account"},"level":"warn","message":"DOMAIN EXCEPTION: Account not found","statusCode":404,"timestamp":"2026-09-18T09:57:33.093Z"}
{"level":"info","message":"POST /api/v1/transfers 404 114 - 1255.744 ms","timestamp":"2026-09-18T09:57:33.094Z"}
{"level":"info","message":"POST /api/v1/auth/signup 201 563 - 140.865 ms","timestamp":"2026-09-18T09:57:33.262Z"}
{"accountId":"1789725453268l3urux","level":"info","message":"Account created","timestamp":"2026-09-18T09:57:33.275Z"}
{"level":"info","message":"POST /api/v1/accounts 201 122 - 8.345 ms","timestamp":"2026-09-18T09:57:33.276Z"}
{"amount":"20000","fromAccountId":"17897254531247sqx7r","initiatedBy":"17897254531247sqx7r","level":"info","message":"Transfer completed","timestamp":"2026-09-18T09:57:33.650Z","toAccountId":"1789725453268l3urux","transferId":"6aad0b0d8b1d9de4b35070b0"}
{"level":"info","message":"POST /api/v1/transfers 201 257 - 368.955 ms","timestamp":"2026-09-18T09:57:33.653Z"}
{"level":"info","message":"GET /api/v1/accounts/17897254531247sqx7r 200 126 - 8.883 ms","timestamp":"2026-09-18T09:57:33.678Z"}
{"level":"info","message":"GET /api/v1/accounts/1789725453268l3urux 200 122 - 8.376 ms","timestamp":"2026-09-18T09:57:33.700Z"}
{"level":"info","message":"POST /api/v1/auth/signup 201 561 - 132.504 ms","timestamp":"2026-09-18T09:57:33.884Z"}
{"accountId":"1789725453890ecjndt","level":"info","message":"Account created","timestamp":"2026-09-18T09:57:33.899Z"}
{"level":"info","message":"POST /api/v1/accounts 201 122 - 9.870 ms","timestamp":"2026-09-18T09:57:33.900Z"}
{"details":{"fromBalance":"10000","transferAmount":"20000"},"level":"warn","message":"DOMAIN EXCEPTION: Insufficient funds","statusCode":400,"timestamp":"2026-09-18T09:57:34.191Z"}
{"level":"info","message":"POST /api/v1/transfers 400 89 - 286.390 ms","timestamp":"2026-09-18T09:57:34.192Z"}
{"level":"info","message":"POST /api/v1/auth/signup 201 563 - 120.719 ms","timestamp":"2026-09-18T09:57:34.334Z"}
{"accountId":"1789725454342isu8tv","level":"info","message":"Account created","timestamp":"2026-09-18T09:57:34.349Z"}
{"level":"info","message":"POST /api/v1/accounts 201 122 - 8.462 ms","timestamp":"2026-09-18T09:57:34.350Z"}
{"amount":"10000","fromAccountId":"1789725454216qrm88z","initiatedBy":"1789725454216qrm88z","level":"info","message":"Transfer completed","timestamp":"2026-09-18T09:57:34.812Z","toAccountId":"1789725454342isu8tv","transferId":"6aad0b0e8b1d9de4b35070b8"}
{"level":"info","message":"POST /api/v1/transfers 201 257 - 456.390 ms","timestamp":"2026-09-18T09:57:34.814Z"}
{"key":"idem-replay-key-1","level":"info","message":"Idempotent replay","timestamp":"2026-09-18T09:57:35.289Z","userId":"1789725454216qrm88z"}
{"amount":"10000","fromAccountId":"1789725454216qrm88z","initiatedBy":"1789725454216qrm88z","level":"info","message":"Transfer completed","timestamp":"2026-09-18T09:57:35.290Z","toAccountId":"1789725454342isu8tv","transferId":"6aad0b0e8b1d9de4b35070b8"}
{"level":"info","message":"POST /api/v1/transfers 201 257 - 463.069 ms","timestamp":"2026-09-18T09:57:35.293Z"}
{"level":"info","message":"GET /api/v1/accounts/1789725454216qrm88z 200 126 - 8.622 ms","timestamp":"2026-09-18T09:57:35.318Z"}
{"level":"info","message":"POST /api/v1/auth/signup 201 563 - 123.355 ms","timestamp":"2026-09-18T09:57:35.523Z"}
{"accountId":"1789725455530pysqzj","level":"info","message":"Account created","timestamp":"2026-09-18T09:57:35.537Z"}
{"level":"info","message":"POST /api/v1/accounts 201 122 - 8.260 ms","timestamp":"2026-09-18T09:57:35.539Z"}
{"amount":"10000","fromAccountId":"1789725455403wtjz9y","initiatedBy":"1789725455403wtjz9y","level":"info","message":"Transfer completed","timestamp":"2026-09-18T09:57:35.902Z","toAccountId":"1789725455530pysqzj","transferId":"6aad0b0f8b1d9de4b35070bd"}
{"level":"info","message":"POST /api/v1/transfers 201 257 - 358.481 ms","timestamp":"2026-09-18T09:57:35.904Z"}
{"details":null,"level":"warn","message":"DOMAIN EXCEPTION: Idempotency key reused with different request body","statusCode":422,"timestamp":"2026-09-18T09:57:36.265Z"}
{"level":"info","message":"POST /api/v1/transfers 422 62 - 347.277 ms","timestamp":"2026-09-18T09:57:36.266Z"}
{"level":"info","message":"Connected to MongoDB","timestamp":"2026-09-18T10:56:06.949Z"}
{"level":"info","message":"Server running on port 8000","timestamp":"2026-09-18T10:56:06.959Z"}
{"level":"info","message":"Connected to MongoDB","timestamp":"2026-09-18T11:05:31.347Z"}
{"level":"info","message":"Server running on port 8000","timestamp":"2026-09-18T11:05:31.369Z"}
{"level":"info","message":"Connected to MongoDB","timestamp":"2026-09-18T11:16:20.693Z"}
{"level":"info","message":"Server running on port 8000","timestamp":"2026-09-18T11:16:20.708Z"}
{"level":"info","message":"Connected to MongoDB","timestamp":"2026-09-18T11:16:52.435Z"}
{"level":"info","message":"Server running on port 8000","timestamp":"2026-09-18T11:16:52.447Z"}
{"level":"info","message":"Connected to MongoDB","timestamp":"2026-09-18T11:18:17.934Z"}
{"level":"info","message":"Server running on port 8000","timestamp":"2026-09-18T11:18:17.949Z"}
{"level":"info","message":"Connected to MongoDB","timestamp":"2026-09-18T11:59:09.884Z"}
{"level":"info","message":"Server running on port 8000","timestamp":"2026-09-18T11:59:09.902Z"}
{"level":"info","message":"Connected to MongoDB","timestamp":"2026-09-18T12:02:16.912Z"}
{"level":"info","message":"Server running on port 8000","timestamp":"2026-09-18T12:02:16.932Z"}
{"level":"info","message":"Connected to MongoDB","timestamp":"2026-09-18T12:02:50.053Z"}
{"level":"info","message":"Server running on port 8000","timestamp":"2026-09-18T12:02:50.080Z"}
{"level":"info","message":"Connected to MongoDB","timestamp":"2026-09-18T12:06:06.714Z"}
{"level":"info","message":"Server running on port 8000","timestamp":"2026-09-18T12:06:06.749Z"}
{"level":"info","message":"Connected to MongoDB","timestamp":"2026-09-18T12:38:08.472Z"}
{"level":"info","message":"Server running on port 8000","timestamp":"2026-09-18T12:38:08.497Z"}
{"level":"info","message":"Connected to MongoDB","timestamp":"2026-09-18T12:40:40.394Z"}
{"level":"info","message":"Server running on port 8000","timestamp":"2026-09-18T12:40:40.416Z"}
{"level":"info","message":"Connected to MongoDB","timestamp":"2026-09-18T12:42:41.053Z"}
{"level":"info","message":"Server running on port 8000","timestamp":"2026-09-18T12:42:41.071Z"}
{"level":"info","message":"Connected to MongoDB","timestamp":"2026-09-18T12:45:09.280Z"}
{"level":"info","message":"Server running on port 8000","timestamp":"2026-09-18T12:45:09.301Z"}
{"level":"info","message":"Connected to MongoDB","timestamp":"2026-09-18T12:49:15.795Z"}
{"level":"info","message":"Server running on port 8000","timestamp":"2026-09-18T12:49:15.813Z"}
{"level":"info","message":"Connected to MongoDB","timestamp":"2026-09-18T12:51:18.283Z"}
{"level":"info","message":"Server running on port 8000","timestamp":"2026-09-18T12:51:18.301Z"}
{"level":"info","message":"Connected to MongoDB","timestamp":"2026-09-18T12:53:55.081Z"}
{"level":"info","message":"Server running on port 8000","timestamp":"2026-09-18T12:53:55.095Z"}
{"accountId":"acc-bob","level":"info","message":"Account created","timestamp":"2026-09-20T22:15:10.588Z"}
{"amount":"5000","fromAccountId":"acc-1","initiatedBy":"usr-1","level":"info","message":"Transfer completed","timestamp":"2026-09-20T22:15:10.595Z","toAccountId":"acc-2","transferId":"tr-1"}
{"accountId":"17899425257225tz35h","level":"info","message":"Account created","timestamp":"2026-09-20T22:15:25.799Z"}
{"level":"info","message":"POST /api/v1/accounts 201 129 - 89.115 ms","timestamp":"2026-09-20T22:15:25.812Z"}
{"accountId":"1789942525847do1494","level":"info","message":"Account created","timestamp":"2026-09-20T22:15:25.856Z"}
{"level":"info","message":"POST /api/v1/accounts 201 134 - 10.879 ms","timestamp":"2026-09-20T22:15:25.857Z"}
{"details":{"email":"duplicate@example.com","resource":"Account"},"level":"warn","message":"DOMAIN EXCEPTION: Account already exists for this email","statusCode":409,"timestamp":"2026-09-20T22:15:25.872Z"}
{"level":"info","message":"POST /api/v1/accounts 409 114 - 6.938 ms","timestamp":"2026-09-20T22:15:25.873Z"}
{"level":"info","message":"GET /api/v1/accounts 200 2 - 6.575 ms","timestamp":"2026-09-20T22:15:25.906Z"}
{"details":null,"level":"warn","message":"DOMAIN EXCEPTION: Authentication required","statusCode":401,"timestamp":"2026-09-20T22:15:25.925Z"}
{"level":"info","message":"GET /api/v1/accounts 401 35 - 1.417 ms","timestamp":"2026-09-20T22:15:25.927Z"}
{"accountId":"1789942525946328max","level":"info","message":"Account created","timestamp":"2026-09-20T22:15:25.956Z"}
{"level":"info","message":"POST /api/v1/accounts 201 142 - 10.879 ms","timestamp":"2026-09-20T22:15:25.957Z"}
{"level":"info","message":"DELETE /api/v1/accounts/1789942525946328max 200 42 - 15.389 ms","timestamp":"2026-09-20T22:15:25.979Z"}
{"accountId":"1789942526004wp4y4g","level":"info","message":"Account created","timestamp":"2026-09-20T22:15:26.013Z"}
{"level":"info","message":"POST /api/v1/accounts 201 133 - 9.712 ms","timestamp":"2026-09-20T22:15:26.014Z"}
{"accountId":"1789942526022ik4nit","level":"info","message":"Account created","timestamp":"2026-09-20T22:15:26.034Z"}
{"level":"info","message":"POST /api/v1/accounts 201 138 - 13.199 ms","timestamp":"2026-09-20T22:15:26.036Z"}
{"level":"info","message":"DELETE /api/v1/accounts/1789942526022ik4nit 200 42 - 7.249 ms","timestamp":"2026-09-20T22:15:26.055Z"}
{"level":"info","message":"GET /api/v1/accounts 200 135 - 3.523 ms","timestamp":"2026-09-20T22:15:26.064Z"}
{"details":{"id":"non-existent-account-id","reason":"Not Found","resource":"Account"},"level":"warn","message":"DOMAIN EXCEPTION: Account not found","statusCode":404,"timestamp":"2026-09-20T22:15:26.089Z"}
{"level":"info","message":"DELETE /api/v1/accounts/non-existent-account-id 404 114 - 5.242 ms","timestamp":"2026-09-20T22:15:26.090Z"}
{"details":null,"level":"warn","message":"DOMAIN EXCEPTION: Authentication required","statusCode":401,"timestamp":"2026-09-20T22:15:48.141Z"}
{"level":"info","message":"POST /api/v1/transfers 401 35 - 21.260 ms","timestamp":"2026-09-20T22:15:48.161Z"}
{"details":null,"level":"warn","message":"DOMAIN EXCEPTION: Admin or Superadmin cannot perform this action","statusCode":403,"timestamp":"2026-09-20T22:15:48.226Z"}
{"level":"info","message":"POST /api/v1/transfers 403 58 - 6.061 ms","timestamp":"2026-09-20T22:15:48.228Z"}
{"level":"info","message":"POST /api/v1/auth/signup 201 563 - 176.571 ms","timestamp":"2026-09-20T22:15:48.440Z"}
{"errors":[{"code":"custom","message":"Idempotency-Key header is required","path":["idempotency-key"]}],"level":"error","message":"Validation error:","timestamp":"2026-09-20T22:15:48.451Z"}
{"level":"info","message":"POST /api/v1/transfers 400 103 - 3.457 ms","timestamp":"2026-09-20T22:15:48.453Z"}
{"details":null,"level":"warn","message":"DOMAIN EXCEPTION: Authenticated user not found","statusCode":401,"timestamp":"2026-09-20T22:15:48.486Z"}
{"level":"info","message":"POST /api/v1/transfers 401 40 - 6.641 ms","timestamp":"2026-09-20T22:15:48.488Z"}
{"level":"info","message":"POST /api/v1/auth/signup 201 563 - 136.929 ms","timestamp":"2026-09-20T22:15:48.648Z"}
{"level":"info","message":"POST /api/v1/auth/signup 201 548 - 127.521 ms","timestamp":"2026-09-20T22:15:48.786Z"}
{"details":{"id":"1789942548641o6bvvt","resource":"Account"},"level":"warn","message":"DOMAIN EXCEPTION: Cannot initiate transfer from an account you do not own","statusCode":403,"timestamp":"2026-09-20T22:15:48.805Z"}
{"level":"info","message":"POST /api/v1/transfers 403 127 - 11.274 ms","timestamp":"2026-09-20T22:15:48.807Z"}
{"level":"info","message":"GET /api/v1/accounts/1789942548641o6bvvt 200 128 - 8.002 ms","timestamp":"2026-09-20T22:15:48.824Z"}
{"level":"info","message":"POST /api/v1/auth/signup 201 563 - 128.134 ms","timestamp":"2026-09-20T22:15:48.980Z"}
{"accountId":"17899425489880madni","level":"info","message":"Account created","timestamp":"2026-09-20T22:15:48.996Z"}
{"level":"info","message":"POST /api/v1/accounts 201 122 - 9.652 ms","timestamp":"2026-09-20T22:15:48.997Z"}
{"details":{"id":"not-alice-account","resource":"Account"},"level":"warn","message":"DOMAIN EXCEPTION: Cannot initiate transfer from an account you do not own","statusCode":403,"timestamp":"2026-09-20T22:15:49.013Z"}
{"level":"info","message":"POST /api/v1/transfers 403 125 - 8.722 ms","timestamp":"2026-09-20T22:15:49.014Z"}
{"level":"info","message":"POST /api/v1/auth/signup 201 563 - 137.438 ms","timestamp":"2026-09-20T22:15:49.176Z"}
{"errors":[{"code":"custom","message":"Cannot transfer to the same account","path":["toAccountId"]}],"level":"error","message":"Validation error:","timestamp":"2026-09-20T22:15:49.183Z"}
{"level":"info","message":"POST /api/v1/transfers 400 100 - 1.024 ms","timestamp":"2026-09-20T22:15:49.184Z"}
{"level":"info","message":"POST /api/v1/auth/signup 201 563 - 125.708 ms","timestamp":"2026-09-20T22:15:49.336Z"}
{"details":{"id":"nonexistent-destination","reason":"Not Found","resource":"Account"},"level":"warn","message":"DOMAIN EXCEPTION: Account not found","statusCode":404,"timestamp":"2026-09-20T22:15:49.362Z"}
{"level":"info","message":"POST /api/v1/transfers 404 114 - 19.268 ms","timestamp":"2026-09-20T22:15:49.363Z"}
{"level":"info","message":"POST /api/v1/auth/signup 201 563 - 121.439 ms","timestamp":"2026-09-20T22:15:49.513Z"}
{"accountId":"1789942549520ze89yn","level":"info","message":"Account created","timestamp":"2026-09-20T22:15:49.528Z"}
{"level":"info","message":"POST /api/v1/accounts 201 122 - 10.178 ms","timestamp":"2026-09-20T22:15:49.529Z"}
{"amount":"20000","fromAccountId":"1789942549506fa2o70","initiatedBy":"1789942549500hjkkop","level":"info","message":"Transfer completed","timestamp":"2026-09-20T22:15:49.587Z","toAccountId":"1789942549520ze89yn","transferId":"6ab05b1575cb7f92d40534c8"}
{"level":"info","message":"POST /api/v1/transfers 201 257 - 53.910 ms","timestamp":"2026-09-20T22:15:49.589Z"}
{"level":"info","message":"GET /api/v1/accounts/1789942549506fa2o70 200 126 - 4.039 ms","timestamp":"2026-09-20T22:15:49.600Z"}
{"level":"info","message":"GET /api/v1/accounts/1789942549520ze89yn 200 122 - 4.110 ms","timestamp":"2026-09-20T22:15:49.612Z"}
{"level":"info","message":"POST /api/v1/auth/signup 201 561 - 135.019 ms","timestamp":"2026-09-20T22:15:49.774Z"}
{"accountId":"1789942549781ti1nzu","level":"info","message":"Account created","timestamp":"2026-09-20T22:15:49.790Z"}
{"level":"info","message":"POST /api/v1/accounts 201 122 - 9.425 ms","timestamp":"2026-09-20T22:15:49.791Z"}
{"details":{"fromBalance":"10000","transferAmount":"20000"},"level":"warn","message":"DOMAIN EXCEPTION: Insufficient funds","statusCode":400,"timestamp":"2026-09-20T22:15:49.813Z"}
{"level":"info","message":"POST /api/v1/transfers 400 89 - 16.246 ms","timestamp":"2026-09-20T22:15:49.814Z"}
{"level":"info","message":"POST /api/v1/auth/signup 201 563 - 140.966 ms","timestamp":"2026-09-20T22:15:49.981Z"}
{"accountId":"17899425499905uhaz4","level":"info","message":"Account created","timestamp":"2026-09-20T22:15:50.037Z"}
{"level":"info","message":"POST /api/v1/accounts 201 122 - 48.254 ms","timestamp":"2026-09-20T22:15:50.038Z"}
{"amount":"10000","fromAccountId":"1789942549973d9d92n","initiatedBy":"1789942549967zd6qma","level":"info","message":"Transfer completed","timestamp":"2026-09-20T22:15:50.083Z","toAccountId":"17899425499905uhaz4","transferId":"6ab05b1675cb7f92d40534d0"}
{"level":"info","message":"POST /api/v1/transfers 201 257 - 38.490 ms","timestamp":"2026-09-20T22:15:50.084Z"}
{"amount":"10000","fromAccountId":"1789942549973d9d92n","initiatedBy":"1789942549967zd6qma","level":"info","message":"Transfer completed","timestamp":"2026-09-20T22:15:50.123Z","toAccountId":"17899425499905uhaz4","transferId":"6ab05b1675cb7f92d40534d2"}
{"level":"info","message":"POST /api/v1/transfers 201 257 - 32.357 ms","timestamp":"2026-09-20T22:15:50.124Z"}
{"level":"info","message":"POST /api/v1/auth/signup 201 563 - 175.246 ms","timestamp":"2026-09-20T22:15:50.339Z"}
{"accountId":"1789942550345piuutn","level":"info","message":"Account created","timestamp":"2026-09-20T22:15:50.353Z"}
{"level":"info","message":"POST /api/v1/accounts 201 122 - 8.547 ms","timestamp":"2026-09-20T22:15:50.354Z"}
{"amount":"10000","fromAccountId":"17899425503314prhkg","initiatedBy":"17899425503262hdapp","level":"info","message":"Transfer completed","timestamp":"2026-09-20T22:15:50.390Z","toAccountId":"1789942550345piuutn","transferId":"6ab05b1675cb7f92d40534d7"}
{"level":"info","message":"POST /api/v1/transfers 201 257 - 29.137 ms","timestamp":"2026-09-20T22:15:50.391Z"}
{"amount":"20000","fromAccountId":"17899425503314prhkg","initiatedBy":"17899425503262hdapp","level":"info","message":"Transfer completed","timestamp":"2026-09-20T22:15:50.425Z","toAccountId":"1789942550345piuutn","transferId":"6ab05b1675cb7f92d40534d9"}
{"level":"info","message":"POST /api/v1/transfers 201 257 - 27.710 ms","timestamp":"2026-09-20T22:15:50.426Z"}
{"details":null,"level":"warn","message":"DOMAIN EXCEPTION: Authentication required","statusCode":401,"timestamp":"2026-09-20T22:17:11.382Z"}
{"level":"info","message":"POST /api/v1/transfers 401 35 - 14.075 ms","timestamp":"2026-09-20T22:17:11.392Z"}
{"details":null,"level":"warn","message":"DOMAIN EXCEPTION: Admin or Superadmin cannot perform this action","statusCode":403,"timestamp":"2026-09-20T22:17:11.487Z"}
{"level":"info","message":"POST /api/v1/transfers 403 58 - 2.715 ms","timestamp":"2026-09-20T22:17:11.488Z"}
{"level":"info","message":"POST /api/v1/auth/signup 201 563 - 109.285 ms","timestamp":"2026-09-20T22:17:11.617Z"}
{"errors":[{"code":"custom","message":"Idempotency-Key header is required","path":["idempotency-key"]}],"level":"error","message":"Validation error:","timestamp":"2026-09-20T22:17:11.624Z"}
{"level":"info","message":"POST /api/v1/transfers 400 103 - 1.964 ms","timestamp":"2026-09-20T22:17:11.625Z"}
{"details":null,"level":"warn","message":"DOMAIN EXCEPTION: Authenticated user not found","statusCode":401,"timestamp":"2026-09-20T22:17:12.079Z"}
{"level":"info","message":"POST /api/v1/transfers 401 40 - 435.805 ms","timestamp":"2026-09-20T22:17:12.080Z"}
{"level":"info","message":"POST /api/v1/auth/signup 201 563 - 75.954 ms","timestamp":"2026-09-20T22:17:12.168Z"}
{"level":"info","message":"POST /api/v1/auth/signup 201 548 - 75.922 ms","timestamp":"2026-09-20T22:17:12.248Z"}
{"details":{"id":"1789942632162xv26kg","resource":"Account"},"level":"warn","message":"DOMAIN EXCEPTION: Cannot initiate transfer from an account you do not own","statusCode":403,"timestamp":"2026-09-20T22:17:12.256Z"}
{"level":"info","message":"POST /api/v1/transfers 403 127 - 6.015 ms","timestamp":"2026-09-20T22:17:12.257Z"}
{"level":"info","message":"GET /api/v1/accounts/1789942632162xv26kg 200 128 - 3.211 ms","timestamp":"2026-09-20T22:17:12.266Z"}
{"level":"info","message":"POST /api/v1/auth/signup 201 563 - 74.150 ms","timestamp":"2026-09-20T22:17:12.354Z"}
{"accountId":"1789942632360x6q7ap","level":"info","message":"Account created","timestamp":"2026-09-20T22:17:12.365Z"}
{"level":"info","message":"POST /api/v1/accounts 201 122 - 5.771 ms","timestamp":"2026-09-20T22:17:12.365Z"}
{"details":{"id":"not-alice-account","resource":"Account"},"level":"warn","message":"DOMAIN EXCEPTION: Cannot initiate transfer from an account you do not own","statusCode":403,"timestamp":"2026-09-20T22:17:12.373Z"}
{"level":"info","message":"POST /api/v1/transfers 403 125 - 4.371 ms","timestamp":"2026-09-20T22:17:12.373Z"}
{"level":"info","message":"POST /api/v1/auth/signup 201 563 - 84.464 ms","timestamp":"2026-09-20T22:17:12.476Z"}
{"errors":[{"code":"custom","message":"Cannot transfer to the same account","path":["toAccountId"]}],"level":"error","message":"Validation error:","timestamp":"2026-09-20T22:17:12.479Z"}
{"level":"info","message":"POST /api/v1/transfers 400 100 - 0.543 ms","timestamp":"2026-09-20T22:17:12.479Z"}
{"level":"info","message":"POST /api/v1/auth/signup 201 563 - 74.569 ms","timestamp":"2026-09-20T22:17:12.568Z"}
{"details":{"id":"nonexistent-destination","reason":"Not Found","resource":"Account"},"level":"warn","message":"DOMAIN EXCEPTION: Account not found","statusCode":404,"timestamp":"2026-09-20T22:17:13.192Z"}
{"level":"info","message":"POST /api/v1/transfers 404 114 - 622.093 ms","timestamp":"2026-09-20T22:17:13.194Z"}
{"level":"info","message":"POST /api/v1/auth/signup 201 563 - 74.929 ms","timestamp":"2026-09-20T22:17:13.291Z"}
{"accountId":"17899426332952517zm","level":"info","message":"Account created","timestamp":"2026-09-20T22:17:13.301Z"}
{"level":"info","message":"POST /api/v1/accounts 201 122 - 6.627 ms","timestamp":"2026-09-20T22:17:13.301Z"}
{"amount":"20000","fromAccountId":"1789942633285e4w4wp","initiatedBy":"1789942633281io5mle","level":"info","message":"Transfer completed","timestamp":"2026-09-20T22:17:13.935Z","toAccountId":"17899426332952517zm","transferId":"6ab05b69e4df55a3cb881ca9"}
{"level":"info","message":"POST /api/v1/transfers 201 257 - 630.019 ms","timestamp":"2026-09-20T22:17:13.936Z"}
{"level":"info","message":"GET /api/v1/accounts/1789942633285e4w4wp 200 126 - 3.003 ms","timestamp":"2026-09-20T22:17:13.944Z"}
{"level":"info","message":"GET /api/v1/accounts/17899426332952517zm 200 122 - 2.548 ms","timestamp":"2026-09-20T22:17:13.950Z"}
{"level":"info","message":"POST /api/v1/auth/signup 201 561 - 73.725 ms","timestamp":"2026-09-20T22:17:14.045Z"}
{"accountId":"1789942634048wmhypj","level":"info","message":"Account created","timestamp":"2026-09-20T22:17:14.054Z"}
{"level":"info","message":"POST /api/v1/accounts 201 122 - 6.580 ms","timestamp":"2026-09-20T22:17:14.055Z"}
{"details":{"fromBalance":"10000","transferAmount":"20000"},"level":"warn","message":"DOMAIN EXCEPTION: Insufficient funds","statusCode":400,"timestamp":"2026-09-20T22:17:14.676Z"}
{"level":"info","message":"POST /api/v1/transfers 400 89 - 616.520 ms","timestamp":"2026-09-20T22:17:14.677Z"}
{"level":"info","message":"POST /api/v1/auth/signup 201 563 - 70.734 ms","timestamp":"2026-09-20T22:17:14.768Z"}
{"accountId":"17899426347714kc3jo","level":"info","message":"Account created","timestamp":"2026-09-20T22:17:14.776Z"}
{"level":"info","message":"POST /api/v1/accounts 201 122 - 5.593 ms","timestamp":"2026-09-20T22:17:14.777Z"}
{"amount":"10000","fromAccountId":"1789942634763bc27d0","initiatedBy":"1789942634759uftlhk","level":"info","message":"Transfer completed","timestamp":"2026-09-20T22:17:15.406Z","toAccountId":"17899426347714kc3jo","transferId":"6ab05b6be4df55a3cb881cb1"}
{"level":"info","message":"POST /api/v1/transfers 201 257 - 626.790 ms","timestamp":"2026-09-20T22:17:15.407Z"}
{"amount":"10000","fromAccountId":"1789942634763bc27d0","initiatedBy":"1789942634759uftlhk","level":"info","message":"Transfer completed","timestamp":"2026-09-20T22:17:15.539Z","toAccountId":"17899426347714kc3jo","transferId":"6ab05b6be4df55a3cb881cb1"}
{"level":"info","message":"POST /api/v1/transfers 201 257 - 126.576 ms","timestamp":"2026-09-20T22:17:15.540Z"}
{"level":"info","message":"GET /api/v1/accounts/1789942634763bc27d0 200 126 - 2.702 ms","timestamp":"2026-09-20T22:17:15.547Z"}
{"level":"info","message":"POST /api/v1/auth/signup 201 563 - 70.901 ms","timestamp":"2026-09-20T22:17:15.635Z"}
{"accountId":"17899426356380akojt","level":"info","message":"Account created","timestamp":"2026-09-20T22:17:15.644Z"}
{"level":"info","message":"POST /api/v1/accounts 201 122 - 5.698 ms","timestamp":"2026-09-20T22:17:15.644Z"}
{"amount":"10000","fromAccountId":"17899426356295st4w1","initiatedBy":"1789942635625d1bs2a","level":"info","message":"Transfer completed","timestamp":"2026-09-20T22:17:16.266Z","toAccountId":"17899426356380akojt","transferId":"6ab05b6ce4df55a3cb881cb6"}
{"level":"info","message":"POST /api/v1/transfers 201 257 - 619.344 ms","timestamp":"2026-09-20T22:17:16.267Z"}
{"details":null,"level":"warn","message":"DOMAIN EXCEPTION: Idempotency key reused with different request body","statusCode":422,"timestamp":"2026-09-20T22:17:16.399Z"}
{"level":"info","message":"POST /api/v1/transfers 422 62 - 127.829 ms","timestamp":"2026-09-20T22:17:16.400Z"}
{"accountId":"acc-bob","level":"info","message":"Account created","timestamp":"2026-09-20T22:17:25.105Z"}
{"amount":"5000","fromAccountId":"acc-1","initiatedBy":"usr-1","level":"info","message":"Transfer completed","timestamp":"2026-09-20T22:17:25.137Z","toAccountId":"acc-2","transferId":"tr-1"}
{"details":null,"level":"warn","message":"DOMAIN EXCEPTION: Authentication required","statusCode":401,"timestamp":"2026-09-20T22:17:27.046Z"}
{"level":"info","message":"GET /api/v1/accounts 401 35 - 50.895 ms","timestamp":"2026-09-20T22:17:27.070Z"}
{"details":null,"level":"warn","message":"DOMAIN EXCEPTION: Authentication required","statusCode":401,"timestamp":"2026-09-20T22:17:27.229Z"}
{"level":"info","message":"POST /api/v1/transfers 401 35 - 36.972 ms","timestamp":"2026-09-20T22:17:27.252Z"}
{"details":null,"level":"warn","message":"DOMAIN EXCEPTION: Authentication required","statusCode":401,"timestamp":"2026-09-20T22:17:27.312Z"}
{"level":"info","message":"GET /api/v1/accounts 401 35 - 29.190 ms","timestamp":"2026-09-20T22:17:27.339Z"}
{"level":"info","message":"POST /api/v1/auth/token 200 303 - 47.166 ms","timestamp":"2026-09-20T22:17:27.427Z"}
{"details":null,"level":"warn","message":"DOMAIN EXCEPTION: Admin or Superadmin cannot perform this action","statusCode":403,"timestamp":"2026-09-20T22:17:27.546Z"}
{"level":"info","message":"POST /api/v1/transfers 403 58 - 6.342 ms","timestamp":"2026-09-20T22:17:27.548Z"}
{"level":"info","message":"GET /api/v1/accounts 200 2 - 214.343 ms","timestamp":"2026-09-20T22:17:27.617Z"}
{"level":"info","message":"POST /api/v1/auth/signup 201 595 - 241.641 ms","timestamp":"2026-09-20T22:17:27.710Z"}
{"accountId":"1789942647552a8nbe4","level":"info","message":"Account created","timestamp":"2026-09-20T22:17:27.724Z"}
{"level":"info","message":"GET /api/v1/auth/me 200 138 - 16.122 ms","timestamp":"2026-09-20T22:17:27.736Z"}
{"level":"info","message":"POST /api/v1/accounts 201 129 - 195.383 ms","timestamp":"2026-09-20T22:17:27.742Z"}
{"accountId":"1789942647793xwk0qy","level":"info","message":"Account created","timestamp":"2026-09-20T22:17:27.805Z"}
{"level":"info","message":"POST /api/v1/accounts 201 134 - 15.270 ms","timestamp":"2026-09-20T22:17:27.808Z"}
{"details":{"email":"duplicate@example.com","resource":"Account"},"level":"warn","message":"DOMAIN EXCEPTION: Account already exists for this email","statusCode":409,"timestamp":"2026-09-20T22:17:27.828Z"}
{"level":"info","message":"POST /api/v1/auth/signup 201 563 - 251.803 ms","timestamp":"2026-09-20T22:17:27.830Z"}
{"level":"info","message":"POST /api/v1/accounts 409 114 - 10.932 ms","timestamp":"2026-09-20T22:17:27.830Z"}
{"errors":[{"code":"custom","message":"Idempotency-Key header is required","path":["idempotency-key"]}],"level":"error","message":"Validation error:","timestamp":"2026-09-20T22:17:27.845Z"}
{"level":"info","message":"POST /api/v1/transfers 400 103 - 4.909 ms","timestamp":"2026-09-20T22:17:27.847Z"}
{"level":"info","message":"GET /api/v1/accounts 200 2 - 22.550 ms","timestamp":"2026-09-20T22:17:27.893Z"}
{"details":null,"level":"warn","message":"DOMAIN EXCEPTION: Authentication required","statusCode":401,"timestamp":"2026-09-20T22:17:27.922Z"}
{"level":"info","message":"GET /api/v1/accounts 401 35 - 1.969 ms","timestamp":"2026-09-20T22:17:27.924Z"}
{"accountId":"1789942647949ndvo19","level":"info","message":"Account created","timestamp":"2026-09-20T22:17:27.962Z"}
{"level":"info","message":"POST /api/v1/accounts 201 142 - 14.047 ms","timestamp":"2026-09-20T22:17:27.963Z"}
{"level":"info","message":"POST /api/v1/auth/signup 201 587 - 305.749 ms","timestamp":"2026-09-20T22:17:27.967Z"}
{"level":"info","message":"POST /api/v1/auth/signup 201 597 - 215.551 ms","timestamp":"2026-09-20T22:17:27.984Z"}
{"details":{"email":"duplicate@test.com"},"level":"warn","message":"DOMAIN EXCEPTION: User with this email already exists","statusCode":409,"timestamp":"2026-09-20T22:17:27.999Z"}
{"accountId":"1789942647982ig0tkr","level":"info","message":"Account created","timestamp":"2026-09-20T22:17:27.995Z"}
{"level":"info","message":"DELETE /api/v1/accounts/1789942647949ndvo19 200 42 - 24.253 ms","timestamp":"2026-09-20T22:17:27.998Z"}
{"level":"info","message":"POST /api/v1/auth/signup 409 88 - 6.232 ms","timestamp":"2026-09-20T22:17:28.001Z"}
{"level":"info","message":"POST /api/v1/accounts 201 129 - 18.411 ms","timestamp":"2026-09-20T22:17:27.997Z"}
{"details":{"email":"alice@example.com","resource":"Account"},"level":"warn","message":"DOMAIN EXCEPTION: Account already exists for this email","statusCode":409,"timestamp":"2026-09-20T22:17:28.019Z"}
{"level":"info","message":"POST /api/v1/accounts 409 110 - 10.756 ms","timestamp":"2026-09-20T22:17:28.021Z"}
{"errors":[{"code":"too_small","exact":false,"inclusive":false,"message":"Amount must be a positive number","minimum":0,"path":["amountMinor"],"type":"number"},{"code":"too_small","exact":false,"inclusive":true,"message":"Amount must be at least 1","minimum":1,"path":["amountMinor"],"type":"number"}],"level":"error","message":"Validation error:","timestamp":"2026-09-20T22:17:28.034Z"}
{"level":"info","message":"POST /api/v1/transfers 400 301 - 5.847 ms","timestamp":"2026-09-20T22:17:28.038Z"}
{"accountId":"17899426480362fscvs","level":"info","message":"Account created","timestamp":"2026-09-20T22:17:28.046Z"}
{"level":"info","message":"POST /api/v1/accounts 201 133 - 10.788 ms","timestamp":"2026-09-20T22:17:28.047Z"}
{"accountId":"1789942648057a497fi","level":"info","message":"Account created","timestamp":"2026-09-20T22:17:28.068Z"}
{"level":"info","message":"POST /api/v1/accounts 201 138 - 12.180 ms","timestamp":"2026-09-20T22:17:28.069Z"}
{"level":"info","message":"DELETE /api/v1/accounts/1789942648057a497fi 200 42 - 9.393 ms","timestamp":"2026-09-20T22:17:28.088Z"}
{"level":"info","message":"GET /api/v1/accounts 200 135 - 5.749 ms","timestamp":"2026-09-20T22:17:28.103Z"}
{"details":{"id":"non-existent-account-id","reason":"Not Found","resource":"Account"},"level":"warn","message":"DOMAIN EXCEPTION: Account not found","statusCode":404,"timestamp":"2026-09-20T22:17:28.155Z"}
{"level":"info","message":"DELETE /api/v1/accounts/non-existent-account-id 404 114 - 19.608 ms","timestamp":"2026-09-20T22:17:28.157Z"}
{"level":"info","message":"POST /api/v1/auth/login 200 315 - 146.118 ms","timestamp":"2026-09-20T22:17:28.405Z"}
{"details":null,"level":"warn","message":"DOMAIN EXCEPTION: Authenticated user not found","statusCode":401,"timestamp":"2026-09-20T22:17:28.497Z"}
{"level":"info","message":"POST /api/v1/transfers 401 40 - 596.770 ms","timestamp":"2026-09-20T22:17:28.499Z"}
{"level":"info","message":"POST /api/v1/auth/signup 201 563 - 366.547 ms","timestamp":"2026-09-20T22:17:28.915Z"}
{"level":"info","message":"POST /api/v1/auth/login 200 378 - 154.087 ms","timestamp":"2026-09-20T22:17:28.993Z"}
{"level":"info","message":"POST /api/v1/auth/signup 201 548 - 160.487 ms","timestamp":"2026-09-20T22:17:29.085Z"}
{"details":{"id":"1789942648902xor99g","resource":"Account"},"level":"warn","message":"DOMAIN EXCEPTION: Cannot initiate transfer from an account you do not own","statusCode":403,"timestamp":"2026-09-20T22:17:29.109Z"}
{"level":"info","message":"POST /api/v1/transfers 403 127 - 15.221 ms","timestamp":"2026-09-20T22:17:29.110Z"}
{"level":"info","message":"GET /api/v1/accounts/1789942648902xor99g 200 128 - 6.906 ms","timestamp":"2026-09-20T22:17:29.127Z"}
{"details":{"fromBalance":"100000","transferAmount":"500000"},"level":"warn","message":"DOMAIN EXCEPTION: Insufficient funds","statusCode":400,"timestamp":"2026-09-20T22:17:29.129Z"}
{"level":"info","message":"POST /api/v1/transfers 400 91 - 1082.371 ms","timestamp":"2026-09-20T22:17:29.131Z"}
{"details":null,"level":"warn","message":"DOMAIN EXCEPTION: Invalid email or password","statusCode":401,"timestamp":"2026-09-20T22:17:29.288Z"}
{"level":"info","message":"POST /api/v1/auth/login 401 37 - 125.776 ms","timestamp":"2026-09-20T22:17:29.290Z"}
{"level":"info","message":"POST /api/v1/auth/signup 201 563 - 143.950 ms","timestamp":"2026-09-20T22:17:29.302Z"}
{"details":null,"level":"warn","message":"DOMAIN EXCEPTION: Authentication required","statusCode":401,"timestamp":"2026-09-20T22:17:29.315Z"}
{"level":"info","message":"GET /api/v1/auth/me 401 35 - 1.311 ms","timestamp":"2026-09-20T22:17:29.316Z"}
{"accountId":"1789942649311qa2b58","level":"info","message":"Account created","timestamp":"2026-09-20T22:17:29.320Z"}
{"level":"info","message":"POST /api/v1/accounts 201 122 - 11.665 ms","timestamp":"2026-09-20T22:17:29.322Z"}
{"details":null,"level":"warn","message":"DOMAIN EXCEPTION: Authentication required","statusCode":401,"timestamp":"2026-09-20T22:17:29.336Z"}
{"level":"info","message":"GET /api/v1/admin/stats 401 35 - 1.496 ms","timestamp":"2026-09-20T22:17:29.337Z"}
{"details":{"id":"not-alice-account","resource":"Account"},"level":"warn","message":"DOMAIN EXCEPTION: Cannot initiate transfer from an account you do not own","statusCode":403,"timestamp":"2026-09-20T22:17:29.338Z"}
{"level":"info","message":"POST /api/v1/transfers 403 125 - 9.313 ms","timestamp":"2026-09-20T22:17:29.340Z"}
{"level":"info","message":"POST /api/v1/auth/token 200 305 - 1.204 ms","timestamp":"2026-09-20T22:17:29.360Z"}
{"details":{"requiredRoles":["admin"],"userRole":"user"},"level":"warn","message":"DOMAIN EXCEPTION: Forbidden: Insufficient permissions","statusCode":403,"timestamp":"2026-09-20T22:17:29.368Z"}
{"level":"info","message":"GET /api/v1/admin/stats 403 103 - 2.356 ms","timestamp":"2026-09-20T22:17:29.370Z"}
{"accountId":"1789942649391pxz647","level":"info","message":"Account created","timestamp":"2026-09-20T22:17:29.399Z"}
{"level":"info","message":"POST /api/v1/accounts 201 139 - 13.268 ms","timestamp":"2026-09-20T22:17:29.400Z"}
{"level":"info","message":"POST /api/v1/auth/token 200 315 - 1.078 ms","timestamp":"2026-09-20T22:17:29.409Z"}
{"level":"info","message":"GET /api/v1/admin/stats 200 66 - 14.008 ms","timestamp":"2026-09-20T22:17:29.429Z"}
{"level":"info","message":"POST /api/v1/auth/signup 201 563 - 132.268 ms","timestamp":"2026-09-20T22:17:29.498Z"}
{"errors":[{"code":"custom","message":"Cannot transfer to the same account","path":["toAccountId"]}],"level":"error","message":"Validation error:","timestamp":"2026-09-20T22:17:29.503Z"}
{"level":"info","message":"POST /api/v1/transfers 400 100 - 0.776 ms","timestamp":"2026-09-20T22:17:29.504Z"}
{"level":"info","message":"POST /api/v1/auth/signup 201 563 - 138.150 ms","timestamp":"2026-09-20T22:17:29.676Z"}
{"amount":"35000","fromAccountId":"1789942647948ga2efj","initiatedBy":"17899426479137r30sg","level":"info","message":"Transfer completed","timestamp":"2026-09-20T22:17:29.781Z","toAccountId":"1789942647982ig0tkr","transferId":"6ab05b798242b8eacb8a511d"}
{"level":"info","message":"POST /api/v1/transfers 201 257 - 641.269 ms","timestamp":"2026-09-20T22:17:29.782Z"}
{"level":"info","message":"GET /api/v1/transfers/6ab05b798242b8eacb8a511d 200 257 - 6.167 ms","timestamp":"2026-09-20T22:17:29.797Z"}
{"level":"info","message":"GET /api/v1/accounts/1789942647948ga2efj 200 133 - 4.864 ms","timestamp":"2026-09-20T22:17:29.810Z"}
{"level":"info","message":"GET /api/v1/accounts/1789942647982ig0tkr 200 129 - 3.427 ms","timestamp":"2026-09-20T22:17:29.821Z"}
{"level":"info","message":"GET /api/v1/transfers?page=1&limit=10 200 259 - 5.245 ms","timestamp":"2026-09-20T22:17:29.834Z"}
{"level":"info","message":"PATCH /api/v1/accounts/1789942647948ga2efj 200 151 - 19.700 ms","timestamp":"2026-09-20T22:17:29.861Z"}
{"level":"info","message":"DELETE /api/v1/accounts/1789942647982ig0tkr 200 42 - 8.001 ms","timestamp":"2026-09-20T22:17:29.876Z"}
{"details":{"id":"nonexistent-destination","reason":"Not Found","resource":"Account"},"level":"warn","message":"DOMAIN EXCEPTION: Account not found","statusCode":404,"timestamp":"2026-09-20T22:17:30.288Z"}
{"level":"info","message":"POST /api/v1/transfers 404 114 - 605.854 ms","timestamp":"2026-09-20T22:17:30.291Z"}
{"level":"info","message":"POST /api/v1/auth/signup 201 563 - 105.639 ms","timestamp":"2026-09-20T22:17:30.439Z"}
{"accountId":"17899426504431d7w7u","level":"info","message":"Account created","timestamp":"2026-09-20T22:17:30.449Z"}
{"level":"info","message":"POST /api/v1/accounts 201 122 - 6.160 ms","timestamp":"2026-09-20T22:17:30.450Z"}
{"details":{"id":"1789942647982ig0tkr","reason":"Not Found","resource":"Account"},"level":"warn","message":"DOMAIN EXCEPTION: Account not found","statusCode":404,"timestamp":"2026-09-20T22:17:30.510Z"}
{"level":"info","message":"POST /api/v1/transfers 404 110 - 628.141 ms","timestamp":"2026-09-20T22:17:30.511Z"}
{"amount":"20000","fromAccountId":"1789942650432pmo6qc","initiatedBy":"1789942650428vvzect","level":"info","message":"Transfer completed","timestamp":"2026-09-20T22:17:31.062Z","toAccountId":"17899426504431d7w7u","transferId":"6ab05b7a2f41e69405bad975"}
{"level":"info","message":"POST /api/v1/transfers 201 257 - 608.777 ms","timestamp":"2026-09-20T22:17:31.063Z"}
{"level":"info","message":"GET /api/v1/accounts/1789942650432pmo6qc 200 126 - 3.438 ms","timestamp":"2026-09-20T22:17:31.072Z"}
{"level":"info","message":"GET /api/v1/accounts/17899426504431d7w7u 200 122 - 2.870 ms","timestamp":"2026-09-20T22:17:31.080Z"}
{"level":"info","message":"POST /api/v1/auth/signup 201 561 - 101.847 ms","timestamp":"2026-09-20T22:17:31.207Z"}
{"accountId":"17899426512129fs1p8","level":"info","message":"Account created","timestamp":"2026-09-20T22:17:31.217Z"}
{"level":"info","message":"POST /api/v1/accounts 201 122 - 5.749 ms","timestamp":"2026-09-20T22:17:31.218Z"}
{"details":{"fromBalance":"10000","transferAmount":"20000"},"level":"warn","message":"DOMAIN EXCEPTION: Insufficient funds","statusCode":400,"timestamp":"2026-09-20T22:17:31.807Z"}
{"level":"info","message":"POST /api/v1/transfers 400 89 - 584.711 ms","timestamp":"2026-09-20T22:17:31.807Z"}
{"level":"info","message":"POST /api/v1/auth/signup 201 563 - 95.459 ms","timestamp":"2026-09-20T22:17:31.922Z"}
{"accountId":"1789942651927g1fvp0","level":"info","message":"Account created","timestamp":"2026-09-20T22:17:31.935Z"}
{"level":"info","message":"POST /api/v1/accounts 201 122 - 8.527 ms","timestamp":"2026-09-20T22:17:31.935Z"}
{"amount":"10000","fromAccountId":"17899426519158v70li","initiatedBy":"1789942651910ehgbut","level":"info","message":"Transfer completed","timestamp":"2026-09-20T22:17:32.533Z","toAccountId":"1789942651927g1fvp0","transferId":"6ab05b7c2f41e69405bad97d"}
{"level":"info","message":"POST /api/v1/transfers 201 257 - 593.365 ms","timestamp":"2026-09-20T22:17:32.534Z"}
{"amount":"10000","fromAccountId":"17899426519158v70li","initiatedBy":"1789942651910ehgbut","level":"info","message":"Transfer completed","timestamp":"2026-09-20T22:17:32.658Z","toAccountId":"1789942651927g1fvp0","transferId":"6ab05b7c2f41e69405bad97d"}
{"level":"info","message":"POST /api/v1/transfers 201 257 - 119.223 ms","timestamp":"2026-09-20T22:17:32.658Z"}
{"level":"info","message":"GET /api/v1/accounts/17899426519158v70li 200 126 - 2.111 ms","timestamp":"2026-09-20T22:17:32.664Z"}
{"level":"info","message":"POST /api/v1/auth/signup 201 563 - 86.984 ms","timestamp":"2026-09-20T22:17:32.772Z"}
{"accountId":"1789942652777di5r5p","level":"info","message":"Account created","timestamp":"2026-09-20T22:17:32.781Z"}
{"level":"info","message":"POST /api/v1/accounts 201 122 - 5.021 ms","timestamp":"2026-09-20T22:17:32.782Z"}
{"amount":"10000","fromAccountId":"1789942652765z9i56h","initiatedBy":"17899426527620sjz72","level":"info","message":"Transfer completed","timestamp":"2026-09-20T22:17:33.495Z","toAccountId":"1789942652777di5r5p","transferId":"6ab05b7d2f41e69405bad982"}
{"level":"info","message":"POST /api/v1/transfers 201 257 - 709.664 ms","timestamp":"2026-09-20T22:17:33.496Z"}
{"details":null,"level":"warn","message":"DOMAIN EXCEPTION: Idempotency key reused with different request body","statusCode":422,"timestamp":"2026-09-20T22:17:33.619Z"}
{"level":"info","message":"POST /api/v1/transfers 422 62 - 119.674 ms","timestamp":"2026-09-20T22:17:33.619Z"}
{"details":null,"level":"warn","message":"DOMAIN EXCEPTION: Authentication required","statusCode":401,"timestamp":"2026-09-20T22:18:15.333Z"}
{"level":"info","message":"GET /api/v1/accounts 401 35 - 12.793 ms","timestamp":"2026-09-20T22:18:15.346Z"}
{"level":"info","message":"POST /api/v1/auth/token 200 303 - 5.108 ms","timestamp":"2026-09-20T22:18:15.512Z"}
{"level":"info","message":"POST /api/v1/auth/signup 201 597 - 125.746 ms","timestamp":"2026-09-20T22:18:15.652Z"}
{"level":"info","message":"GET /api/v1/auth/me 200 138 - 8.740 ms","timestamp":"2026-09-20T22:18:15.666Z"}
{"level":"info","message":"POST /api/v1/auth/signup 201 595 - 101.346 ms","timestamp":"2026-09-20T22:18:15.790Z"}
{"details":{"email":"duplicate@test.com"},"level":"warn","message":"DOMAIN EXCEPTION: User with this email already exists","statusCode":409,"timestamp":"2026-09-20T22:18:15.800Z"}
{"level":"info","message":"POST /api/v1/auth/signup 409 88 - 3.769 ms","timestamp":"2026-09-20T22:18:15.802Z"}
{"level":"info","message":"POST /api/v1/auth/login 200 315 - 78.856 ms","timestamp":"2026-09-20T22:18:15.985Z"}
{"level":"info","message":"POST /api/v1/auth/login 200 378 - 71.988 ms","timestamp":"2026-09-20T22:18:16.165Z"}
{"details":null,"level":"warn","message":"DOMAIN EXCEPTION: Invalid email or password","statusCode":401,"timestamp":"2026-09-20T22:18:16.340Z"}
{"level":"info","message":"POST /api/v1/auth/login 401 37 - 77.934 ms","timestamp":"2026-09-20T22:18:16.341Z"}
{"details":null,"level":"warn","message":"DOMAIN EXCEPTION: Authentication required","statusCode":401,"timestamp":"2026-09-20T22:18:16.358Z"}
{"level":"info","message":"GET /api/v1/auth/me 401 35 - 0.702 ms","timestamp":"2026-09-20T22:18:16.359Z"}
{"details":null,"level":"warn","message":"DOMAIN EXCEPTION: Authentication required","statusCode":401,"timestamp":"2026-09-20T22:18:16.373Z"}
{"level":"info","message":"GET /api/v1/admin/stats 401 35 - 0.884 ms","timestamp":"2026-09-20T22:18:16.373Z"}
{"level":"info","message":"POST /api/v1/auth/token 200 305 - 0.914 ms","timestamp":"2026-09-20T22:18:16.388Z"}
{"details":{"requiredRoles":["admin"],"userRole":"user"},"level":"warn","message":"DOMAIN EXCEPTION: Forbidden: Insufficient permissions","statusCode":403,"timestamp":"2026-09-20T22:18:16.395Z"}
{"level":"info","message":"GET /api/v1/admin/stats 403 103 - 1.757 ms","timestamp":"2026-09-20T22:18:16.396Z"}
{"accountId":"1789942696411w0sbdl","level":"info","message":"Account created","timestamp":"2026-09-20T22:18:16.419Z"}
{"level":"info","message":"POST /api/v1/accounts 201 139 - 12.324 ms","timestamp":"2026-09-20T22:18:16.420Z"}
{"level":"info","message":"POST /api/v1/auth/token 200 315 - 0.696 ms","timestamp":"2026-09-20T22:18:16.428Z"}
{"level":"info","message":"GET /api/v1/admin/stats 200 66 - 9.005 ms","timestamp":"2026-09-20T22:18:16.443Z"}
{"details":null,"level":"warn","message":"DOMAIN EXCEPTION: Authentication required","statusCode":401,"timestamp":"2026-09-20T22:18:46.720Z"}
{"level":"info","message":"GET /api/v1/accounts 401 35 - 8.521 ms","timestamp":"2026-09-20T22:18:46.729Z"}
{"level":"info","message":"POST /api/v1/auth/token 200 303 - 3.169 ms","timestamp":"2026-09-20T22:18:46.854Z"}
{"level":"info","message":"POST /api/v1/auth/signup 201 597 - 111.538 ms","timestamp":"2026-09-20T22:18:46.979Z"}
{"level":"info","message":"GET /api/v1/auth/me 200 138 - 8.238 ms","timestamp":"2026-09-20T22:18:46.992Z"}
{"level":"info","message":"POST /api/v1/auth/signup 201 595 - 89.986 ms","timestamp":"2026-09-20T22:18:47.107Z"}
{"details":{"email":"duplicate@test.com"},"level":"warn","message":"DOMAIN EXCEPTION: User with this email already exists","statusCode":409,"timestamp":"2026-09-20T22:18:47.114Z"}
{"level":"info","message":"POST /api/v1/auth/signup 409 88 - 3.272 ms","timestamp":"2026-09-20T22:18:47.115Z"}
{"level":"info","message":"POST /api/v1/auth/login 200 315 - 77.449 ms","timestamp":"2026-09-20T22:18:47.294Z"}
{"level":"info","message":"POST /api/v1/auth/login 200 438 - 70.338 ms","timestamp":"2026-09-20T22:18:47.462Z"}
{"level":"info","message":"GET /api/v1/auth/me 200 134 - 3.302 ms","timestamp":"2026-09-20T22:18:47.469Z"}
{"details":null,"level":"warn","message":"DOMAIN EXCEPTION: Invalid email or password","statusCode":401,"timestamp":"2026-09-20T22:18:47.628Z"}
{"level":"info","message":"POST /api/v1/auth/login 401 37 - 68.846 ms","timestamp":"2026-09-20T22:18:47.629Z"}
{"details":null,"level":"warn","message":"DOMAIN EXCEPTION: Authentication required","statusCode":401,"timestamp":"2026-09-20T22:18:47.645Z"}
{"level":"info","message":"GET /api/v1/auth/me 401 35 - 0.592 ms","timestamp":"2026-09-20T22:18:47.645Z"}
{"details":null,"level":"warn","message":"DOMAIN EXCEPTION: Authentication required","statusCode":401,"timestamp":"2026-09-20T22:18:47.655Z"}
{"level":"info","message":"GET /api/v1/admin/stats 401 35 - 0.784 ms","timestamp":"2026-09-20T22:18:47.655Z"}
{"level":"info","message":"POST /api/v1/auth/token 200 305 - 0.691 ms","timestamp":"2026-09-20T22:18:47.666Z"}
{"details":{"requiredRoles":["admin"],"userRole":"user"},"level":"warn","message":"DOMAIN EXCEPTION: Forbidden: Insufficient permissions","statusCode":403,"timestamp":"2026-09-20T22:18:47.671Z"}
{"level":"info","message":"GET /api/v1/admin/stats 403 103 - 0.977 ms","timestamp":"2026-09-20T22:18:47.672Z"}
{"accountId":"1789942727683f7n4j6","level":"info","message":"Account created","timestamp":"2026-09-20T22:18:47.690Z"}
{"level":"info","message":"POST /api/v1/accounts 201 139 - 9.454 ms","timestamp":"2026-09-20T22:18:47.691Z"}
{"level":"info","message":"POST /api/v1/auth/token 200 315 - 0.492 ms","timestamp":"2026-09-20T22:18:47.695Z"}
{"level":"info","message":"GET /api/v1/admin/stats 200 66 - 5.990 ms","timestamp":"2026-09-20T22:18:47.705Z"}
{"accountId":"acc-bob","level":"info","message":"Account created","timestamp":"2026-09-20T22:20:20.141Z"}
{"amount":"5000","fromAccountId":"acc-1","initiatedBy":"usr-1","level":"info","message":"Transfer completed","timestamp":"2026-09-20T22:20:20.207Z","toAccountId":"acc-2","transferId":"tr-1"}
{"details":null,"level":"warn","message":"DOMAIN EXCEPTION: Authentication required","statusCode":401,"timestamp":"2026-09-20T22:20:23.056Z"}
{"level":"info","message":"GET /api/v1/accounts 401 35 - 39.799 ms","timestamp":"2026-09-20T22:20:23.085Z"}
{"details":null,"level":"warn","message":"DOMAIN EXCEPTION: Authentication required","statusCode":401,"timestamp":"2026-09-20T22:20:23.217Z"}
{"level":"info","message":"GET /api/v1/accounts 401 35 - 31.677 ms","timestamp":"2026-09-20T22:20:23.245Z"}
{"level":"info","message":"POST /api/v1/auth/token 200 303 - 20.477 ms","timestamp":"2026-09-20T22:20:23.371Z"}
{"level":"info","message":"GET /api/v1/accounts 200 2 - 69.813 ms","timestamp":"2026-09-20T22:20:23.423Z"}
{"details":null,"level":"warn","message":"DOMAIN EXCEPTION: Authentication required","statusCode":401,"timestamp":"2026-09-20T22:20:23.438Z"}
{"level":"info","message":"POST /api/v1/transfers 401 35 - 36.787 ms","timestamp":"2026-09-20T22:20:23.470Z"}
{"accountId":"1789942823400xfm4r7","level":"info","message":"Account created","timestamp":"2026-09-20T22:20:23.562Z"}
{"level":"info","message":"POST /api/v1/accounts 201 129 - 192.428 ms","timestamp":"2026-09-20T22:20:23.585Z"}
{"accountId":"1789942823647w5ap7g","level":"info","message":"Account created","timestamp":"2026-09-20T22:20:23.660Z"}
{"details":null,"level":"warn","message":"DOMAIN EXCEPTION: Admin or Superadmin cannot perform this action","statusCode":403,"timestamp":"2026-09-20T22:20:23.661Z"}
{"level":"info","message":"POST /api/v1/transfers 403 58 - 7.338 ms","timestamp":"2026-09-20T22:20:23.663Z"}
{"level":"info","message":"POST /api/v1/accounts 201 134 - 15.605 ms","timestamp":"2026-09-20T22:20:23.662Z"}
{"details":{"email":"duplicate@example.com","resource":"Account"},"level":"warn","message":"DOMAIN EXCEPTION: Account already exists for this email","statusCode":409,"timestamp":"2026-09-20T22:20:23.685Z"}
{"level":"info","message":"POST /api/v1/accounts 409 114 - 13.027 ms","timestamp":"2026-09-20T22:20:23.687Z"}
{"level":"info","message":"POST /api/v1/auth/signup 201 597 - 271.752 ms","timestamp":"2026-09-20T22:20:23.690Z"}
{"level":"info","message":"GET /api/v1/auth/me 200 138 - 16.198 ms","timestamp":"2026-09-20T22:20:23.716Z"}
{"level":"info","message":"GET /api/v1/accounts 200 2 - 11.163 ms","timestamp":"2026-09-20T22:20:23.735Z"}
{"details":null,"level":"warn","message":"DOMAIN EXCEPTION: Authentication required","statusCode":401,"timestamp":"2026-09-20T22:20:23.761Z"}
{"level":"info","message":"GET /api/v1/accounts 401 35 - 1.503 ms","timestamp":"2026-09-20T22:20:23.762Z"}
{"level":"info","message":"POST /api/v1/auth/signup 201 587 - 306.250 ms","timestamp":"2026-09-20T22:20:23.772Z"}
{"accountId":"1789942823785qlglli","level":"info","message":"Account created","timestamp":"2026-09-20T22:20:23.795Z"}
{"accountId":"1789942823788shpqa3","level":"info","message":"Account created","timestamp":"2026-09-20T22:20:23.799Z"}
{"level":"info","message":"POST /api/v1/accounts 201 129 - 15.222 ms","timestamp":"2026-09-20T22:20:23.797Z"}
{"level":"info","message":"POST /api/v1/accounts 201 142 - 11.842 ms","timestamp":"2026-09-20T22:20:23.800Z"}
{"details":{"email":"alice@example.com","resource":"Account"},"level":"warn","message":"DOMAIN EXCEPTION: Account already exists for this email","statusCode":409,"timestamp":"2026-09-20T22:20:23.815Z"}
{"level":"info","message":"POST /api/v1/accounts 409 110 - 10.090 ms","timestamp":"2026-09-20T22:20:23.817Z"}
{"errors":[{"code":"too_small","exact":false,"inclusive":false,"message":"Amount must be a positive number","minimum":0,"path":["amountMinor"],"type":"number"},{"code":"too_small","exact":false,"inclusive":true,"message":"Amount must be at least 1","minimum":1,"path":["amountMinor"],"type":"number"}],"level":"error","message":"Validation error:","timestamp":"2026-09-20T22:20:23.830Z"}
{"level":"info","message":"POST /api/v1/transfers 400 301 - 4.838 ms","timestamp":"2026-09-20T22:20:23.833Z"}
{"level":"info","message":"DELETE /api/v1/accounts/1789942823788shpqa3 200 42 - 23.287 ms","timestamp":"2026-09-20T22:20:23.834Z"}
{"accountId":"1789942823863u4yloz","level":"info","message":"Account created","timestamp":"2026-09-20T22:20:23.873Z"}
{"level":"info","message":"POST /api/v1/accounts 201 133 - 11.623 ms","timestamp":"2026-09-20T22:20:23.874Z"}
{"accountId":"17899428238837xf18c","level":"info","message":"Account created","timestamp":"2026-09-20T22:20:23.893Z"}
{"level":"info","message":"POST /api/v1/accounts 201 138 - 10.859 ms","timestamp":"2026-09-20T22:20:23.894Z"}
{"level":"info","message":"DELETE /api/v1/accounts/17899428238837xf18c 200 42 - 9.356 ms","timestamp":"2026-09-20T22:20:23.913Z"}
{"level":"info","message":"GET /api/v1/accounts 200 135 - 6.451 ms","timestamp":"2026-09-20T22:20:23.929Z"}
{"level":"info","message":"POST /api/v1/auth/signup 201 597 - 187.698 ms","timestamp":"2026-09-20T22:20:23.936Z"}
{"level":"info","message":"POST /api/v1/auth/signup 201 563 - 255.396 ms","timestamp":"2026-09-20T22:20:23.948Z"}
{"errors":[{"code":"custom","message":"Idempotency-Key header is required","path":["idempotency-key"]}],"level":"error","message":"Validation error:","timestamp":"2026-09-20T22:20:23.960Z"}
{"level":"info","message":"POST /api/v1/transfers 400 103 - 4.455 ms","timestamp":"2026-09-20T22:20:23.962Z"}
{"details":{"email":"duplicate@test.com"},"level":"warn","message":"DOMAIN EXCEPTION: User with this email already exists","statusCode":409,"timestamp":"2026-09-20T22:20:23.952Z"}
{"details":{"id":"non-existent-account-id","reason":"Not Found","resource":"Account"},"level":"warn","message":"DOMAIN EXCEPTION: Account not found","statusCode":404,"timestamp":"2026-09-20T22:20:23.970Z"}
{"level":"info","message":"POST /api/v1/auth/signup 409 88 - 5.834 ms","timestamp":"2026-09-20T22:20:23.954Z"}
{"level":"info","message":"DELETE /api/v1/accounts/non-existent-account-id 404 114 - 5.659 ms","timestamp":"2026-09-20T22:20:23.981Z"}
{"level":"info","message":"POST /api/v1/auth/login 200 315 - 137.284 ms","timestamp":"2026-09-20T22:20:24.324Z"}
{"details":null,"level":"warn","message":"DOMAIN EXCEPTION: Authenticated user not found","statusCode":401,"timestamp":"2026-09-20T22:20:24.773Z"}
{"level":"info","message":"POST /api/v1/transfers 401 40 - 762.686 ms","timestamp":"2026-09-20T22:20:24.775Z"}
{"level":"info","message":"POST /api/v1/auth/login 200 438 - 238.745 ms","timestamp":"2026-09-20T22:20:24.809Z"}
{"level":"info","message":"GET /api/v1/auth/me 200 134 - 8.249 ms","timestamp":"2026-09-20T22:20:24.827Z"}
{"level":"info","message":"POST /api/v1/auth/signup 201 563 - 168.665 ms","timestamp":"2026-09-20T22:20:24.967Z"}
{"level":"info","message":"POST /api/v1/auth/signup 201 548 - 146.503 ms","timestamp":"2026-09-20T22:20:25.121Z"}
{"details":null,"level":"warn","message":"DOMAIN EXCEPTION: Invalid email or password","statusCode":401,"timestamp":"2026-09-20T22:20:25.121Z"}
{"level":"info","message":"POST /api/v1/auth/login 401 37 - 121.921 ms","timestamp":"2026-09-20T22:20:25.122Z"}
{"details":{"id":"1789942824957bitzkm","resource":"Account"},"level":"warn","message":"DOMAIN EXCEPTION: Cannot initiate transfer from an account you do not own","statusCode":403,"timestamp":"2026-09-20T22:20:25.142Z"}
{"level":"info","message":"POST /api/v1/transfers 403 127 - 13.062 ms","timestamp":"2026-09-20T22:20:25.144Z"}
{"details":null,"level":"warn","message":"DOMAIN EXCEPTION: Authentication required","statusCode":401,"timestamp":"2026-09-20T22:20:25.146Z"}
{"level":"info","message":"GET /api/v1/auth/me 401 35 - 1.218 ms","timestamp":"2026-09-20T22:20:25.148Z"}
{"level":"info","message":"GET /api/v1/accounts/1789942824957bitzkm 200 128 - 7.232 ms","timestamp":"2026-09-20T22:20:25.160Z"}
{"details":null,"level":"warn","message":"DOMAIN EXCEPTION: Authentication required","statusCode":401,"timestamp":"2026-09-20T22:20:25.167Z"}
{"level":"info","message":"GET /api/v1/admin/stats 401 35 - 1.554 ms","timestamp":"2026-09-20T22:20:25.168Z"}
{"level":"info","message":"POST /api/v1/auth/token 200 305 - 0.960 ms","timestamp":"2026-09-20T22:20:25.188Z"}
{"details":{"requiredRoles":["admin"],"userRole":"user"},"level":"warn","message":"DOMAIN EXCEPTION: Forbidden: Insufficient permissions","statusCode":403,"timestamp":"2026-09-20T22:20:25.197Z"}
{"level":"info","message":"GET /api/v1/admin/stats 403 103 - 2.065 ms","timestamp":"2026-09-20T22:20:25.198Z"}
{"accountId":"1789942825218x67y8i","level":"info","message":"Account created","timestamp":"2026-09-20T22:20:25.227Z"}
{"level":"info","message":"POST /api/v1/accounts 201 139 - 12.192 ms","timestamp":"2026-09-20T22:20:25.228Z"}
{"level":"info","message":"POST /api/v1/auth/token 200 315 - 1.253 ms","timestamp":"2026-09-20T22:20:25.236Z"}
{"level":"info","message":"GET /api/v1/admin/stats 200 66 - 11.004 ms","timestamp":"2026-09-20T22:20:25.254Z"}
{"level":"info","message":"POST /api/v1/auth/signup 201 563 - 137.406 ms","timestamp":"2026-09-20T22:20:25.327Z"}
{"accountId":"1789942825335gbx4de","level":"info","message":"Account created","timestamp":"2026-09-20T22:20:25.343Z"}
{"level":"info","message":"POST /api/v1/accounts 201 122 - 9.076 ms","timestamp":"2026-09-20T22:20:25.344Z"}
{"details":{"id":"not-alice-account","resource":"Account"},"level":"warn","message":"DOMAIN EXCEPTION: Cannot initiate transfer from an account you do not own","statusCode":403,"timestamp":"2026-09-20T22:20:25.365Z"}
{"level":"info","message":"POST /api/v1/transfers 403 125 - 15.709 ms","timestamp":"2026-09-20T22:20:25.366Z"}
{"level":"info","message":"POST /api/v1/auth/signup 201 563 - 221.654 ms","timestamp":"2026-09-20T22:20:25.631Z"}
{"errors":[{"code":"custom","message":"Cannot transfer to the same account","path":["toAccountId"]}],"level":"error","message":"Validation error:","timestamp":"2026-09-20T22:20:25.639Z"}
{"level":"info","message":"POST /api/v1/transfers 400 100 - 1.671 ms","timestamp":"2026-09-20T22:20:25.641Z"}
{"level":"info","message":"POST /api/v1/auth/signup 201 563 - 138.778 ms","timestamp":"2026-09-20T22:20:25.812Z"}
{"details":{"fromBalance":"100000","transferAmount":"500000"},"level":"warn","message":"DOMAIN EXCEPTION: Insufficient funds","statusCode":400,"timestamp":"2026-09-20T22:20:25.830Z"}
{"level":"info","message":"POST /api/v1/transfers 400 91 - 1988.959 ms","timestamp":"2026-09-20T22:20:25.832Z"}
{"details":{"id":"nonexistent-destination","reason":"Not Found","resource":"Account"},"level":"warn","message":"DOMAIN EXCEPTION: Account not found","statusCode":404,"timestamp":"2026-09-20T22:20:26.523Z"}
{"level":"info","message":"POST /api/v1/transfers 404 114 - 707.059 ms","timestamp":"2026-09-20T22:20:26.525Z"}
{"amount":"35000","fromAccountId":"1789942823753spiyc1","initiatedBy":"1789942823694b17ybj","level":"info","message":"Transfer completed","timestamp":"2026-09-20T22:20:26.610Z","toAccountId":"1789942823785qlglli","transferId":"6ab05c2a786381198f7d61fc"}
{"level":"info","message":"POST /api/v1/transfers 201 257 - 771.343 ms","timestamp":"2026-09-20T22:20:26.611Z"}
{"level":"info","message":"GET /api/v1/transfers/6ab05c2a786381198f7d61fc 200 257 - 7.230 ms","timestamp":"2026-09-20T22:20:26.629Z"}
{"level":"info","message":"GET /api/v1/accounts/1789942823753spiyc1 200 133 - 6.314 ms","timestamp":"2026-09-20T22:20:26.644Z"}
{"level":"info","message":"GET /api/v1/accounts/1789942823785qlglli 200 129 - 5.679 ms","timestamp":"2026-09-20T22:20:26.661Z"}
{"level":"info","message":"GET /api/v1/transfers?page=1&limit=10 200 259 - 7.502 ms","timestamp":"2026-09-20T22:20:26.676Z"}
{"level":"info","message":"PATCH /api/v1/accounts/1789942823753spiyc1 200 151 - 18.327 ms","timestamp":"2026-09-20T22:20:26.704Z"}
{"level":"info","message":"DELETE /api/v1/accounts/1789942823785qlglli 200 42 - 9.388 ms","timestamp":"2026-09-20T22:20:26.720Z"}
{"level":"info","message":"POST /api/v1/auth/signup 201 563 - 176.328 ms","timestamp":"2026-09-20T22:20:26.728Z"}
{"accountId":"1789942826735uuuobd","level":"info","message":"Account created","timestamp":"2026-09-20T22:20:26.743Z"}
{"level":"info","message":"POST /api/v1/accounts 201 122 - 9.401 ms","timestamp":"2026-09-20T22:20:26.744Z"}
{"details":{"id":"1789942823785qlglli","reason":"Not Found","resource":"Account"},"level":"warn","message":"DOMAIN EXCEPTION: Account not found","statusCode":404,"timestamp":"2026-09-20T22:20:27.448Z"}
{"level":"info","message":"POST /api/v1/transfers 404 110 - 720.645 ms","timestamp":"2026-09-20T22:20:27.450Z"}
{"amount":"20000","fromAccountId":"1789942826717tvfmcj","initiatedBy":"1789942826711sxdqpu","level":"info","message":"Transfer completed","timestamp":"2026-09-20T22:20:27.517Z","toAccountId":"1789942826735uuuobd","transferId":"6ab05c2b6591f3e4c4d06f44"}
{"level":"info","message":"POST /api/v1/transfers 201 257 - 767.289 ms","timestamp":"2026-09-20T22:20:27.519Z"}
{"level":"info","message":"GET /api/v1/accounts/1789942826717tvfmcj 200 126 - 5.029 ms","timestamp":"2026-09-20T22:20:27.532Z"}
{"level":"info","message":"GET /api/v1/accounts/1789942826735uuuobd 200 122 - 4.308 ms","timestamp":"2026-09-20T22:20:27.545Z"}
{"level":"info","message":"POST /api/v1/auth/signup 201 561 - 170.078 ms","timestamp":"2026-09-20T22:20:27.741Z"}
{"accountId":"1789942827749pmnu2r","level":"info","message":"Account created","timestamp":"2026-09-20T22:20:27.801Z"}
{"level":"info","message":"POST /api/v1/accounts 201 122 - 52.975 ms","timestamp":"2026-09-20T22:20:27.802Z"}
{"details":{"fromBalance":"10000","transferAmount":"20000"},"level":"warn","message":"DOMAIN EXCEPTION: Insufficient funds","statusCode":400,"timestamp":"2026-09-20T22:20:28.451Z"}
{"level":"info","message":"POST /api/v1/transfers 400 89 - 637.505 ms","timestamp":"2026-09-20T22:20:28.452Z"}
{"level":"info","message":"POST /api/v1/auth/signup 201 563 - 138.372 ms","timestamp":"2026-09-20T22:20:28.619Z"}
{"accountId":"1789942828627onhb7z","level":"info","message":"Account created","timestamp":"2026-09-20T22:20:28.635Z"}
{"level":"info","message":"POST /api/v1/accounts 201 122 - 9.034 ms","timestamp":"2026-09-20T22:20:28.636Z"}
{"amount":"10000","fromAccountId":"1789942828611putss0","initiatedBy":"1789942828604spkx5u","level":"info","message":"Transfer completed","timestamp":"2026-09-20T22:20:29.451Z","toAccountId":"1789942828627onhb7z","transferId":"6ab05c2d6591f3e4c4d06f4c"}
{"level":"info","message":"POST /api/v1/transfers 201 257 - 808.862 ms","timestamp":"2026-09-20T22:20:29.453Z"}
{"amount":"10000","fromAccountId":"1789942828611putss0","initiatedBy":"1789942828604spkx5u","level":"info","message":"Transfer completed","timestamp":"2026-09-20T22:20:29.615Z","toAccountId":"1789942828627onhb7z","transferId":"6ab05c2d6591f3e4c4d06f4c"}
{"level":"info","message":"POST /api/v1/transfers 201 257 - 146.275 ms","timestamp":"2026-09-20T22:20:29.618Z"}
{"level":"info","message":"GET /api/v1/accounts/1789942828611putss0 200 126 - 7.462 ms","timestamp":"2026-09-20T22:20:29.643Z"}
{"level":"info","message":"POST /api/v1/auth/signup 201 563 - 140.241 ms","timestamp":"2026-09-20T22:20:29.834Z"}
{"accountId":"1789942829843oxekir","level":"info","message":"Account created","timestamp":"2026-09-20T22:20:29.853Z"}
{"level":"info","message":"POST /api/v1/accounts 201 122 - 10.722 ms","timestamp":"2026-09-20T22:20:29.854Z"}
{"amount":"10000","fromAccountId":"1789942829823jpkzs9","initiatedBy":"1789942829816ypje9t","level":"info","message":"Transfer completed","timestamp":"2026-09-20T22:20:30.648Z","toAccountId":"1789942829843oxekir","transferId":"6ab05c2e6591f3e4c4d06f51"}
{"level":"info","message":"POST /api/v1/transfers 201 257 - 784.791 ms","timestamp":"2026-09-20T22:20:30.649Z"}
{"details":null,"level":"warn","message":"DOMAIN EXCEPTION: Idempotency key reused with different request body","statusCode":422,"timestamp":"2026-09-20T22:20:30.853Z"}
{"level":"info","message":"POST /api/v1/transfers 422 62 - 197.872 ms","timestamp":"2026-09-20T22:20:30.854Z"}
{"error":"Connection lost","key":"lock:key","level":"warn","message":"Failed to release lock","timestamp":"2026-09-20T22:20:48.928Z"}
{"error":"Connection lost","key":"lock:key","level":"warn","message":"Failed to release lock","timestamp":"2026-09-20T22:20:56.835Z"}
{"accountId":"acc-bob","level":"info","message":"Account created","timestamp":"2026-09-20T22:20:58.176Z"}
{"amount":"5000","fromAccountId":"acc-1","initiatedBy":"usr-1","level":"info","message":"Transfer completed","timestamp":"2026-09-20T22:20:58.243Z","toAccountId":"acc-2","transferId":"tr-1"}
{"details":null,"level":"warn","message":"DOMAIN EXCEPTION: Authentication required","statusCode":401,"timestamp":"2026-09-20T22:21:01.651Z"}
{"level":"info","message":"GET /api/v1/accounts 401 35 - 24.061 ms","timestamp":"2026-09-20T22:21:01.685Z"}
{"details":null,"level":"warn","message":"DOMAIN EXCEPTION: Authentication required","statusCode":401,"timestamp":"2026-09-20T22:21:01.872Z"}
{"level":"info","message":"POST /api/v1/transfers 401 35 - 72.909 ms","timestamp":"2026-09-20T22:21:01.893Z"}
{"details":null,"level":"warn","message":"DOMAIN EXCEPTION: Authentication required","statusCode":401,"timestamp":"2026-09-20T22:21:01.934Z"}
{"level":"info","message":"GET /api/v1/accounts 401 35 - 17.880 ms","timestamp":"2026-09-20T22:21:02.001Z"}
{"details":null,"level":"warn","message":"DOMAIN EXCEPTION: Admin or Superadmin cannot perform this action","statusCode":403,"timestamp":"2026-09-20T22:21:02.014Z"}
{"level":"info","message":"POST /api/v1/transfers 403 58 - 6.547 ms","timestamp":"2026-09-20T22:21:02.017Z"}
{"level":"info","message":"GET /api/v1/accounts 200 2 - 70.118 ms","timestamp":"2026-09-20T22:21:02.163Z"}
{"accountId":"1789942861846t1cb3a","level":"info","message":"Account created","timestamp":"2026-09-20T22:21:02.169Z"}
{"level":"info","message":"POST /api/v1/auth/token 200 303 - 8.205 ms","timestamp":"2026-09-20T22:21:02.225Z"}
{"level":"info","message":"POST /api/v1/accounts 201 129 - 363.339 ms","timestamp":"2026-09-20T22:21:02.227Z"}
{"accountId":"1789942862281fjl1qd","level":"info","message":"Account created","timestamp":"2026-09-20T22:21:02.294Z"}
{"level":"info","message":"POST /api/v1/accounts 201 134 - 14.756 ms","timestamp":"2026-09-20T22:21:02.296Z"}
{"details":{"email":"duplicate@example.com","resource":"Account"},"level":"warn","message":"DOMAIN EXCEPTION: Account already exists for this email","statusCode":409,"timestamp":"2026-09-20T22:21:02.313Z"}
{"level":"info","message":"POST /api/v1/accounts 409 114 - 10.417 ms","timestamp":"2026-09-20T22:21:02.315Z"}
{"level":"info","message":"POST /api/v1/auth/signup 201 563 - 303.836 ms","timestamp":"2026-09-20T22:21:02.353Z"}
{"level":"info","message":"GET /api/v1/accounts 200 2 - 11.204 ms","timestamp":"2026-09-20T22:21:02.362Z"}
{"errors":[{"code":"custom","message":"Idempotency-Key header is required","path":["idempotency-key"]}],"level":"error","message":"Validation error:","timestamp":"2026-09-20T22:21:02.365Z"}
{"level":"info","message":"POST /api/v1/transfers 400 103 - 3.704 ms","timestamp":"2026-09-20T22:21:02.367Z"}
{"details":null,"level":"warn","message":"DOMAIN EXCEPTION: Authentication required","statusCode":401,"timestamp":"2026-09-20T22:21:02.388Z"}
{"level":"info","message":"GET /api/v1/accounts 401 35 - 1.579 ms","timestamp":"2026-09-20T22:21:02.390Z"}
{"accountId":"1789942862415r3u7ac","level":"info","message":"Account created","timestamp":"2026-09-20T22:21:02.428Z"}
{"level":"info","message":"POST /api/v1/accounts 201 142 - 13.833 ms","timestamp":"2026-09-20T22:21:02.429Z"}
{"level":"info","message":"DELETE /api/v1/accounts/1789942862415r3u7ac 200 42 - 21.072 ms","timestamp":"2026-09-20T22:21:02.460Z"}
{"accountId":"1789942862491rjde2s","level":"info","message":"Account created","timestamp":"2026-09-20T22:21:02.502Z"}
{"level":"info","message":"POST /api/v1/accounts 201 133 - 12.436 ms","timestamp":"2026-09-20T22:21:02.504Z"}
{"level":"info","message":"POST /api/v1/auth/signup 201 597 - 258.363 ms","timestamp":"2026-09-20T22:21:02.512Z"}
{"accountId":"17899428625148ltpq8","level":"info","message":"Account created","timestamp":"2026-09-20T22:21:02.523Z"}
{"level":"info","message":"POST /api/v1/accounts 201 138 - 10.509 ms","timestamp":"2026-09-20T22:21:02.525Z"}
{"level":"info","message":"GET /api/v1/auth/me 200 138 - 18.124 ms","timestamp":"2026-09-20T22:21:02.541Z"}
{"level":"info","message":"DELETE /api/v1/accounts/17899428625148ltpq8 200 42 - 10.974 ms","timestamp":"2026-09-20T22:21:02.547Z"}
{"level":"info","message":"GET /api/v1/accounts 200 135 - 6.230 ms","timestamp":"2026-09-20T22:21:02.562Z"}
{"details":{"id":"non-existent-account-id","reason":"Not Found","resource":"Account"},"level":"warn","message":"DOMAIN EXCEPTION: Account not found","statusCode":404,"timestamp":"2026-09-20T22:21:02.601Z"}
{"level":"info","message":"DELETE /api/v1/accounts/non-existent-account-id 404 114 - 5.920 ms","timestamp":"2026-09-20T22:21:02.602Z"}
{"level":"info","message":"POST /api/v1/auth/signup 201 587 - 388.292 ms","timestamp":"2026-09-20T22:21:02.636Z"}
{"accountId":"1789942862650dzgtvc","level":"info","message":"Account created","timestamp":"2026-09-20T22:21:02.662Z"}
{"level":"info","message":"POST /api/v1/accounts 201 129 - 17.157 ms","timestamp":"2026-09-20T22:21:02.664Z"}
{"details":{"email":"alice@example.com","resource":"Account"},"level":"warn","message":"DOMAIN EXCEPTION: Account already exists for this email","statusCode":409,"timestamp":"2026-09-20T22:21:02.683Z"}
{"level":"info","message":"POST /api/v1/accounts 409 110 - 9.620 ms","timestamp":"2026-09-20T22:21:02.684Z"}
{"errors":[{"code":"too_small","exact":false,"inclusive":false,"message":"Amount must be a positive number","minimum":0,"path":["amountMinor"],"type":"number"},{"code":"too_small","exact":false,"inclusive":true,"message":"Amount must be at least 1","minimum":1,"path":["amountMinor"],"type":"number"}],"level":"error","message":"Validation error:","timestamp":"2026-09-20T22:21:02.697Z"}
{"level":"info","message":"POST /api/v1/transfers 400 301 - 3.962 ms","timestamp":"2026-09-20T22:21:02.699Z"}
{"level":"info","message":"POST /api/v1/auth/signup 201 595 - 198.199 ms","timestamp":"2026-09-20T22:21:02.770Z"}
{"details":{"email":"duplicate@test.com"},"level":"warn","message":"DOMAIN EXCEPTION: User with this email already exists","statusCode":409,"timestamp":"2026-09-20T22:21:02.786Z"}
{"level":"info","message":"POST /api/v1/auth/signup 409 88 - 6.519 ms","timestamp":"2026-09-20T22:21:02.788Z"}
{"details":null,"level":"warn","message":"DOMAIN EXCEPTION: Authenticated user not found","statusCode":401,"timestamp":"2026-09-20T22:21:02.914Z"}
{"level":"info","message":"POST /api/v1/transfers 401 40 - 518.459 ms","timestamp":"2026-09-20T22:21:02.916Z"}
{"level":"info","message":"POST /api/v1/auth/signup 201 563 - 264.945 ms","timestamp":"2026-09-20T22:21:03.207Z"}
{"level":"info","message":"POST /api/v1/auth/login 200 315 - 154.126 ms","timestamp":"2026-09-20T22:21:03.268Z"}
{"level":"info","message":"POST /api/v1/auth/signup 201 548 - 151.920 ms","timestamp":"2026-09-20T22:21:03.369Z"}
{"details":{"id":"178994286319450kjt4","resource":"Account"},"level":"warn","message":"DOMAIN EXCEPTION: Cannot initiate transfer from an account you do not own","statusCode":403,"timestamp":"2026-09-20T22:21:03.388Z"}
{"level":"info","message":"POST /api/v1/transfers 403 127 - 10.922 ms","timestamp":"2026-09-20T22:21:03.389Z"}
{"level":"info","message":"GET /api/v1/accounts/178994286319450kjt4 200 128 - 7.632 ms","timestamp":"2026-09-20T22:21:03.407Z"}
{"level":"info","message":"POST /api/v1/auth/signup 201 563 - 153.768 ms","timestamp":"2026-09-20T22:21:03.590Z"}
{"level":"info","message":"POST /api/v1/auth/login 200 438 - 143.876 ms","timestamp":"2026-09-20T22:21:03.600Z"}
{"accountId":"17899428636003qim9k","level":"info","message":"Account created","timestamp":"2026-09-20T22:21:03.611Z"}
{"level":"info","message":"POST /api/v1/accounts 201 122 - 13.409 ms","timestamp":"2026-09-20T22:21:03.613Z"}
{"level":"info","message":"GET /api/v1/auth/me 200 134 - 9.049 ms","timestamp":"2026-09-20T22:21:03.621Z"}
{"details":{"id":"not-alice-account","resource":"Account"},"level":"warn","message":"DOMAIN EXCEPTION: Cannot initiate transfer from an account you do not own","statusCode":403,"timestamp":"2026-09-20T22:21:03.638Z"}
{"level":"info","message":"POST /api/v1/transfers 403 125 - 9.212 ms","timestamp":"2026-09-20T22:21:03.639Z"}
{"details":{"fromBalance":"100000","transferAmount":"500000"},"level":"warn","message":"DOMAIN EXCEPTION: Insufficient funds","statusCode":400,"timestamp":"2026-09-20T22:21:03.827Z"}
{"level":"info","message":"POST /api/v1/transfers 400 91 - 1119.019 ms","timestamp":"2026-09-20T22:21:03.828Z"}
{"level":"info","message":"POST /api/v1/auth/signup 201 563 - 392.402 ms","timestamp":"2026-09-20T22:21:04.077Z"}
{"errors":[{"code":"custom","message":"Cannot transfer to the same account","path":["toAccountId"]}],"level":"error","message":"Validation error:","timestamp":"2026-09-20T22:21:04.083Z"}
{"level":"info","message":"POST /api/v1/transfers 400 100 - 1.063 ms","timestamp":"2026-09-20T22:21:04.084Z"}
{"details":null,"level":"warn","message":"DOMAIN EXCEPTION: Invalid email or password","statusCode":401,"timestamp":"2026-09-20T22:21:04.150Z"}
{"level":"info","message":"POST /api/v1/auth/login 401 37 - 135.753 ms","timestamp":"2026-09-20T22:21:04.153Z"}
{"details":null,"level":"warn","message":"DOMAIN EXCEPTION: Authentication required","statusCode":401,"timestamp":"2026-09-20T22:21:04.178Z"}
{"level":"info","message":"GET /api/v1/auth/me 401 35 - 1.259 ms","timestamp":"2026-09-20T22:21:04.179Z"}
{"details":null,"level":"warn","message":"DOMAIN EXCEPTION: Authentication required","statusCode":401,"timestamp":"2026-09-20T22:21:04.201Z"}
{"level":"info","message":"GET /api/v1/admin/stats 401 35 - 1.352 ms","timestamp":"2026-09-20T22:21:04.202Z"}
{"level":"info","message":"POST /api/v1/auth/token 200 305 - 1.020 ms","timestamp":"2026-09-20T22:21:04.224Z"}
{"details":{"requiredRoles":["admin"],"userRole":"user"},"level":"warn","message":"DOMAIN EXCEPTION: Forbidden: Insufficient permissions","statusCode":403,"timestamp":"2026-09-20T22:21:04.233Z"}
{"level":"info","message":"GET /api/v1/admin/stats 403 103 - 2.739 ms","timestamp":"2026-09-20T22:21:04.234Z"}
{"accountId":"17899428642600ddyeo","level":"info","message":"Account created","timestamp":"2026-09-20T22:21:04.271Z"}
{"level":"info","message":"POST /api/v1/accounts 201 139 - 16.798 ms","timestamp":"2026-09-20T22:21:04.272Z"}
{"level":"info","message":"POST /api/v1/auth/token 200 315 - 1.169 ms","timestamp":"2026-09-20T22:21:04.282Z"}
{"level":"info","message":"GET /api/v1/admin/stats 200 66 - 15.019 ms","timestamp":"2026-09-20T22:21:04.304Z"}
{"level":"info","message":"POST /api/v1/auth/signup 201 563 - 206.813 ms","timestamp":"2026-09-20T22:21:04.341Z"}
{"amount":"35000","fromAccountId":"17899428626201li4gb","initiatedBy":"1789942862562ue4b8a","level":"info","message":"Transfer completed","timestamp":"2026-09-20T22:21:04.644Z","toAccountId":"1789942862650dzgtvc","transferId":"6ab05c50c88723807a2de19d"}
{"level":"info","message":"POST /api/v1/transfers 201 257 - 808.996 ms","timestamp":"2026-09-20T22:21:04.645Z"}
{"level":"info","message":"GET /api/v1/transfers/6ab05c50c88723807a2de19d 200 257 - 7.356 ms","timestamp":"2026-09-20T22:21:04.661Z"}
{"level":"info","message":"GET /api/v1/accounts/17899428626201li4gb 200 133 - 6.870 ms","timestamp":"2026-09-20T22:21:04.676Z"}
{"level":"info","message":"GET /api/v1/accounts/1789942862650dzgtvc 200 129 - 5.375 ms","timestamp":"2026-09-20T22:21:04.692Z"}
{"level":"info","message":"GET /api/v1/transfers?page=1&limit=10 200 259 - 6.733 ms","timestamp":"2026-09-20T22:21:04.707Z"}
{"level":"info","message":"PATCH /api/v1/accounts/17899428626201li4gb 200 151 - 102.504 ms","timestamp":"2026-09-20T22:21:04.819Z"}
{"level":"info","message":"DELETE /api/v1/accounts/1789942862650dzgtvc 200 42 - 8.820 ms","timestamp":"2026-09-20T22:21:04.840Z"}
{"details":{"id":"nonexistent-destination","reason":"Not Found","resource":"Account"},"level":"warn","message":"DOMAIN EXCEPTION: Account not found","statusCode":404,"timestamp":"2026-09-20T22:21:04.958Z"}
{"level":"info","message":"POST /api/v1/transfers 404 114 - 609.235 ms","timestamp":"2026-09-20T22:21:04.959Z"}
{"level":"info","message":"POST /api/v1/auth/signup 201 563 - 153.809 ms","timestamp":"2026-09-20T22:21:05.163Z"}
{"accountId":"1789942865168mfpeik","level":"info","message":"Account created","timestamp":"2026-09-20T22:21:05.177Z"}
{"level":"info","message":"POST /api/v1/accounts 201 122 - 9.803 ms","timestamp":"2026-09-20T22:21:05.178Z"}
{"details":{"id":"1789942862650dzgtvc","reason":"Not Found","resource":"Account"},"level":"warn","message":"DOMAIN EXCEPTION: Account not found","statusCode":404,"timestamp":"2026-09-20T22:21:05.510Z"}
{"level":"info","message":"POST /api/v1/transfers 404 110 - 663.906 ms","timestamp":"2026-09-20T22:21:05.513Z"}
{"amount":"20000","fromAccountId":"1789942865154p7mv7r","initiatedBy":"1789942865149gk0m3y","level":"info","message":"Transfer completed","timestamp":"2026-09-20T22:21:05.875Z","toAccountId":"1789942865168mfpeik","transferId":"6ab05c5146c4f997127f1713"}
{"level":"info","message":"POST /api/v1/transfers 201 257 - 692.498 ms","timestamp":"2026-09-20T22:21:05.876Z"}
{"level":"info","message":"GET /api/v1/accounts/1789942865154p7mv7r 200 126 - 5.506 ms","timestamp":"2026-09-20T22:21:05.890Z"}
{"level":"info","message":"GET /api/v1/accounts/1789942865168mfpeik 200 122 - 4.474 ms","timestamp":"2026-09-20T22:21:05.902Z"}
{"level":"info","message":"POST /api/v1/auth/signup 201 561 - 143.727 ms","timestamp":"2026-09-20T22:21:06.098Z"}
{"accountId":"1789942866105g75q6q","level":"info","message":"Account created","timestamp":"2026-09-20T22:21:06.111Z"}
{"level":"info","message":"POST /api/v1/accounts 201 122 - 6.856 ms","timestamp":"2026-09-20T22:21:06.112Z"}
{"details":{"fromBalance":"10000","transferAmount":"20000"},"level":"warn","message":"DOMAIN EXCEPTION: Insufficient funds","statusCode":400,"timestamp":"2026-09-20T22:21:06.708Z"}
{"level":"info","message":"POST /api/v1/transfers 400 89 - 592.226 ms","timestamp":"2026-09-20T22:21:06.709Z"}
{"level":"info","message":"POST /api/v1/auth/signup 201 563 - 133.269 ms","timestamp":"2026-09-20T22:21:06.867Z"}
{"accountId":"1789942866874cs7omt","level":"info","message":"Account created","timestamp":"2026-09-20T22:21:06.882Z"}
{"level":"info","message":"POST /api/v1/accounts 201 122 - 8.757 ms","timestamp":"2026-09-20T22:21:06.883Z"}
{"amount":"10000","fromAccountId":"17899428668587cidjr","initiatedBy":"1789942866854t4smsl","level":"info","message":"Transfer completed","timestamp":"2026-09-20T22:21:07.923Z","toAccountId":"1789942866874cs7omt","transferId":"6ab05c5346c4f997127f171b"}
{"level":"info","message":"POST /api/v1/transfers 201 257 - 1032.583 ms","timestamp":"2026-09-20T22:21:07.924Z"}
{"amount":"10000","fromAccountId":"17899428668587cidjr","initiatedBy":"1789942866854t4smsl","level":"info","message":"Transfer completed","timestamp":"2026-09-20T22:21:08.127Z","toAccountId":"1789942866874cs7omt","transferId":"6ab05c5346c4f997127f171b"}
{"level":"info","message":"POST /api/v1/transfers 201 257 - 190.827 ms","timestamp":"2026-09-20T22:21:08.128Z"}
{"level":"info","message":"GET /api/v1/accounts/17899428668587cidjr 200 126 - 4.039 ms","timestamp":"2026-09-20T22:21:08.139Z"}
{"level":"info","message":"POST /api/v1/auth/signup 201 563 - 159.461 ms","timestamp":"2026-09-20T22:21:08.326Z"}
{"accountId":"17899428683321xisc3","level":"info","message":"Account created","timestamp":"2026-09-20T22:21:08.340Z"}
{"level":"info","message":"POST /api/v1/accounts 201 122 - 8.570 ms","timestamp":"2026-09-20T22:21:08.341Z"}
{"amount":"10000","fromAccountId":"1789942868319dk4k9h","initiatedBy":"1789942868313zjew2i","level":"info","message":"Transfer completed","timestamp":"2026-09-20T22:21:09.151Z","toAccountId":"17899428683321xisc3","transferId":"6ab05c5446c4f997127f1720"}
{"level":"info","message":"POST /api/v1/transfers 201 257 - 804.017 ms","timestamp":"2026-09-20T22:21:09.152Z"}
{"details":null,"level":"warn","message":"DOMAIN EXCEPTION: Idempotency key reused with different request body","statusCode":422,"timestamp":"2026-09-20T22:21:09.357Z"}
{"level":"info","message":"POST /api/v1/transfers 422 62 - 197.974 ms","timestamp":"2026-09-20T22:21:09.358Z"}
{"accountId":"1789980954686e68iqz","level":"info","message":"Account created","timestamp":"2026-09-21T08:55:54.864Z"}
{"level":"info","message":"POST /api/v1/accounts 201 129 - 189.257 ms","timestamp":"2026-09-21T08:55:54.876Z"}
{"accountId":"17899809549172nwp8k","level":"info","message":"Account created","timestamp":"2026-09-21T08:55:54.926Z"}
{"level":"info","message":"POST /api/v1/accounts 201 134 - 10.180 ms","timestamp":"2026-09-21T08:55:54.926Z"}
{"details":{"email":"duplicate@example.com","resource":"Account"},"level":"warn","message":"DOMAIN EXCEPTION: Account already exists for this email","statusCode":409,"timestamp":"2026-09-21T08:55:54.940Z"}
{"level":"info","message":"POST /api/v1/accounts 409 114 - 8.056 ms","timestamp":"2026-09-21T08:55:54.942Z"}
{"accountId":"1789980954962iorlel","level":"info","message":"Account created","timestamp":"2026-09-21T08:55:54.973Z"}
{"level":"info","message":"POST /api/v1/accounts 201 140 - 11.891 ms","timestamp":"2026-09-21T08:55:54.974Z"}
{"errors":[{"code":"too_small","exact":false,"inclusive":true,"message":"User ID cannot be empty","minimum":1,"path":["userId"],"type":"string"}],"level":"error","message":"Validation error:","timestamp":"2026-09-21T08:55:54.996Z"}
{"level":"info","message":"POST /api/v1/accounts 400 145 - 1.858 ms","timestamp":"2026-09-21T08:55:54.997Z"}
{"level":"info","message":"GET /api/v1/accounts 200 2 - 7.273 ms","timestamp":"2026-09-21T08:55:55.026Z"}
{"details":null,"level":"warn","message":"DOMAIN EXCEPTION: Authentication required","statusCode":401,"timestamp":"2026-09-21T08:55:55.041Z"}
{"level":"info","message":"GET /api/v1/accounts 401 35 - 1.064 ms","timestamp":"2026-09-21T08:55:55.042Z"}
{"accountId":"1789980955057gzud8h","level":"info","message":"Account created","timestamp":"2026-09-21T08:55:55.066Z"}
{"level":"info","message":"POST /api/v1/accounts 201 142 - 9.173 ms","timestamp":"2026-09-21T08:55:55.066Z"}
{"level":"info","message":"DELETE /api/v1/accounts/1789980955057gzud8h 200 42 - 17.301 ms","timestamp":"2026-09-21T08:55:55.090Z"}
{"accountId":"1789980955113qslcmi","level":"info","message":"Account created","timestamp":"2026-09-21T08:55:55.120Z"}
{"level":"info","message":"POST /api/v1/accounts 201 133 - 7.947 ms","timestamp":"2026-09-21T08:55:55.121Z"}
{"accountId":"1789980955127p7ucie","level":"info","message":"Account created","timestamp":"2026-09-21T08:55:55.135Z"}
{"level":"info","message":"POST /api/v1/accounts 201 138 - 8.541 ms","timestamp":"2026-09-21T08:55:55.136Z"}
{"level":"info","message":"DELETE /api/v1/accounts/1789980955127p7ucie 200 42 - 8.749 ms","timestamp":"2026-09-21T08:55:55.150Z"}
{"level":"info","message":"GET /api/v1/accounts 200 135 - 3.258 ms","timestamp":"2026-09-21T08:55:55.158Z"}
{"details":{"id":"non-existent-account-id","reason":"Not Found","resource":"Account"},"level":"warn","message":"DOMAIN EXCEPTION: Account not found","statusCode":404,"timestamp":"2026-09-21T08:55:55.177Z"}
{"level":"info","message":"DELETE /api/v1/accounts/non-existent-account-id 404 114 - 4.063 ms","timestamp":"2026-09-21T08:55:55.178Z"}
{"accountId":"acc-bob","level":"info","message":"Account created","timestamp":"2026-09-21T08:56:22.906Z"}
{"accountId":"acc-bob","level":"info","message":"Account created","timestamp":"2026-09-21T08:56:22.914Z"}
{"amount":"5000","fromAccountId":"acc-1","initiatedBy":"usr-1","level":"info","message":"Transfer completed","timestamp":"2026-09-21T08:56:22.921Z","toAccountId":"acc-2","transferId":"tr-1"}
{"error":"Connection lost","key":"lock:key","level":"warn","message":"Failed to release lock","timestamp":"2026-09-21T08:56:35.711Z"}
{"accountId":"acc-bob","level":"info","message":"Account created","timestamp":"2026-09-21T08:56:36.760Z"}
{"accountId":"acc-bob","level":"info","message":"Account created","timestamp":"2026-09-21T08:56:36.771Z"}
{"amount":"5000","fromAccountId":"acc-1","initiatedBy":"usr-1","level":"info","message":"Transfer completed","timestamp":"2026-09-21T08:56:36.778Z","toAccountId":"acc-2","transferId":"tr-1"}
{"accountId":"1789980999107umiqav","level":"info","message":"Account created","timestamp":"2026-09-21T08:56:39.261Z"}
{"level":"info","message":"POST /api/v1/accounts 201 129 - 187.386 ms","timestamp":"2026-09-21T08:56:39.286Z"}
{"accountId":"1789980999371otvdsq","level":"info","message":"Account created","timestamp":"2026-09-21T08:56:39.399Z"}
{"level":"info","message":"POST /api/v1/accounts 201 134 - 29.807 ms","timestamp":"2026-09-21T08:56:39.400Z"}
{"details":{"email":"duplicate@example.com","resource":"Account"},"level":"warn","message":"DOMAIN EXCEPTION: Account already exists for this email","statusCode":409,"timestamp":"2026-09-21T08:56:39.419Z"}
{"level":"info","message":"POST /api/v1/accounts 409 114 - 10.290 ms","timestamp":"2026-09-21T08:56:39.421Z"}
{"details":null,"level":"warn","message":"DOMAIN EXCEPTION: Authentication required","statusCode":401,"timestamp":"2026-09-21T08:56:39.419Z"}
{"accountId":"178998099944712lifs","level":"info","message":"Account created","timestamp":"2026-09-21T08:56:39.457Z"}
{"level":"info","message":"POST /api/v1/accounts 201 140 - 11.261 ms","timestamp":"2026-09-21T08:56:39.459Z"}
{"level":"info","message":"GET /api/v1/accounts 401 35 - 17.988 ms","timestamp":"2026-09-21T08:56:39.438Z"}
{"details":null,"level":"warn","message":"DOMAIN EXCEPTION: Authentication required","statusCode":401,"timestamp":"2026-09-21T08:56:39.482Z"}
{"errors":[{"code":"too_small","exact":false,"inclusive":true,"message":"User ID cannot be empty","minimum":1,"path":["userId"],"type":"string"}],"level":"error","message":"Validation error:","timestamp":"2026-09-21T08:56:39.492Z"}
{"level":"info","message":"POST /api/v1/accounts 400 145 - 2.952 ms","timestamp":"2026-09-21T08:56:39.495Z"}
{"level":"info","message":"GET /api/v1/accounts 200 2 - 9.022 ms","timestamp":"2026-09-21T08:56:39.534Z"}
{"level":"info","message":"GET /api/v1/accounts 401 35 - 24.647 ms","timestamp":"2026-09-21T08:56:39.508Z"}
{"details":null,"level":"warn","message":"DOMAIN EXCEPTION: Authentication required","statusCode":401,"timestamp":"2026-09-21T08:56:39.558Z"}
{"level":"info","message":"GET /api/v1/accounts 401 35 - 1.510 ms","timestamp":"2026-09-21T08:56:39.559Z"}
{"accountId":"1789980999583zrxb9k","level":"info","message":"Account created","timestamp":"2026-09-21T08:56:39.596Z"}
{"level":"info","message":"POST /api/v1/accounts 201 142 - 13.689 ms","timestamp":"2026-09-21T08:56:39.597Z"}
{"level":"info","message":"DELETE /api/v1/accounts/1789980999583zrxb9k 200 42 - 19.456 ms","timestamp":"2026-09-21T08:56:39.626Z"}
{"accountId":"1789980999668g5exz9","level":"info","message":"Account created","timestamp":"2026-09-21T08:56:39.677Z"}
{"level":"info","message":"POST /api/v1/accounts 201 133 - 10.633 ms","timestamp":"2026-09-21T08:56:39.679Z"}
{"level":"info","message":"POST /api/v1/auth/token 200 303 - 7.571 ms","timestamp":"2026-09-21T08:56:39.688Z"}
{"accountId":"1789980999687hcf5xe","level":"info","message":"Account created","timestamp":"2026-09-21T08:56:39.696Z"}
{"level":"info","message":"POST /api/v1/accounts 201 138 - 9.838 ms","timestamp":"2026-09-21T08:56:39.697Z"}
{"level":"info","message":"DELETE /api/v1/accounts/1789980999687hcf5xe 200 42 - 9.256 ms","timestamp":"2026-09-21T08:56:39.714Z"}
{"level":"info","message":"GET /api/v1/accounts 200 135 - 6.449 ms","timestamp":"2026-09-21T08:56:39.727Z"}
{"level":"info","message":"GET /api/v1/accounts 200 2 - 113.546 ms","timestamp":"2026-09-21T08:56:39.759Z"}
{"details":{"id":"non-existent-account-id","reason":"Not Found","resource":"Account"},"level":"warn","message":"DOMAIN EXCEPTION: Account not found","statusCode":404,"timestamp":"2026-09-21T08:56:39.756Z"}
{"level":"info","message":"DELETE /api/v1/accounts/non-existent-account-id 404 114 - 5.740 ms","timestamp":"2026-09-21T08:56:39.757Z"}
{"details":null,"level":"warn","message":"DOMAIN EXCEPTION: Authentication required","statusCode":401,"timestamp":"2026-09-21T08:56:39.811Z"}
{"level":"info","message":"POST /api/v1/transfers 401 35 - 21.791 ms","timestamp":"2026-09-21T08:56:39.829Z"}
{"level":"info","message":"POST /api/v1/auth/signup 201 597 - 243.128 ms","timestamp":"2026-09-21T08:56:40.018Z"}
{"details":null,"level":"warn","message":"DOMAIN EXCEPTION: Admin or Superadmin cannot perform this action","statusCode":403,"timestamp":"2026-09-21T08:56:40.019Z"}
{"level":"info","message":"POST /api/v1/transfers 403 58 - 6.244 ms","timestamp":"2026-09-21T08:56:40.021Z"}
{"level":"info","message":"POST /api/v1/auth/signup 201 587 - 250.913 ms","timestamp":"2026-09-21T08:56:40.051Z"}
{"level":"info","message":"GET /api/v1/auth/me 200 138 - 17.523 ms","timestamp":"2026-09-21T08:56:40.046Z"}
{"accountId":"1789981000067tqp62a","level":"info","message":"Account created","timestamp":"2026-09-21T08:56:40.079Z"}
{"level":"info","message":"POST /api/v1/accounts 201 129 - 19.037 ms","timestamp":"2026-09-21T08:56:40.080Z"}
{"details":{"email":"alice@example.com","resource":"Account"},"level":"warn","message":"DOMAIN EXCEPTION: Account already exists for this email","statusCode":409,"timestamp":"2026-09-21T08:56:40.097Z"}
{"level":"info","message":"POST /api/v1/accounts 409 110 - 9.149 ms","timestamp":"2026-09-21T08:56:40.099Z"}
{"errors":[{"code":"too_small","exact":false,"inclusive":false,"message":"Amount must be a positive number","minimum":0,"path":["amountMinor"],"type":"number"},{"code":"too_small","exact":false,"inclusive":true,"message":"Amount must be at least 1","minimum":1,"path":["amountMinor"],"type":"number"}],"level":"error","message":"Validation error:","timestamp":"2026-09-21T08:56:40.110Z"}
{"level":"info","message":"POST /api/v1/transfers 400 301 - 3.386 ms","timestamp":"2026-09-21T08:56:40.112Z"}
{"level":"info","message":"POST /api/v1/auth/signup 201 595 - 151.112 ms","timestamp":"2026-09-21T08:56:40.227Z"}
{"level":"info","message":"POST /api/v1/auth/signup 201 563 - 188.274 ms","timestamp":"2026-09-21T08:56:40.238Z"}
{"details":{"email":"duplicate@test.com"},"level":"warn","message":"DOMAIN EXCEPTION: User with this email already exists","statusCode":409,"timestamp":"2026-09-21T08:56:40.241Z"}
{"level":"info","message":"POST /api/v1/auth/signup 409 88 - 5.789 ms","timestamp":"2026-09-21T08:56:40.243Z"}
{"errors":[{"code":"custom","message":"Idempotency-Key header is required","path":["idempotency-key"]}],"level":"error","message":"Validation error:","timestamp":"2026-09-21T08:56:40.250Z"}
{"level":"info","message":"POST /api/v1/transfers 400 103 - 4.271 ms","timestamp":"2026-09-21T08:56:40.252Z"}
{"level":"info","message":"POST /api/v1/auth/login 200 315 - 115.956 ms","timestamp":"2026-09-21T08:56:40.561Z"}
{"details":null,"level":"warn","message":"DOMAIN EXCEPTION: Authenticated user not found","statusCode":401,"timestamp":"2026-09-21T08:56:40.652Z"}
{"level":"info","message":"POST /api/v1/transfers 401 40 - 367.495 ms","timestamp":"2026-09-21T08:56:40.654Z"}
{"level":"info","message":"POST /api/v1/auth/signup 201 563 - 121.640 ms","timestamp":"2026-09-21T08:56:40.796Z"}
{"level":"info","message":"POST /api/v1/auth/login 200 438 - 112.630 ms","timestamp":"2026-09-21T08:56:40.851Z"}
{"level":"info","message":"GET /api/v1/auth/me 200 134 - 6.683 ms","timestamp":"2026-09-21T08:56:40.866Z"}
{"level":"info","message":"POST /api/v1/auth/signup 201 548 - 126.360 ms","timestamp":"2026-09-21T08:56:40.929Z"}
{"details":{"id":"1789981000787fgbrej","resource":"Account"},"level":"warn","message":"DOMAIN EXCEPTION: Cannot initiate transfer from an account you do not own","statusCode":403,"timestamp":"2026-09-21T08:56:40.949Z"}
{"level":"info","message":"POST /api/v1/transfers 403 127 - 12.932 ms","timestamp":"2026-09-21T08:56:40.950Z"}
{"level":"info","message":"GET /api/v1/accounts/1789981000787fgbrej 200 128 - 4.415 ms","timestamp":"2026-09-21T08:56:40.963Z"}
{"level":"info","message":"POST /api/v1/auth/signup 201 563 - 120.270 ms","timestamp":"2026-09-21T08:56:41.108Z"}
{"details":null,"level":"warn","message":"DOMAIN EXCEPTION: Invalid email or password","statusCode":401,"timestamp":"2026-09-21T08:56:41.111Z"}
{"level":"info","message":"POST /api/v1/auth/login 401 37 - 102.114 ms","timestamp":"2026-09-21T08:56:41.112Z"}
{"accountId":"1789981001114k7jvlc","level":"info","message":"Account created","timestamp":"2026-09-21T08:56:41.126Z"}
{"level":"info","message":"POST /api/v1/accounts 201 122 - 13.455 ms","timestamp":"2026-09-21T08:56:41.127Z"}
{"details":null,"level":"warn","message":"DOMAIN EXCEPTION: Authentication required","statusCode":401,"timestamp":"2026-09-21T08:56:41.136Z"}
{"level":"info","message":"GET /api/v1/auth/me 401 35 - 1.219 ms","timestamp":"2026-09-21T08:56:41.137Z"}
{"details":{"id":"not-alice-account","resource":"Account"},"level":"warn","message":"DOMAIN EXCEPTION: Cannot initiate transfer from an account you do not own","statusCode":403,"timestamp":"2026-09-21T08:56:41.142Z"}
{"level":"info","message":"POST /api/v1/transfers 403 125 - 7.883 ms","timestamp":"2026-09-21T08:56:41.143Z"}
{"details":null,"level":"warn","message":"DOMAIN EXCEPTION: Authentication required","statusCode":401,"timestamp":"2026-09-21T08:56:41.156Z"}
{"level":"info","message":"GET /api/v1/admin/stats 401 35 - 1.582 ms","timestamp":"2026-09-21T08:56:41.157Z"}
{"level":"info","message":"POST /api/v1/auth/token 200 305 - 0.826 ms","timestamp":"2026-09-21T08:56:41.177Z"}
{"details":{"requiredRoles":["admin"],"userRole":"user"},"level":"warn","message":"DOMAIN EXCEPTION: Forbidden: Insufficient permissions","statusCode":403,"timestamp":"2026-09-21T08:56:41.185Z"}
{"level":"info","message":"GET /api/v1/admin/stats 403 103 - 1.618 ms","timestamp":"2026-09-21T08:56:41.186Z"}
{"accountId":"1789981001207ra7rc8","level":"info","message":"Account created","timestamp":"2026-09-21T08:56:41.221Z"}
{"level":"info","message":"POST /api/v1/accounts 201 139 - 17.542 ms","timestamp":"2026-09-21T08:56:41.222Z"}
{"level":"info","message":"POST /api/v1/auth/token 200 315 - 0.990 ms","timestamp":"2026-09-21T08:56:41.229Z"}
{"details":{"fromBalance":"100000","transferAmount":"500000"},"level":"warn","message":"DOMAIN EXCEPTION: Insufficient funds","statusCode":400,"timestamp":"2026-09-21T08:56:41.233Z"}
{"level":"info","message":"POST /api/v1/transfers 400 91 - 1113.435 ms","timestamp":"2026-09-21T08:56:41.235Z"}
{"level":"info","message":"GET /api/v1/admin/stats 200 66 - 21.917 ms","timestamp":"2026-09-21T08:56:41.257Z"}
{"level":"info","message":"POST /api/v1/auth/signup 201 563 - 137.066 ms","timestamp":"2026-09-21T08:56:41.309Z"}
{"errors":[{"code":"custom","message":"Cannot transfer to the same account","path":["toAccountId"]}],"level":"error","message":"Validation error:","timestamp":"2026-09-21T08:56:41.315Z"}
{"level":"info","message":"POST /api/v1/transfers 400 100 - 1.023 ms","timestamp":"2026-09-21T08:56:41.316Z"}
{"level":"info","message":"POST /api/v1/auth/signup 201 563 - 118.060 ms","timestamp":"2026-09-21T08:56:41.456Z"}
{"amount":"35000","fromAccountId":"1789981000031gdvnqw","initiatedBy":"1789980999973bim4os","level":"info","message":"Transfer completed","timestamp":"2026-09-21T08:56:41.876Z","toAccountId":"1789981000067tqp62a","transferId":"6ab0f149843bc4329aa062a5"}
{"level":"info","message":"POST /api/v1/transfers 201 257 - 635.294 ms","timestamp":"2026-09-21T08:56:41.878Z"}
{"level":"info","message":"GET /api/v1/transfers/6ab0f149843bc4329aa062a5 200 257 - 8.765 ms","timestamp":"2026-09-21T08:56:41.901Z"}
{"level":"info","message":"GET /api/v1/accounts/1789981000031gdvnqw 200 133 - 5.586 ms","timestamp":"2026-09-21T08:56:41.917Z"}
{"level":"info","message":"GET /api/v1/accounts/1789981000067tqp62a 200 129 - 3.799 ms","timestamp":"2026-09-21T08:56:41.929Z"}
{"level":"info","message":"GET /api/v1/transfers?page=1&limit=10 200 259 - 3.991 ms","timestamp":"2026-09-21T08:56:41.937Z"}
{"level":"info","message":"PATCH /api/v1/accounts/1789981000031gdvnqw 200 151 - 9.831 ms","timestamp":"2026-09-21T08:56:41.953Z"}
{"level":"info","message":"DELETE /api/v1/accounts/1789981000067tqp62a 200 42 - 5.880 ms","timestamp":"2026-09-21T08:56:41.963Z"}
{"details":{"id":"nonexistent-destination","reason":"Not Found","resource":"Account"},"level":"warn","message":"DOMAIN EXCEPTION: Account not found","statusCode":404,"timestamp":"2026-09-21T08:56:42.207Z"}
{"level":"info","message":"POST /api/v1/transfers 404 114 - 745.924 ms","timestamp":"2026-09-21T08:56:42.209Z"}
{"level":"info","message":"POST /api/v1/auth/signup 201 563 - 86.552 ms","timestamp":"2026-09-21T08:56:42.551Z"}
{"accountId":"1789981002554yztqjq","level":"info","message":"Account created","timestamp":"2026-09-21T08:56:42.559Z"}
{"level":"info","message":"POST /api/v1/accounts 201 122 - 5.503 ms","timestamp":"2026-09-21T08:56:42.560Z"}
{"details":{"id":"1789981000067tqp62a","reason":"Not Found","resource":"Account"},"level":"warn","message":"DOMAIN EXCEPTION: Account not found","statusCode":404,"timestamp":"2026-09-21T08:56:42.769Z"}
{"level":"info","message":"POST /api/v1/transfers 404 110 - 801.130 ms","timestamp":"2026-09-21T08:56:42.769Z"}
{"amount":"20000","fromAccountId":"1789981002545gz6w7r","initiatedBy":"1789981002541mjctvc","level":"info","message":"Transfer completed","timestamp":"2026-09-21T08:56:43.373Z","toAccountId":"1789981002554yztqjq","transferId":"6ab0f14b6783424110b6167d"}
{"level":"info","message":"POST /api/v1/transfers 201 257 - 809.836 ms","timestamp":"2026-09-21T08:56:43.374Z"}
{"level":"info","message":"GET /api/v1/accounts/1789981002545gz6w7r 200 126 - 4.125 ms","timestamp":"2026-09-21T08:56:43.385Z"}
{"level":"info","message":"GET /api/v1/accounts/1789981002554yztqjq 200 122 - 3.999 ms","timestamp":"2026-09-21T08:56:43.396Z"}
{"level":"info","message":"POST /api/v1/auth/signup 201 561 - 78.526 ms","timestamp":"2026-09-21T08:56:43.501Z"}
{"accountId":"17899810035043ruvvc","level":"info","message":"Account created","timestamp":"2026-09-21T08:56:43.509Z"}
{"level":"info","message":"POST /api/v1/accounts 201 122 - 5.578 ms","timestamp":"2026-09-21T08:56:43.509Z"}
{"details":{"fromBalance":"10000","transferAmount":"20000"},"level":"warn","message":"DOMAIN EXCEPTION: Insufficient funds","statusCode":400,"timestamp":"2026-09-21T08:56:44.239Z"}
{"level":"info","message":"POST /api/v1/transfers 400 89 - 726.281 ms","timestamp":"2026-09-21T08:56:44.240Z"}
{"level":"info","message":"POST /api/v1/auth/signup 201 563 - 81.832 ms","timestamp":"2026-09-21T08:56:44.342Z"}
{"accountId":"1789981004346jig3fh","level":"info","message":"Account created","timestamp":"2026-09-21T08:56:44.352Z"}
{"level":"info","message":"POST /api/v1/accounts 201 122 - 6.065 ms","timestamp":"2026-09-21T08:56:44.352Z"}
{"amount":"10000","fromAccountId":"17899810043365ybtf4","initiatedBy":"1789981004332lcuq5j","level":"info","message":"Transfer completed","timestamp":"2026-09-21T08:56:45.069Z","toAccountId":"1789981004346jig3fh","transferId":"6ab0f14c6783424110b61685"}
{"level":"info","message":"POST /api/v1/transfers 201 257 - 713.497 ms","timestamp":"2026-09-21T08:56:45.070Z"}
{"amount":"10000","fromAccountId":"17899810043365ybtf4","initiatedBy":"1789981004332lcuq5j","level":"info","message":"Transfer completed","timestamp":"2026-09-21T08:56:45.205Z","toAccountId":"1789981004346jig3fh","transferId":"6ab0f14c6783424110b61685"}
{"level":"info","message":"POST /api/v1/transfers 201 257 - 131.064 ms","timestamp":"2026-09-21T08:56:45.205Z"}
{"level":"info","message":"GET /api/v1/accounts/17899810043365ybtf4 200 126 - 2.633 ms","timestamp":"2026-09-21T08:56:45.211Z"}
{"level":"info","message":"POST /api/v1/auth/signup 201 563 - 74.953 ms","timestamp":"2026-09-21T08:56:45.304Z"}
{"accountId":"1789981005308344o4s","level":"info","message":"Account created","timestamp":"2026-09-21T08:56:45.314Z"}
{"level":"info","message":"POST /api/v1/accounts 201 122 - 6.209 ms","timestamp":"2026-09-21T08:56:45.314Z"}
{"amount":"10000","fromAccountId":"17899810052983xca5a","initiatedBy":"17899810052935mwbos","level":"info","message":"Transfer completed","timestamp":"2026-09-21T08:56:46.029Z","toAccountId":"1789981005308344o4s","transferId":"6ab0f14d6783424110b6168a"}
{"level":"info","message":"POST /api/v1/transfers 201 257 - 711.769 ms","timestamp":"2026-09-21T08:56:46.030Z"}
{"details":null,"level":"warn","message":"DOMAIN EXCEPTION: Idempotency key reused with different request body","statusCode":422,"timestamp":"2026-09-21T08:56:46.166Z"}
{"level":"info","message":"POST /api/v1/transfers 422 62 - 131.832 ms","timestamp":"2026-09-21T08:56:46.166Z"}
{"error":"Connection lost","key":"lock:key","level":"warn","message":"Failed to release lock","timestamp":"2026-09-21T09:08:02.739Z"}
{"accountId":"acc-bob","level":"info","message":"Account created","timestamp":"2026-09-21T09:08:02.839Z"}
{"amount":"5000","fromAccountId":"acc-1","initiatedBy":"usr-1","level":"info","message":"Transfer completed","timestamp":"2026-09-21T09:08:02.863Z","toAccountId":"acc-2","transferId":"tr-1"}
{"details":null,"level":"warn","message":"DOMAIN EXCEPTION: Authentication required","statusCode":401,"timestamp":"2026-09-21T09:08:05.512Z"}
{"level":"info","message":"GET /api/v1/accounts 401 35 - 54.481 ms","timestamp":"2026-09-21T09:08:05.579Z"}
{"details":null,"level":"warn","message":"DOMAIN EXCEPTION: Authentication required","statusCode":401,"timestamp":"2026-09-21T09:08:05.612Z"}
{"level":"info","message":"GET /api/v1/accounts 401 35 - 17.542 ms","timestamp":"2026-09-21T09:08:05.629Z"}
{"level":"info","message":"GET /api/v1/accounts 200 2 - 22.767 ms","timestamp":"2026-09-21T09:08:05.736Z"}
{"level":"info","message":"POST /api/v1/auth/token 200 303 - 4.281 ms","timestamp":"2026-09-21T09:08:05.976Z"}
{"details":null,"level":"warn","message":"DOMAIN EXCEPTION: Authentication required","statusCode":401,"timestamp":"2026-09-21T09:08:05.984Z"}
{"level":"info","message":"POST /api/v1/transfers 401 35 - 14.438 ms","timestamp":"2026-09-21T09:08:05.995Z"}
{"accountId":"1789981685986mn1zl8","level":"info","message":"Account created","timestamp":"2026-09-21T09:08:06.097Z"}
{"level":"info","message":"POST /api/v1/accounts 201 129 - 124.156 ms","timestamp":"2026-09-21T09:08:06.110Z"}
{"details":null,"level":"warn","message":"DOMAIN EXCEPTION: Admin or Superadmin cannot perform this action","statusCode":403,"timestamp":"2026-09-21T09:08:06.131Z"}
{"level":"info","message":"POST /api/v1/transfers 403 58 - 5.591 ms","timestamp":"2026-09-21T09:08:06.133Z"}
{"level":"info","message":"POST /api/v1/auth/signup 201 587 - 160.485 ms","timestamp":"2026-09-21T09:08:06.139Z"}
{"accountId":"1789981686153bva0l3","level":"info","message":"Account created","timestamp":"2026-09-21T09:08:06.167Z"}
{"level":"info","message":"POST /api/v1/accounts 201 129 - 18.801 ms","timestamp":"2026-09-21T09:08:06.168Z"}
{"details":{"email":"alice@example.com","resource":"Account"},"level":"warn","message":"DOMAIN EXCEPTION: Account already exists for this email","statusCode":409,"timestamp":"2026-09-21T09:08:06.183Z"}
{"accountId":"1789981686177uwjeh6","level":"info","message":"Account created","timestamp":"2026-09-21T09:08:06.188Z"}
{"level":"info","message":"POST /api/v1/accounts 409 110 - 7.691 ms","timestamp":"2026-09-21T09:08:06.185Z"}
{"level":"info","message":"POST /api/v1/accounts 201 134 - 12.845 ms","timestamp":"2026-09-21T09:08:06.189Z"}
{"errors":[{"code":"too_small","exact":false,"inclusive":false,"message":"Amount must be a positive number","minimum":0,"path":["amountMinor"],"type":"number"},{"code":"too_small","exact":false,"inclusive":true,"message":"Amount must be at least 1","minimum":1,"path":["amountMinor"],"type":"number"}],"level":"error","message":"Validation error:","timestamp":"2026-09-21T09:08:06.197Z"}
{"details":{"email":"duplicate@example.com","resource":"Account"},"level":"warn","message":"DOMAIN EXCEPTION: Account already exists for this email","statusCode":409,"timestamp":"2026-09-21T09:08:06.205Z"}
{"level":"info","message":"POST /api/v1/transfers 400 301 - 3.334 ms","timestamp":"2026-09-21T09:08:06.199Z"}
{"level":"info","message":"POST /api/v1/accounts 409 114 - 8.761 ms","timestamp":"2026-09-21T09:08:06.207Z"}
{"level":"info","message":"POST /api/v1/auth/signup 201 597 - 201.379 ms","timestamp":"2026-09-21T09:08:06.200Z"}
{"level":"info","message":"GET /api/v1/auth/me 200 138 - 12.951 ms","timestamp":"2026-09-21T09:08:06.221Z"}
{"errors":[{"code":"invalid_type","expected":"string","message":"Required","path":["userId"],"received":"undefined"}],"level":"error","message":"Validation error:","timestamp":"2026-09-21T09:08:06.233Z"}
{"level":"info","message":"POST /api/v1/accounts 400 117 - 2.852 ms","timestamp":"2026-09-21T09:08:06.234Z"}
{"accountId":"1789981686255upw06f","level":"info","message":"Account created","timestamp":"2026-09-21T09:08:06.264Z"}
{"level":"info","message":"POST /api/v1/accounts 201 140 - 10.681 ms","timestamp":"2026-09-21T09:08:06.266Z"}
{"errors":[{"code":"too_small","exact":false,"inclusive":true,"message":"User ID is required","minimum":1,"path":["userId"],"type":"string"}],"level":"error","message":"Validation error:","timestamp":"2026-09-21T09:08:06.290Z"}
{"level":"info","message":"POST /api/v1/accounts 400 141 - 1.731 ms","timestamp":"2026-09-21T09:08:06.292Z"}
{"level":"info","message":"GET /api/v1/accounts 200 2 - 7.264 ms","timestamp":"2026-09-21T09:08:06.322Z"}
{"details":null,"level":"warn","message":"DOMAIN EXCEPTION: Authentication required","statusCode":401,"timestamp":"2026-09-21T09:08:06.341Z"}
{"level":"info","message":"GET /api/v1/accounts 401 35 - 1.535 ms","timestamp":"2026-09-21T09:08:06.342Z"}
{"level":"info","message":"POST /api/v1/auth/signup 201 563 - 184.929 ms","timestamp":"2026-09-21T09:08:06.340Z"}
{"errors":[{"code":"custom","message":"Idempotency-Key header is required","path":["idempotency-key"]}],"level":"error","message":"Validation error:","timestamp":"2026-09-21T09:08:06.351Z"}
{"level":"info","message":"POST /api/v1/transfers 400 103 - 3.831 ms","timestamp":"2026-09-21T09:08:06.354Z"}
{"accountId":"1789981686361yh00aq","level":"info","message":"Account created","timestamp":"2026-09-21T09:08:06.370Z"}
{"level":"info","message":"POST /api/v1/accounts 201 142 - 10.083 ms","timestamp":"2026-09-21T09:08:06.371Z"}
{"level":"info","message":"POST /api/v1/auth/signup 201 597 - 129.325 ms","timestamp":"2026-09-21T09:08:06.378Z"}
{"level":"info","message":"DELETE /api/v1/accounts/1789981686361yh00aq 200 42 - 15.610 ms","timestamp":"2026-09-21T09:08:06.397Z"}
{"details":{"email":"duplicate@test.com"},"level":"warn","message":"DOMAIN EXCEPTION: User with this email already exists","statusCode":409,"timestamp":"2026-09-21T09:08:06.391Z"}
{"level":"info","message":"POST /api/v1/auth/signup 409 88 - 5.897 ms","timestamp":"2026-09-21T09:08:06.393Z"}
{"accountId":"1789981686425j7lyh6","level":"info","message":"Account created","timestamp":"2026-09-21T09:08:06.433Z"}
{"level":"info","message":"POST /api/v1/accounts 201 133 - 8.591 ms","timestamp":"2026-09-21T09:08:06.433Z"}
{"accountId":"1789981686439pny8iv","level":"info","message":"Account created","timestamp":"2026-09-21T09:08:06.447Z"}
{"level":"info","message":"POST /api/v1/accounts 201 138 - 8.779 ms","timestamp":"2026-09-21T09:08:06.448Z"}
{"level":"info","message":"DELETE /api/v1/accounts/1789981686439pny8iv 200 42 - 7.531 ms","timestamp":"2026-09-21T09:08:06.463Z"}
{"level":"info","message":"GET /api/v1/accounts 200 135 - 4.569 ms","timestamp":"2026-09-21T09:08:06.474Z"}
{"details":{"id":"non-existent-account-id","reason":"Not Found","resource":"Account"},"level":"warn","message":"DOMAIN EXCEPTION: Account not found","statusCode":404,"timestamp":"2026-09-21T09:08:06.495Z"}
{"level":"info","message":"DELETE /api/v1/accounts/non-existent-account-id 404 114 - 4.939 ms","timestamp":"2026-09-21T09:08:06.496Z"}
{"level":"info","message":"POST /api/v1/auth/login 200 315 - 101.510 ms","timestamp":"2026-09-21T09:08:06.631Z"}
{"details":null,"level":"warn","message":"DOMAIN EXCEPTION: Authenticated user not found","statusCode":401,"timestamp":"2026-09-21T09:08:06.798Z"}
{"level":"info","message":"POST /api/v1/transfers 401 40 - 420.344 ms","timestamp":"2026-09-21T09:08:06.800Z"}
{"level":"info","message":"POST /api/v1/auth/signup 201 563 - 126.430 ms","timestamp":"2026-09-21T09:08:06.947Z"}
{"level":"info","message":"POST /api/v1/auth/login 200 438 - 111.672 ms","timestamp":"2026-09-21T09:08:06.974Z"}
{"level":"info","message":"GET /api/v1/auth/me 200 134 - 5.218 ms","timestamp":"2026-09-21T09:08:06.986Z"}
{"level":"info","message":"POST /api/v1/auth/signup 201 548 - 118.105 ms","timestamp":"2026-09-21T09:08:07.071Z"}
{"details":{"id":"178998168693844fxgw","resource":"Account"},"level":"warn","message":"DOMAIN EXCEPTION: Cannot initiate transfer from an account you do not own","statusCode":403,"timestamp":"2026-09-21T09:08:07.088Z"}
{"level":"info","message":"POST /api/v1/transfers 403 127 - 11.177 ms","timestamp":"2026-09-21T09:08:07.089Z"}
{"level":"info","message":"GET /api/v1/accounts/178998168693844fxgw 200 128 - 5.769 ms","timestamp":"2026-09-21T09:08:07.101Z"}
{"details":null,"level":"warn","message":"DOMAIN EXCEPTION: Invalid email or password","statusCode":401,"timestamp":"2026-09-21T09:08:07.214Z"}
{"level":"info","message":"POST /api/v1/auth/login 401 37 - 102.374 ms","timestamp":"2026-09-21T09:08:07.215Z"}
{"details":null,"level":"warn","message":"DOMAIN EXCEPTION: Authentication required","statusCode":401,"timestamp":"2026-09-21T09:08:07.235Z"}
{"level":"info","message":"POST /api/v1/auth/signup 201 563 - 116.889 ms","timestamp":"2026-09-21T09:08:07.240Z"}
{"level":"info","message":"GET /api/v1/auth/me 401 35 - 1.024 ms","timestamp":"2026-09-21T09:08:07.236Z"}
{"accountId":"17899816872488hqgrb","level":"info","message":"Account created","timestamp":"2026-09-21T09:08:07.258Z"}
{"level":"info","message":"POST /api/v1/accounts 201 122 - 10.884 ms","timestamp":"2026-09-21T09:08:07.259Z"}
{"details":null,"level":"warn","message":"DOMAIN EXCEPTION: Authentication required","statusCode":401,"timestamp":"2026-09-21T09:08:07.255Z"}
{"level":"info","message":"GET /api/v1/admin/stats 401 35 - 1.275 ms","timestamp":"2026-09-21T09:08:07.256Z"}
{"details":{"id":"not-alice-account","resource":"Account"},"level":"warn","message":"DOMAIN EXCEPTION: Cannot initiate transfer from an account you do not own","statusCode":403,"timestamp":"2026-09-21T09:08:07.273Z"}
{"level":"info","message":"POST /api/v1/transfers 403 125 - 7.754 ms","timestamp":"2026-09-21T09:08:07.274Z"}
{"level":"info","message":"POST /api/v1/auth/token 200 305 - 0.966 ms","timestamp":"2026-09-21T09:08:07.276Z"}
{"details":{"requiredRoles":["admin"],"userRole":"user"},"level":"warn","message":"DOMAIN EXCEPTION: Forbidden: Insufficient permissions","statusCode":403,"timestamp":"2026-09-21T09:08:07.284Z"}
{"level":"info","message":"GET /api/v1/admin/stats 403 103 - 2.437 ms","timestamp":"2026-09-21T09:08:07.285Z"}
{"accountId":"1789981687308obumrf","level":"info","message":"Account created","timestamp":"2026-09-21T09:08:07.319Z"}
{"level":"info","message":"POST /api/v1/accounts 201 139 - 15.533 ms","timestamp":"2026-09-21T09:08:07.320Z"}
{"level":"info","message":"POST /api/v1/auth/token 200 315 - 0.996 ms","timestamp":"2026-09-21T09:08:07.328Z"}
{"level":"info","message":"GET /api/v1/admin/stats 200 66 - 12.195 ms","timestamp":"2026-09-21T09:08:07.347Z"}
{"level":"info","message":"POST /api/v1/auth/signup 201 563 - 125.561 ms","timestamp":"2026-09-21T09:08:07.427Z"}
{"errors":[{"code":"custom","message":"Cannot transfer to the same account","path":["toAccountId"]}],"level":"error","message":"Validation error:","timestamp":"2026-09-21T09:08:07.433Z"}
{"level":"info","message":"POST /api/v1/transfers 400 100 - 0.759 ms","timestamp":"2026-09-21T09:08:07.434Z"}
{"details":{"fromBalance":"100000","transferAmount":"500000"},"level":"warn","message":"DOMAIN EXCEPTION: Insufficient funds","statusCode":400,"timestamp":"2026-09-21T09:08:07.455Z"}
{"level":"info","message":"POST /api/v1/transfers 400 91 - 1248.745 ms","timestamp":"2026-09-21T09:08:07.456Z"}
{"level":"info","message":"POST /api/v1/auth/signup 201 563 - 121.186 ms","timestamp":"2026-09-21T09:08:07.588Z"}
{"amount":"35000","fromAccountId":"1789981686122dgg8ot","initiatedBy":"17899816860942b3kms","level":"info","message":"Transfer completed","timestamp":"2026-09-21T09:08:08.407Z","toAccountId":"1789981686153bva0l3","transferId":"6ab0f3f829f0df5aa48b99e1"}
{"level":"info","message":"POST /api/v1/transfers 201 257 - 944.732 ms","timestamp":"2026-09-21T09:08:08.408Z"}
{"level":"info","message":"GET /api/v1/transfers/6ab0f3f829f0df5aa48b99e1 200 257 - 4.851 ms","timestamp":"2026-09-21T09:08:08.421Z"}
{"level":"info","message":"GET /api/v1/accounts/1789981686122dgg8ot 200 133 - 3.824 ms","timestamp":"2026-09-21T09:08:08.430Z"}
{"level":"info","message":"GET /api/v1/accounts/1789981686153bva0l3 200 129 - 4.199 ms","timestamp":"2026-09-21T09:08:08.442Z"}
{"level":"info","message":"GET /api/v1/transfers?page=1&limit=10 200 259 - 4.237 ms","timestamp":"2026-09-21T09:08:08.452Z"}
{"level":"info","message":"PATCH /api/v1/accounts/1789981686122dgg8ot 200 151 - 14.407 ms","timestamp":"2026-09-21T09:08:08.472Z"}
{"level":"info","message":"DELETE /api/v1/accounts/1789981686153bva0l3 200 42 - 7.308 ms","timestamp":"2026-09-21T09:08:08.485Z"}
{"details":{"id":"nonexistent-destination","reason":"Not Found","resource":"Account"},"level":"warn","message":"DOMAIN EXCEPTION: Account not found","statusCode":404,"timestamp":"2026-09-21T09:08:08.696Z"}
{"level":"info","message":"POST /api/v1/transfers 404 114 - 1102.264 ms","timestamp":"2026-09-21T09:08:08.697Z"}
{"level":"info","message":"POST /api/v1/auth/signup 201 563 - 118.119 ms","timestamp":"2026-09-21T09:08:08.841Z"}
{"accountId":"1789981688846gp5xof","level":"info","message":"Account created","timestamp":"2026-09-21T09:08:08.856Z"}
{"level":"info","message":"POST /api/v1/accounts 201 122 - 10.967 ms","timestamp":"2026-09-21T09:08:08.857Z"}
{"details":{"id":"1789981686153bva0l3","reason":"Not Found","resource":"Account"},"level":"warn","message":"DOMAIN EXCEPTION: Account not found","statusCode":404,"timestamp":"2026-09-21T09:08:09.187Z"}
{"level":"info","message":"POST /api/v1/transfers 404 110 - 696.178 ms","timestamp":"2026-09-21T09:08:09.188Z"}
{"amount":"20000","fromAccountId":"1789981688835luixyb","initiatedBy":"1789981688830bynny8","level":"info","message":"Transfer completed","timestamp":"2026-09-21T09:08:09.650Z","toAccountId":"1789981688846gp5xof","transferId":"6ab0f3f97e062bb4baf783c1"}
{"level":"info","message":"POST /api/v1/transfers 201 257 - 784.898 ms","timestamp":"2026-09-21T09:08:09.650Z"}
{"level":"info","message":"GET /api/v1/accounts/1789981688835luixyb 200 126 - 3.004 ms","timestamp":"2026-09-21T09:08:09.658Z"}
{"level":"info","message":"GET /api/v1/accounts/1789981688846gp5xof 200 122 - 3.663 ms","timestamp":"2026-09-21T09:08:09.668Z"}
{"level":"info","message":"POST /api/v1/auth/signup 201 561 - 155.156 ms","timestamp":"2026-09-21T09:08:09.855Z"}
{"accountId":"17899816898624mirh0","level":"info","message":"Account created","timestamp":"2026-09-21T09:08:09.871Z"}
{"level":"info","message":"POST /api/v1/accounts 201 122 - 10.085 ms","timestamp":"2026-09-21T09:08:09.872Z"}
{"details":{"fromBalance":"10000","transferAmount":"20000"},"level":"warn","message":"DOMAIN EXCEPTION: Insufficient funds","statusCode":400,"timestamp":"2026-09-21T09:08:10.763Z"}
{"level":"info","message":"POST /api/v1/transfers 400 89 - 885.534 ms","timestamp":"2026-09-21T09:08:10.764Z"}
{"level":"info","message":"POST /api/v1/auth/signup 201 563 - 111.868 ms","timestamp":"2026-09-21T09:08:10.898Z"}
{"accountId":"1789981690903liyfiq","level":"info","message":"Account created","timestamp":"2026-09-21T09:08:10.911Z"}
{"level":"info","message":"POST /api/v1/accounts 201 122 - 8.399 ms","timestamp":"2026-09-21T09:08:10.912Z"}
{"amount":"10000","fromAccountId":"1789981690891irynjw","initiatedBy":"1789981690886r0xatk","level":"info","message":"Transfer completed","timestamp":"2026-09-21T09:08:11.881Z","toAccountId":"1789981690903liyfiq","transferId":"6ab0f3fb7e062bb4baf783c9"}
{"level":"info","message":"POST /api/v1/transfers 201 257 - 964.035 ms","timestamp":"2026-09-21T09:08:11.881Z"}
{"amount":"10000","fromAccountId":"1789981690891irynjw","initiatedBy":"1789981690886r0xatk","level":"info","message":"Transfer completed","timestamp":"2026-09-21T09:08:12.133Z","toAccountId":"1789981690903liyfiq","transferId":"6ab0f3fb7e062bb4baf783c9"}
{"level":"info","message":"POST /api/v1/transfers 201 257 - 247.659 ms","timestamp":"2026-09-21T09:08:12.134Z"}
{"level":"info","message":"GET /api/v1/accounts/1789981690891irynjw 200 126 - 2.681 ms","timestamp":"2026-09-21T09:08:12.141Z"}
{"level":"info","message":"POST /api/v1/auth/signup 201 563 - 93.821 ms","timestamp":"2026-09-21T09:08:12.253Z"}
{"accountId":"1789981692258c1p4m8","level":"info","message":"Account created","timestamp":"2026-09-21T09:08:12.265Z"}
{"level":"info","message":"POST /api/v1/accounts 201 122 - 7.744 ms","timestamp":"2026-09-21T09:08:12.266Z"}
{"amount":"10000","fromAccountId":"1789981692247v2799w","initiatedBy":"1789981692241knk37s","level":"info","message":"Transfer completed","timestamp":"2026-09-21T09:08:13.078Z","toAccountId":"1789981692258c1p4m8","transferId":"6ab0f3fc7e062bb4baf783ce"}
{"level":"info","message":"POST /api/v1/transfers 201 257 - 807.970 ms","timestamp":"2026-09-21T09:08:13.079Z"}
{"details":null,"level":"warn","message":"DOMAIN EXCEPTION: Idempotency key reused with different request body","statusCode":422,"timestamp":"2026-09-21T09:08:13.227Z"}
{"level":"info","message":"POST /api/v1/transfers 422 62 - 144.158 ms","timestamp":"2026-09-21T09:08:13.228Z"}
{"error":"Connection lost","key":"lock:key","level":"warn","message":"Failed to release lock","timestamp":"2026-09-21T09:08:51.985Z"}
{"accountId":"acc-bob","level":"info","message":"Account created","timestamp":"2026-09-21T09:08:52.691Z"}
{"amount":"5000","fromAccountId":"acc-1","initiatedBy":"usr-1","level":"info","message":"Transfer completed","timestamp":"2026-09-21T09:08:52.709Z","toAccountId":"acc-2","transferId":"tr-1"}
{"details":null,"level":"warn","message":"DOMAIN EXCEPTION: Authentication required","statusCode":401,"timestamp":"2026-09-21T09:08:54.938Z"}
{"level":"info","message":"POST /api/v1/transfers 401 35 - 22.579 ms","timestamp":"2026-09-21T09:08:54.956Z"}
{"details":null,"level":"warn","message":"DOMAIN EXCEPTION: Authentication required","statusCode":401,"timestamp":"2026-09-21T09:08:55.021Z"}
{"level":"info","message":"GET /api/v1/accounts 401 35 - 12.833 ms","timestamp":"2026-09-21T09:08:55.054Z"}
{"accountId":"1789981734889fjhxlw","level":"info","message":"Account created","timestamp":"2026-09-21T09:08:55.064Z"}
{"level":"info","message":"POST /api/v1/accounts 201 129 - 189.806 ms","timestamp":"2026-09-21T09:08:55.077Z"}
{"details":null,"level":"warn","message":"DOMAIN EXCEPTION: Admin or Superadmin cannot perform this action","statusCode":403,"timestamp":"2026-09-21T09:08:55.163Z"}
{"level":"info","message":"POST /api/v1/transfers 403 58 - 4.011 ms","timestamp":"2026-09-21T09:08:55.165Z"}
{"details":null,"level":"warn","message":"DOMAIN EXCEPTION: Authentication required","statusCode":401,"timestamp":"2026-09-21T09:08:55.202Z"}
{"accountId":"1789981735211lrylg3","level":"info","message":"Account created","timestamp":"2026-09-21T09:08:55.221Z"}
{"level":"info","message":"POST /api/v1/accounts 201 134 - 11.561 ms","timestamp":"2026-09-21T09:08:55.223Z"}
{"details":{"email":"duplicate@example.com","resource":"Account"},"level":"warn","message":"DOMAIN EXCEPTION: Account already exists for this email","statusCode":409,"timestamp":"2026-09-21T09:08:55.239Z"}
{"level":"info","message":"POST /api/v1/accounts 409 114 - 7.855 ms","timestamp":"2026-09-21T09:08:55.241Z"}
{"level":"info","message":"GET /api/v1/accounts 401 35 - 17.490 ms","timestamp":"2026-09-21T09:08:55.236Z"}
{"errors":[{"code":"invalid_type","expected":"string","message":"Required","path":["userId"],"received":"undefined"}],"level":"error","message":"Validation error:","timestamp":"2026-09-21T09:08:55.265Z"}
{"level":"info","message":"POST /api/v1/accounts 400 117 - 2.364 ms","timestamp":"2026-09-21T09:08:55.266Z"}
{"level":"info","message":"POST /api/v1/auth/token 200 303 - 6.271 ms","timestamp":"2026-09-21T09:08:55.277Z"}
{"accountId":"1789981735284va4kwp","level":"info","message":"Account created","timestamp":"2026-09-21T09:08:55.292Z"}
{"level":"info","message":"POST /api/v1/accounts 201 140 - 8.686 ms","timestamp":"2026-09-21T09:08:55.293Z"}
{"errors":[{"code":"too_small","exact":false,"inclusive":true,"message":"User ID is required","minimum":1,"path":["userId"],"type":"string"}],"level":"error","message":"Validation error:","timestamp":"2026-09-21T09:08:55.318Z"}
{"level":"info","message":"POST /api/v1/accounts 400 141 - 1.350 ms","timestamp":"2026-09-21T09:08:55.320Z"}
{"level":"info","message":"GET /api/v1/accounts 200 2 - 7.443 ms","timestamp":"2026-09-21T09:08:55.350Z"}
{"level":"info","message":"GET /api/v1/accounts 200 2 - 81.629 ms","timestamp":"2026-09-21T09:08:55.355Z"}
{"level":"info","message":"POST /api/v1/auth/signup 201 563 - 183.055 ms","timestamp":"2026-09-21T09:08:55.371Z"}
{"details":null,"level":"warn","message":"DOMAIN EXCEPTION: Authentication required","statusCode":401,"timestamp":"2026-09-21T09:08:55.369Z"}
{"errors":[{"code":"custom","message":"Idempotency-Key header is required","path":["idempotency-key"]}],"level":"error","message":"Validation error:","timestamp":"2026-09-21T09:08:55.380Z"}
{"level":"info","message":"POST /api/v1/transfers 400 103 - 3.057 ms","timestamp":"2026-09-21T09:08:55.383Z"}
{"level":"info","message":"GET /api/v1/accounts 401 35 - 1.004 ms","timestamp":"2026-09-21T09:08:55.370Z"}
{"accountId":"1789981735389juvxz1","level":"info","message":"Account created","timestamp":"2026-09-21T09:08:55.399Z"}
{"level":"info","message":"POST /api/v1/accounts 201 142 - 11.730 ms","timestamp":"2026-09-21T09:08:55.400Z"}
{"level":"info","message":"DELETE /api/v1/accounts/1789981735389juvxz1 200 42 - 20.746 ms","timestamp":"2026-09-21T09:08:55.430Z"}
{"accountId":"1789981735457hin5gs","level":"info","message":"Account created","timestamp":"2026-09-21T09:08:55.464Z"}
{"level":"info","message":"POST /api/v1/accounts 201 133 - 8.531 ms","timestamp":"2026-09-21T09:08:55.465Z"}
{"accountId":"17899817354727fjl14","level":"info","message":"Account created","timestamp":"2026-09-21T09:08:55.480Z"}
{"level":"info","message":"POST /api/v1/accounts 201 138 - 8.737 ms","timestamp":"2026-09-21T09:08:55.480Z"}
{"level":"info","message":"DELETE /api/v1/accounts/17899817354727fjl14 200 42 - 7.744 ms","timestamp":"2026-09-21T09:08:55.494Z"}
{"level":"info","message":"POST /api/v1/auth/signup 201 595 - 196.419 ms","timestamp":"2026-09-21T09:08:55.495Z"}
{"level":"info","message":"GET /api/v1/accounts 200 135 - 4.535 ms","timestamp":"2026-09-21T09:08:55.505Z"}
{"level":"info","message":"GET /api/v1/auth/me 200 138 - 11.463 ms","timestamp":"2026-09-21T09:08:55.514Z"}
{"details":{"id":"non-existent-account-id","reason":"Not Found","resource":"Account"},"level":"warn","message":"DOMAIN EXCEPTION: Account not found","statusCode":404,"timestamp":"2026-09-21T09:08:55.528Z"}
{"level":"info","message":"DELETE /api/v1/accounts/non-existent-account-id 404 114 - 4.784 ms","timestamp":"2026-09-21T09:08:55.529Z"}
{"level":"info","message":"POST /api/v1/auth/signup 201 587 - 166.897 ms","timestamp":"2026-09-21T09:08:55.559Z"}
{"accountId":"1789981735568ivjjca","level":"info","message":"Account created","timestamp":"2026-09-21T09:08:55.575Z"}
{"level":"info","message":"POST /api/v1/accounts 201 129 - 10.762 ms","timestamp":"2026-09-21T09:08:55.577Z"}
{"details":{"email":"alice@example.com","resource":"Account"},"level":"warn","message":"DOMAIN EXCEPTION: Account already exists for this email","statusCode":409,"timestamp":"2026-09-21T09:08:55.589Z"}
{"level":"info","message":"POST /api/v1/accounts 409 110 - 7.575 ms","timestamp":"2026-09-21T09:08:55.591Z"}
{"errors":[{"code":"too_small","exact":false,"inclusive":false,"message":"Amount must be a positive number","minimum":0,"path":["amountMinor"],"type":"number"},{"code":"too_small","exact":false,"inclusive":true,"message":"Amount must be at least 1","minimum":1,"path":["amountMinor"],"type":"number"}],"level":"error","message":"Validation error:","timestamp":"2026-09-21T09:08:55.598Z"}
{"level":"info","message":"POST /api/v1/transfers 400 301 - 2.230 ms","timestamp":"2026-09-21T09:08:55.599Z"}
{"level":"info","message":"POST /api/v1/auth/signup 201 595 - 108.056 ms","timestamp":"2026-09-21T09:08:55.646Z"}
{"details":{"email":"duplicate@test.com"},"level":"warn","message":"DOMAIN EXCEPTION: User with this email already exists","statusCode":409,"timestamp":"2026-09-21T09:08:55.657Z"}
{"level":"info","message":"POST /api/v1/auth/signup 409 88 - 4.599 ms","timestamp":"2026-09-21T09:08:55.659Z"}
{"level":"info","message":"POST /api/v1/auth/login 200 315 - 118.217 ms","timestamp":"2026-09-21T09:08:55.890Z"}
{"details":null,"level":"warn","message":"DOMAIN EXCEPTION: Authenticated user not found","statusCode":401,"timestamp":"2026-09-21T09:08:55.955Z"}
{"level":"info","message":"POST /api/v1/transfers 401 40 - 546.241 ms","timestamp":"2026-09-21T09:08:55.956Z"}
{"level":"info","message":"POST /api/v1/auth/signup 201 563 - 107.380 ms","timestamp":"2026-09-21T09:08:56.079Z"}
{"level":"info","message":"POST /api/v1/auth/login 200 438 - 93.475 ms","timestamp":"2026-09-21T09:08:56.106Z"}
{"level":"info","message":"GET /api/v1/auth/me 200 134 - 4.733 ms","timestamp":"2026-09-21T09:08:56.117Z"}
{"level":"info","message":"POST /api/v1/auth/signup 201 548 - 99.520 ms","timestamp":"2026-09-21T09:08:56.184Z"}
{"details":{"id":"1789981736071a5gq9x","resource":"Account"},"level":"warn","message":"DOMAIN EXCEPTION: Cannot initiate transfer from an account you do not own","statusCode":403,"timestamp":"2026-09-21T09:08:56.201Z"}
{"level":"info","message":"POST /api/v1/transfers 403 127 - 11.204 ms","timestamp":"2026-09-21T09:08:56.202Z"}
{"level":"info","message":"GET /api/v1/accounts/1789981736071a5gq9x 200 128 - 8.054 ms","timestamp":"2026-09-21T09:08:56.216Z"}
{"details":null,"level":"warn","message":"DOMAIN EXCEPTION: Invalid email or password","statusCode":401,"timestamp":"2026-09-21T09:08:56.326Z"}
{"level":"info","message":"POST /api/v1/auth/login 401 37 - 95.278 ms","timestamp":"2026-09-21T09:08:56.330Z"}
{"level":"info","message":"POST /api/v1/auth/signup 201 563 - 103.606 ms","timestamp":"2026-09-21T09:08:56.343Z"}
{"details":null,"level":"warn","message":"DOMAIN EXCEPTION: Authentication required","statusCode":401,"timestamp":"2026-09-21T09:08:56.352Z"}
{"level":"info","message":"GET /api/v1/auth/me 401 35 - 1.057 ms","timestamp":"2026-09-21T09:08:56.353Z"}
{"accountId":"1789981736350e3gi9w","level":"info","message":"Account created","timestamp":"2026-09-21T09:08:56.359Z"}
{"level":"info","message":"POST /api/v1/accounts 201 122 - 10.853 ms","timestamp":"2026-09-21T09:08:56.360Z"}
{"details":null,"level":"warn","message":"DOMAIN EXCEPTION: Authentication required","statusCode":401,"timestamp":"2026-09-21T09:08:56.370Z"}
{"level":"info","message":"GET /api/v1/admin/stats 401 35 - 1.095 ms","timestamp":"2026-09-21T09:08:56.371Z"}
{"details":{"id":"not-alice-account","resource":"Account"},"level":"warn","message":"DOMAIN EXCEPTION: Cannot initiate transfer from an account you do not own","statusCode":403,"timestamp":"2026-09-21T09:08:56.373Z"}
{"level":"info","message":"POST /api/v1/transfers 403 125 - 7.084 ms","timestamp":"2026-09-21T09:08:56.374Z"}
{"level":"info","message":"POST /api/v1/auth/token 200 305 - 0.843 ms","timestamp":"2026-09-21T09:08:56.389Z"}
{"details":{"requiredRoles":["admin"],"userRole":"user"},"level":"warn","message":"DOMAIN EXCEPTION: Forbidden: Insufficient permissions","statusCode":403,"timestamp":"2026-09-21T09:08:56.396Z"}
{"level":"info","message":"GET /api/v1/admin/stats 403 103 - 1.837 ms","timestamp":"2026-09-21T09:08:56.397Z"}
{"accountId":"1789981736415vy1aqa","level":"info","message":"Account created","timestamp":"2026-09-21T09:08:56.424Z"}
{"level":"info","message":"POST /api/v1/accounts 201 139 - 12.585 ms","timestamp":"2026-09-21T09:08:56.425Z"}
{"level":"info","message":"POST /api/v1/auth/token 200 315 - 0.963 ms","timestamp":"2026-09-21T09:08:56.433Z"}
{"level":"info","message":"GET /api/v1/admin/stats 200 66 - 10.167 ms","timestamp":"2026-09-21T09:08:56.449Z"}
{"level":"info","message":"POST /api/v1/auth/signup 201 563 - 127.125 ms","timestamp":"2026-09-21T09:08:56.522Z"}
{"errors":[{"code":"custom","message":"Cannot transfer to the same account","path":["toAccountId"]}],"level":"error","message":"Validation error:","timestamp":"2026-09-21T09:08:56.528Z"}
{"level":"info","message":"POST /api/v1/transfers 400 100 - 0.916 ms","timestamp":"2026-09-21T09:08:56.528Z"}
{"details":{"fromBalance":"100000","transferAmount":"500000"},"level":"warn","message":"DOMAIN EXCEPTION: Insufficient funds","statusCode":400,"timestamp":"2026-09-21T09:08:56.649Z"}
{"level":"info","message":"POST /api/v1/transfers 400 91 - 1044.495 ms","timestamp":"2026-09-21T09:08:56.651Z"}
{"level":"info","message":"POST /api/v1/auth/signup 201 563 - 147.344 ms","timestamp":"2026-09-21T09:08:56.697Z"}
{"details":{"id":"nonexistent-destination","reason":"Not Found","resource":"Account"},"level":"warn","message":"DOMAIN EXCEPTION: Account not found","statusCode":404,"timestamp":"2026-09-21T09:08:57.506Z"}
{"amount":"35000","fromAccountId":"1789981735546sxi5mu","initiatedBy":"1789981735520djxmuh","level":"info","message":"Transfer completed","timestamp":"2026-09-21T09:08:57.506Z","toAccountId":"1789981735568ivjjca","transferId":"6ab0f429bcf1b6911a9d7fa2"}
{"level":"info","message":"POST /api/v1/transfers 201 257 - 846.825 ms","timestamp":"2026-09-21T09:08:57.506Z"}
{"level":"info","message":"POST /api/v1/transfers 404 114 - 803.639 ms","timestamp":"2026-09-21T09:08:57.506Z"}
{"level":"info","message":"GET /api/v1/transfers/6ab0f429bcf1b6911a9d7fa2 200 257 - 3.770 ms","timestamp":"2026-09-21T09:08:57.517Z"}
{"level":"info","message":"GET /api/v1/accounts/1789981735546sxi5mu 200 133 - 4.085 ms","timestamp":"2026-09-21T09:08:57.526Z"}
{"level":"info","message":"GET /api/v1/accounts/1789981735568ivjjca 200 129 - 2.251 ms","timestamp":"2026-09-21T09:08:57.533Z"}
{"level":"info","message":"GET /api/v1/transfers?page=1&limit=10 200 259 - 3.845 ms","timestamp":"2026-09-21T09:08:57.542Z"}
{"level":"info","message":"PATCH /api/v1/accounts/1789981735546sxi5mu 200 151 - 10.643 ms","timestamp":"2026-09-21T09:08:57.558Z"}
{"level":"info","message":"DELETE /api/v1/accounts/1789981735568ivjjca 200 42 - 6.052 ms","timestamp":"2026-09-21T09:08:57.568Z"}
{"level":"info","message":"POST /api/v1/auth/signup 201 563 - 86.032 ms","timestamp":"2026-09-21T09:08:57.611Z"}
{"accountId":"1789981737614pn3fl1","level":"info","message":"Account created","timestamp":"2026-09-21T09:08:57.619Z"}
{"level":"info","message":"POST /api/v1/accounts 201 122 - 5.245 ms","timestamp":"2026-09-21T09:08:57.620Z"}
{"amount":"20000","fromAccountId":"1789981737604eapnw3","initiatedBy":"1789981737598nrd24r","level":"info","message":"Transfer completed","timestamp":"2026-09-21T09:08:58.391Z","toAccountId":"1789981737614pn3fl1","transferId":"6ab0f42a2d31e84b00bb17e8"}
{"level":"info","message":"POST /api/v1/transfers 201 257 - 769.439 ms","timestamp":"2026-09-21T09:08:58.393Z"}
{"level":"info","message":"GET /api/v1/accounts/1789981737604eapnw3 200 126 - 1.895 ms","timestamp":"2026-09-21T09:08:58.399Z"}
{"level":"info","message":"GET /api/v1/accounts/1789981737614pn3fl1 200 122 - 1.837 ms","timestamp":"2026-09-21T09:08:58.403Z"}
{"level":"info","message":"POST /api/v1/auth/signup 201 561 - 72.060 ms","timestamp":"2026-09-21T09:08:58.493Z"}
{"accountId":"1789981738496qsofs4","level":"info","message":"Account created","timestamp":"2026-09-21T09:08:58.501Z"}
{"level":"info","message":"POST /api/v1/accounts 201 122 - 4.920 ms","timestamp":"2026-09-21T09:08:58.501Z"}
{"details":{"id":"1789981735568ivjjca","reason":"Not Found","resource":"Account"},"level":"warn","message":"DOMAIN EXCEPTION: Account not found","statusCode":404,"timestamp":"2026-09-21T09:08:58.704Z"}
{"level":"info","message":"POST /api/v1/transfers 404 110 - 1131.817 ms","timestamp":"2026-09-21T09:08:58.705Z"}
{"details":{"fromBalance":"10000","transferAmount":"20000"},"level":"warn","message":"DOMAIN EXCEPTION: Insufficient funds","statusCode":400,"timestamp":"2026-09-21T09:08:59.250Z"}
{"level":"info","message":"POST /api/v1/transfers 400 89 - 746.859 ms","timestamp":"2026-09-21T09:08:59.251Z"}
{"level":"info","message":"POST /api/v1/auth/signup 201 563 - 81.520 ms","timestamp":"2026-09-21T09:08:59.350Z"}
{"accountId":"1789981739353fp3pkx","level":"info","message":"Account created","timestamp":"2026-09-21T09:08:59.359Z"}
{"level":"info","message":"POST /api/v1/accounts 201 122 - 5.927 ms","timestamp":"2026-09-21T09:08:59.359Z"}
{"amount":"10000","fromAccountId":"1789981739345tldnat","initiatedBy":"1789981739340f6g3kf","level":"info","message":"Transfer completed","timestamp":"2026-09-21T09:09:00.058Z","toAccountId":"1789981739353fp3pkx","transferId":"6ab0f42b2d31e84b00bb17f0"}
{"level":"info","message":"POST /api/v1/transfers 201 257 - 694.962 ms","timestamp":"2026-09-21T09:09:00.059Z"}
{"amount":"10000","fromAccountId":"1789981739345tldnat","initiatedBy":"1789981739340f6g3kf","level":"info","message":"Transfer completed","timestamp":"2026-09-21T09:09:00.238Z","toAccountId":"1789981739353fp3pkx","transferId":"6ab0f42b2d31e84b00bb17f0"}
{"level":"info","message":"POST /api/v1/transfers 201 257 - 174.158 ms","timestamp":"2026-09-21T09:09:00.239Z"}
{"level":"info","message":"GET /api/v1/accounts/1789981739345tldnat 200 126 - 2.170 ms","timestamp":"2026-09-21T09:09:00.246Z"}
{"level":"info","message":"POST /api/v1/auth/signup 201 563 - 80.631 ms","timestamp":"2026-09-21T09:09:00.799Z"}
{"accountId":"1789981740804ta20cw","level":"info","message":"Account created","timestamp":"2026-09-21T09:09:00.810Z"}
{"level":"info","message":"POST /api/v1/accounts 201 122 - 6.682 ms","timestamp":"2026-09-21T09:09:00.810Z"}
{"amount":"10000","fromAccountId":"17899817407938s8qnx","initiatedBy":"1789981740790c1ki0g","level":"info","message":"Transfer completed","timestamp":"2026-09-21T09:09:01.530Z","toAccountId":"1789981740804ta20cw","transferId":"6ab0f42d2d31e84b00bb17f5"}
{"level":"info","message":"POST /api/v1/transfers 201 257 - 715.119 ms","timestamp":"2026-09-21T09:09:01.531Z"}
{"details":null,"level":"warn","message":"DOMAIN EXCEPTION: Idempotency key reused with different request body","statusCode":422,"timestamp":"2026-09-21T09:09:01.674Z"}
{"level":"info","message":"POST /api/v1/transfers 422 62 - 139.104 ms","timestamp":"2026-09-21T09:09:01.675Z"}
{"error":"Connection lost","key":"lock:key","level":"warn","message":"Failed to release lock","timestamp":"2026-09-21T10:18:27.660Z"}
{"accountId":"acc-bob","level":"info","message":"Account created","timestamp":"2026-09-21T10:18:28.637Z"}
{"amount":"5000","fromAccountId":"acc-1","initiatedBy":"usr-1","level":"info","message":"Transfer completed","timestamp":"2026-09-21T10:18:28.675Z","toAccountId":"acc-2","transferId":"tr-1"}
{"details":null,"level":"warn","message":"DOMAIN EXCEPTION: Authentication required","statusCode":401,"timestamp":"2026-09-21T10:18:31.931Z"}
{"details":null,"level":"warn","message":"DOMAIN EXCEPTION: Authentication required","statusCode":401,"timestamp":"2026-09-21T10:18:31.986Z"}
{"level":"info","message":"GET /api/v1/accounts 401 35 - 49.649 ms","timestamp":"2026-09-21T10:18:31.974Z"}
{"level":"info","message":"POST /api/v1/transfers 401 35 - 47.178 ms","timestamp":"2026-09-21T10:18:32.011Z"}
{"details":null,"level":"warn","message":"DOMAIN EXCEPTION: Authentication required","statusCode":401,"timestamp":"2026-09-21T10:18:32.040Z"}
{"level":"info","message":"GET /api/v1/accounts 401 35 - 38.599 ms","timestamp":"2026-09-21T10:18:32.084Z"}
{"level":"info","message":"POST /api/v1/auth/token 200 303 - 28.095 ms","timestamp":"2026-09-21T10:18:32.204Z"}
{"level":"info","message":"GET /api/v1/accounts 200 2 - 51.525 ms","timestamp":"2026-09-21T10:18:32.219Z"}
{"details":null,"level":"warn","message":"DOMAIN EXCEPTION: Admin or Superadmin cannot perform this action","statusCode":403,"timestamp":"2026-09-21T10:18:32.500Z"}
{"level":"info","message":"POST /api/v1/transfers 403 58 - 5.900 ms","timestamp":"2026-09-21T10:18:32.502Z"}
{"accountId":"1789985912188usvhzr","level":"info","message":"Account created","timestamp":"2026-09-21T10:18:32.688Z"}
{"level":"info","message":"POST /api/v1/auth/signup 201 597 - 228.075 ms","timestamp":"2026-09-21T10:18:32.710Z"}
{"level":"info","message":"POST /api/v1/accounts 201 129 - 522.365 ms","timestamp":"2026-09-21T10:18:32.708Z"}
{"level":"info","message":"GET /api/v1/auth/me 200 138 - 18.834 ms","timestamp":"2026-09-21T10:18:32.743Z"}
{"level":"info","message":"POST /api/v1/auth/signup 201 587 - 484.633 ms","timestamp":"2026-09-21T10:18:32.759Z"}
{"accountId":"1789985912775hm66x0","level":"info","message":"Account created","timestamp":"2026-09-21T10:18:32.793Z"}
{"level":"info","message":"POST /api/v1/accounts 201 129 - 24.765 ms","timestamp":"2026-09-21T10:18:32.795Z"}
{"level":"info","message":"POST /api/v1/auth/signup 201 563 - 260.296 ms","timestamp":"2026-09-21T10:18:32.798Z"}
{"errors":[{"code":"custom","message":"Idempotency-Key header is required","path":["idempotency-key"]}],"level":"error","message":"Validation error:","timestamp":"2026-09-21T10:18:32.811Z"}
{"level":"info","message":"POST /api/v1/transfers 400 103 - 4.249 ms","timestamp":"2026-09-21T10:18:32.813Z"}
{"details":{"email":"alice@example.com","resource":"Account"},"level":"warn","message":"DOMAIN EXCEPTION: Account already exists for this email","statusCode":409,"timestamp":"2026-09-21T10:18:32.817Z"}
{"level":"info","message":"POST /api/v1/accounts 409 110 - 10.827 ms","timestamp":"2026-09-21T10:18:32.819Z"}
{"errors":[{"code":"too_small","exact":false,"inclusive":false,"message":"Amount must be a positive number","minimum":0,"path":["amountMinor"],"type":"number"},{"code":"too_small","exact":false,"inclusive":true,"message":"Amount must be at least 1","minimum":1,"path":["amountMinor"],"type":"number"}],"level":"error","message":"Validation error:","timestamp":"2026-09-21T10:18:32.832Z"}
{"level":"info","message":"POST /api/v1/transfers 400 301 - 4.567 ms","timestamp":"2026-09-21T10:18:32.835Z"}
{"accountId":"1789985912899s9l7vm","level":"info","message":"Account created","timestamp":"2026-09-21T10:18:32.969Z"}
{"level":"info","message":"POST /api/v1/accounts 201 134 - 72.565 ms","timestamp":"2026-09-21T10:18:32.971Z"}
{"level":"info","message":"POST /api/v1/auth/signup 201 597 - 241.408 ms","timestamp":"2026-09-21T10:18:33.018Z"}
{"details":{"email":"duplicate@test.com"},"level":"warn","message":"DOMAIN EXCEPTION: User with this email already exists","statusCode":409,"timestamp":"2026-09-21T10:18:33.034Z"}
{"level":"info","message":"POST /api/v1/auth/signup 409 88 - 5.712 ms","timestamp":"2026-09-21T10:18:33.035Z"}
{"details":{"email":"duplicate@example.com","resource":"Account"},"level":"warn","message":"DOMAIN EXCEPTION: Account already exists for this email","statusCode":409,"timestamp":"2026-09-21T10:18:33.056Z"}
{"level":"info","message":"POST /api/v1/accounts 409 114 - 75.242 ms","timestamp":"2026-09-21T10:18:33.058Z"}
{"errors":[{"code":"invalid_type","expected":"string","message":"Required","path":["userId"],"received":"undefined"}],"level":"error","message":"Validation error:","timestamp":"2026-09-21T10:18:33.088Z"}
{"level":"info","message":"POST /api/v1/accounts 400 117 - 4.481 ms","timestamp":"2026-09-21T10:18:33.091Z"}
{"accountId":"1789985913118ogd6ew","level":"info","message":"Account created","timestamp":"2026-09-21T10:18:33.156Z"}
{"level":"info","message":"POST /api/v1/accounts 201 140 - 39.317 ms","timestamp":"2026-09-21T10:18:33.158Z"}
{"errors":[{"code":"too_small","exact":false,"inclusive":true,"message":"User ID is required","minimum":1,"path":["userId"],"type":"string"}],"level":"error","message":"Validation error:","timestamp":"2026-09-21T10:18:33.188Z"}
{"level":"info","message":"POST /api/v1/accounts 400 141 - 1.898 ms","timestamp":"2026-09-21T10:18:33.190Z"}
{"level":"info","message":"GET /api/v1/accounts 200 2 - 9.943 ms","timestamp":"2026-09-21T10:18:33.228Z"}
{"details":null,"level":"warn","message":"DOMAIN EXCEPTION: Authentication required","statusCode":401,"timestamp":"2026-09-21T10:18:33.250Z"}
{"level":"info","message":"GET /api/v1/accounts 401 35 - 1.498 ms","timestamp":"2026-09-21T10:18:33.252Z"}
{"accountId":"1789985913279ri7hkc","level":"info","message":"Account created","timestamp":"2026-09-21T10:18:33.304Z"}
{"level":"info","message":"POST /api/v1/accounts 201 142 - 26.279 ms","timestamp":"2026-09-21T10:18:33.305Z"}
{"level":"info","message":"DELETE /api/v1/accounts/1789985913279ri7hkc 200 42 - 35.581 ms","timestamp":"2026-09-21T10:18:33.352Z"}
{"accountId":"1789985913384nd5aon","level":"info","message":"Account created","timestamp":"2026-09-21T10:18:33.394Z"}
{"level":"info","message":"POST /api/v1/accounts 201 133 - 12.013 ms","timestamp":"2026-09-21T10:18:33.396Z"}
{"accountId":"1789985913406fujzev","level":"info","message":"Account created","timestamp":"2026-09-21T10:18:33.415Z"}
{"level":"info","message":"POST /api/v1/accounts 201 138 - 9.776 ms","timestamp":"2026-09-21T10:18:33.416Z"}
{"level":"info","message":"POST /api/v1/auth/login 200 315 - 156.340 ms","timestamp":"2026-09-21T10:18:33.426Z"}
{"level":"info","message":"DELETE /api/v1/accounts/1789985913406fujzev 200 42 - 8.499 ms","timestamp":"2026-09-21T10:18:33.434Z"}
{"level":"info","message":"GET /api/v1/accounts 200 135 - 5.452 ms","timestamp":"2026-09-21T10:18:33.449Z"}
{"details":{"id":"non-existent-account-id","reason":"Not Found","resource":"Account"},"level":"warn","message":"DOMAIN EXCEPTION: Account not found","statusCode":404,"timestamp":"2026-09-21T10:18:33.480Z"}
{"level":"info","message":"DELETE /api/v1/accounts/non-existent-account-id 404 114 - 5.152 ms","timestamp":"2026-09-21T10:18:33.481Z"}
{"details":null,"level":"warn","message":"DOMAIN EXCEPTION: Authenticated user not found","statusCode":401,"timestamp":"2026-09-21T10:18:33.526Z"}
{"level":"info","message":"POST /api/v1/transfers 401 40 - 683.496 ms","timestamp":"2026-09-21T10:18:33.528Z"}
{"level":"info","message":"POST /api/v1/auth/signup 201 563 - 191.989 ms","timestamp":"2026-09-21T10:18:33.750Z"}
{"level":"info","message":"POST /api/v1/auth/login 200 438 - 247.332 ms","timestamp":"2026-09-21T10:18:33.907Z"}
{"level":"info","message":"GET /api/v1/auth/me 200 134 - 8.024 ms","timestamp":"2026-09-21T10:18:33.929Z"}
{"level":"info","message":"POST /api/v1/auth/signup 201 548 - 260.805 ms","timestamp":"2026-09-21T10:18:34.021Z"}
{"details":{"id":"1789985913716gjg6ec","resource":"Account"},"level":"warn","message":"DOMAIN EXCEPTION: Cannot initiate transfer from an account you do not own","statusCode":403,"timestamp":"2026-09-21T10:18:34.045Z"}
{"level":"info","message":"POST /api/v1/transfers 403 127 - 15.851 ms","timestamp":"2026-09-21T10:18:34.047Z"}
{"level":"info","message":"GET /api/v1/accounts/1789985913716gjg6ec 200 128 - 8.216 ms","timestamp":"2026-09-21T10:18:34.065Z"}
{"level":"info","message":"POST /api/v1/auth/signup 201 563 - 154.208 ms","timestamp":"2026-09-21T10:18:34.245Z"}
{"details":null,"level":"warn","message":"DOMAIN EXCEPTION: Invalid email or password","statusCode":401,"timestamp":"2026-09-21T10:18:34.252Z"}
{"level":"info","message":"POST /api/v1/auth/login 401 37 - 111.850 ms","timestamp":"2026-09-21T10:18:34.253Z"}
{"accountId":"1789985914252dgy0e8","level":"info","message":"Account created","timestamp":"2026-09-21T10:18:34.261Z"}
{"level":"info","message":"POST /api/v1/accounts 201 122 - 11.012 ms","timestamp":"2026-09-21T10:18:34.262Z"}
{"details":{"id":"not-alice-account","resource":"Account"},"level":"warn","message":"DOMAIN EXCEPTION: Cannot initiate transfer from an account you do not own","statusCode":403,"timestamp":"2026-09-21T10:18:34.277Z"}
{"details":null,"level":"warn","message":"DOMAIN EXCEPTION: Authentication required","statusCode":401,"timestamp":"2026-09-21T10:18:34.277Z"}
{"level":"info","message":"POST /api/v1/transfers 403 125 - 8.813 ms","timestamp":"2026-09-21T10:18:34.278Z"}
{"level":"info","message":"GET /api/v1/auth/me 401 35 - 1.366 ms","timestamp":"2026-09-21T10:18:34.278Z"}
{"details":null,"level":"warn","message":"DOMAIN EXCEPTION: Authentication required","statusCode":401,"timestamp":"2026-09-21T10:18:34.299Z"}
{"level":"info","message":"GET /api/v1/admin/stats 401 35 - 1.431 ms","timestamp":"2026-09-21T10:18:34.301Z"}
{"level":"info","message":"POST /api/v1/auth/token 200 305 - 0.829 ms","timestamp":"2026-09-21T10:18:34.321Z"}
{"details":{"requiredRoles":["admin"],"userRole":"user"},"level":"warn","message":"DOMAIN EXCEPTION: Forbidden: Insufficient permissions","statusCode":403,"timestamp":"2026-09-21T10:18:34.327Z"}
{"level":"info","message":"GET /api/v1/admin/stats 403 103 - 1.738 ms","timestamp":"2026-09-21T10:18:34.328Z"}
{"accountId":"1789985914356phs12l","level":"info","message":"Account created","timestamp":"2026-09-21T10:18:34.368Z"}
{"level":"info","message":"POST /api/v1/accounts 201 139 - 18.451 ms","timestamp":"2026-09-21T10:18:34.370Z"}
{"level":"info","message":"POST /api/v1/auth/token 200 315 - 1.123 ms","timestamp":"2026-09-21T10:18:34.380Z"}
{"level":"info","message":"GET /api/v1/admin/stats 200 66 - 25.107 ms","timestamp":"2026-09-21T10:18:34.412Z"}
{"level":"info","message":"POST /api/v1/auth/signup 201 563 - 163.916 ms","timestamp":"2026-09-21T10:18:34.468Z"}
{"errors":[{"code":"custom","message":"Cannot transfer to the same account","path":["toAccountId"]}],"level":"error","message":"Validation error:","timestamp":"2026-09-21T10:18:34.480Z"}
{"level":"info","message":"POST /api/v1/transfers 400 100 - 1.363 ms","timestamp":"2026-09-21T10:18:34.482Z"}
{"level":"info","message":"POST /api/v1/auth/signup 201 563 - 161.248 ms","timestamp":"2026-09-21T10:18:34.689Z"}
{"level":"error","message":"EXPRESS ERROR HANDLER: accountFrom is not defined","stack":"ReferenceError: accountFrom is not defined\n    at file:///C:/Users/PROGRESSIVE/Desktop/express-money-transfer/services/transfer.js:169:9\n    at ClientSession.withTransaction (C:\\Users\\PROGRESSIVE\\Desktop\\express-money-transfer\\node_modules\\mongodb\\lib\\sessions.js:561:37)\n    at newTransfer (file:///C:/Users/PROGRESSIVE/Desktop/express-money-transfer/services/transfer.js:159:21)\n    at process.processTicksAndRejections (node:internal/process/task_queues:104:5)\n    at async file:///C:/Users/PROGRESSIVE/Desktop/express-money-transfer/controllers/transfer.js:9:25","timestamp":"2026-09-21T10:18:34.714Z"}
{"level":"info","message":"POST /api/v1/transfers 500 38 - 1872.540 ms","timestamp":"2026-09-21T10:18:34.716Z"}
{"level":"error","message":"EXPRESS ERROR HANDLER: accountFrom is not defined","stack":"ReferenceError: accountFrom is not defined\n    at file:///C:/Users/PROGRESSIVE/Desktop/express-money-transfer/services/transfer.js:169:9\n    at ClientSession.withTransaction (C:\\Users\\PROGRESSIVE\\Desktop\\express-money-transfer\\node_modules\\mongodb\\lib\\sessions.js:561:37)\n    at newTransfer (file:///C:/Users/PROGRESSIVE/Desktop/express-money-transfer/services/transfer.js:159:21)\n    at process.processTicksAndRejections (node:internal/process/task_queues:104:5)\n    at async file:///C:/Users/PROGRESSIVE/Desktop/express-money-transfer/controllers/transfer.js:9:25","timestamp":"2026-09-21T10:18:35.421Z"}
{"level":"info","message":"POST /api/v1/transfers 500 38 - 726.528 ms","timestamp":"2026-09-21T10:18:35.423Z"}
{"level":"info","message":"POST /api/v1/auth/signup 201 563 - 413.052 ms","timestamp":"2026-09-21T10:18:35.889Z"}
{"accountId":"17899859160114lws4f","level":"info","message":"Account created","timestamp":"2026-09-21T10:18:36.141Z"}
{"level":"info","message":"POST /api/v1/accounts 201 122 - 131.688 ms","timestamp":"2026-09-21T10:18:36.142Z"}
{"level":"error","message":"EXPRESS ERROR HANDLER: accountFrom is not defined","stack":"ReferenceError: accountFrom is not defined\n    at file:///C:/Users/PROGRESSIVE/Desktop/express-money-transfer/services/transfer.js:169:9\n    at ClientSession.withTransaction (C:\\Users\\PROGRESSIVE\\Desktop\\express-money-transfer\\node_modules\\mongodb\\lib\\sessions.js:561:37)\n    at newTransfer (file:///C:/Users/PROGRESSIVE/Desktop/express-money-transfer/services/transfer.js:159:21)\n    at process.processTicksAndRejections (node:internal/process/task_queues:104:5)\n    at async file:///C:/Users/PROGRESSIVE/Desktop/express-money-transfer/controllers/transfer.js:9:25","timestamp":"2026-09-21T10:18:36.792Z"}
{"level":"info","message":"POST /api/v1/transfers 500 38 - 644.515 ms","timestamp":"2026-09-21T10:18:36.793Z"}
{"level":"info","message":"POST /api/v1/auth/signup 201 561 - 152.474 ms","timestamp":"2026-09-21T10:18:36.972Z"}
{"accountId":"17899859169796z7zft","level":"info","message":"Account created","timestamp":"2026-09-21T10:18:36.990Z"}
{"level":"info","message":"POST /api/v1/accounts 201 122 - 12.029 ms","timestamp":"2026-09-21T10:18:36.991Z"}
{"level":"error","message":"EXPRESS ERROR HANDLER: accountFrom is not defined","stack":"ReferenceError: accountFrom is not defined\n    at file:///C:/Users/PROGRESSIVE/Desktop/express-money-transfer/services/transfer.js:169:9\n    at ClientSession.withTransaction (C:\\Users\\PROGRESSIVE\\Desktop\\express-money-transfer\\node_modules\\mongodb\\lib\\sessions.js:561:37)\n    at newTransfer (file:///C:/Users/PROGRESSIVE/Desktop/express-money-transfer/services/transfer.js:159:21)\n    at process.processTicksAndRejections (node:internal/process/task_queues:104:5)\n    at async file:///C:/Users/PROGRESSIVE/Desktop/express-money-transfer/controllers/transfer.js:9:25","timestamp":"2026-09-21T10:18:37.652Z"}
{"level":"info","message":"POST /api/v1/transfers 500 38 - 654.078 ms","timestamp":"2026-09-21T10:18:37.654Z"}
{"level":"info","message":"POST /api/v1/auth/signup 201 563 - 146.909 ms","timestamp":"2026-09-21T10:18:37.855Z"}
{"accountId":"1789985917860hqutio","level":"info","message":"Account created","timestamp":"2026-09-21T10:18:37.867Z"}
{"level":"info","message":"POST /api/v1/accounts 201 122 - 8.186 ms","timestamp":"2026-09-21T10:18:37.868Z"}
{"level":"error","message":"EXPRESS ERROR HANDLER: accountFrom is not defined","stack":"ReferenceError: accountFrom is not defined\n    at file:///C:/Users/PROGRESSIVE/Desktop/express-money-transfer/services/transfer.js:169:9\n    at ClientSession.withTransaction (C:\\Users\\PROGRESSIVE\\Desktop\\express-money-transfer\\node_modules\\mongodb\\lib\\sessions.js:561:37)\n    at newTransfer (file:///C:/Users/PROGRESSIVE/Desktop/express-money-transfer/services/transfer.js:159:21)\n    at process.processTicksAndRejections (node:internal/process/task_queues:104:5)\n    at async file:///C:/Users/PROGRESSIVE/Desktop/express-money-transfer/controllers/transfer.js:9:25","timestamp":"2026-09-21T10:18:38.524Z"}
{"level":"info","message":"POST /api/v1/transfers 500 38 - 649.716 ms","timestamp":"2026-09-21T10:18:38.525Z"}
{"level":"info","message":"POST /api/v1/auth/signup 201 563 - 124.427 ms","timestamp":"2026-09-21T10:18:38.674Z"}
{"accountId":"17899859186793til5l","level":"info","message":"Account created","timestamp":"2026-09-21T10:18:38.716Z"}
{"level":"info","message":"POST /api/v1/accounts 201 122 - 37.106 ms","timestamp":"2026-09-21T10:18:38.717Z"}
{"level":"error","message":"EXPRESS ERROR HANDLER: accountFrom is not defined","stack":"ReferenceError: accountFrom is not defined\n    at file:///C:/Users/PROGRESSIVE/Desktop/express-money-transfer/services/transfer.js:169:9\n    at ClientSession.withTransaction (C:\\Users\\PROGRESSIVE\\Desktop\\express-money-transfer\\node_modules\\mongodb\\lib\\sessions.js:561:37)\n    at newTransfer (file:///C:/Users/PROGRESSIVE/Desktop/express-money-transfer/services/transfer.js:159:21)\n    at process.processTicksAndRejections (node:internal/process/task_queues:104:5)\n    at async file:///C:/Users/PROGRESSIVE/Desktop/express-money-transfer/controllers/transfer.js:9:25","timestamp":"2026-09-21T10:18:39.380Z"}
{"level":"info","message":"POST /api/v1/transfers 500 38 - 658.422 ms","timestamp":"2026-09-21T10:18:39.381Z"}
{"level":"error","message":"EXPRESS ERROR HANDLER: accountFrom is not defined","stack":"ReferenceError: accountFrom is not defined\n    at file:///C:/Users/PROGRESSIVE/Desktop/express-money-transfer/services/transfer.js:169:9\n    at ClientSession.withTransaction (C:\\Users\\PROGRESSIVE\\Desktop\\express-money-transfer\\node_modules\\mongodb\\lib\\sessions.js:561:37)\n    at newTransfer (file:///C:/Users/PROGRESSIVE/Desktop/express-money-transfer/services/transfer.js:159:21)\n    at process.processTicksAndRejections (node:internal/process/task_queues:104:5)\n    at async file:///C:/Users/PROGRESSIVE/Desktop/express-money-transfer/controllers/transfer.js:9:25","timestamp":"2026-09-21T10:18:40.004Z"}
{"level":"info","message":"POST /api/v1/transfers 500 38 - 617.064 ms","timestamp":"2026-09-21T10:18:40.005Z"}
{"error":"Connection lost","key":"lock:key","level":"warn","message":"Failed to release lock","timestamp":"2026-09-21T10:19:29.219Z"}
{"accountId":"acc-bob","level":"info","message":"Account created","timestamp":"2026-09-21T10:19:30.133Z"}
{"amount":"5000","fromAccountId":"acc-1","initiatedBy":"usr-1","level":"info","message":"Transfer completed","timestamp":"2026-09-21T10:19:30.154Z","toAccountId":"acc-2","transferId":"tr-1"}
{"details":null,"level":"warn","message":"DOMAIN EXCEPTION: Authentication required","statusCode":401,"timestamp":"2026-09-21T10:19:33.952Z"}
{"level":"info","message":"GET /api/v1/accounts 401 35 - 21.053 ms","timestamp":"2026-09-21T10:19:33.977Z"}
{"level":"info","message":"GET /api/v1/accounts 200 2 - 53.155 ms","timestamp":"2026-09-21T10:19:34.057Z"}
{"details":null,"level":"warn","message":"DOMAIN EXCEPTION: Authentication required","statusCode":401,"timestamp":"2026-09-21T10:19:34.127Z"}
{"level":"info","message":"GET /api/v1/accounts 401 35 - 24.374 ms","timestamp":"2026-09-21T10:19:34.149Z"}
{"details":null,"level":"warn","message":"DOMAIN EXCEPTION: Authentication required","statusCode":401,"timestamp":"2026-09-21T10:19:34.163Z"}
{"level":"info","message":"POST /api/v1/transfers 401 35 - 34.034 ms","timestamp":"2026-09-21T10:19:34.187Z"}
{"accountId":"1789985973942hhqfk9","level":"info","message":"Account created","timestamp":"2026-09-21T10:19:34.568Z"}
{"level":"info","message":"POST /api/v1/accounts 201 129 - 643.794 ms","timestamp":"2026-09-21T10:19:34.584Z"}
{"accountId":"1789985974646rq2q1k","level":"info","message":"Account created","timestamp":"2026-09-21T10:19:34.659Z"}
{"level":"info","message":"POST /api/v1/accounts 201 134 - 15.571 ms","timestamp":"2026-09-21T10:19:34.661Z"}
{"details":{"email":"duplicate@example.com","resource":"Account"},"level":"warn","message":"DOMAIN EXCEPTION: Account already exists for this email","statusCode":409,"timestamp":"2026-09-21T10:19:34.683Z"}
{"level":"info","message":"POST /api/v1/accounts 409 114 - 11.385 ms","timestamp":"2026-09-21T10:19:34.685Z"}
{"level":"info","message":"POST /api/v1/auth/signup 201 587 - 617.403 ms","timestamp":"2026-09-21T10:19:34.717Z"}
{"errors":[{"code":"invalid_type","expected":"string","message":"Required","path":["userId"],"received":"undefined"}],"level":"error","message":"Validation error:","timestamp":"2026-09-21T10:19:34.732Z"}
{"level":"info","message":"POST /api/v1/accounts 400 117 - 3.239 ms","timestamp":"2026-09-21T10:19:34.735Z"}
{"details":null,"level":"warn","message":"DOMAIN EXCEPTION: Admin or Superadmin cannot perform this action","statusCode":403,"timestamp":"2026-09-21T10:19:34.740Z"}
{"level":"info","message":"POST /api/v1/transfers 403 58 - 6.938 ms","timestamp":"2026-09-21T10:19:34.742Z"}
{"accountId":"1789985974735y24rih","level":"info","message":"Account created","timestamp":"2026-09-21T10:19:34.748Z"}
{"level":"info","message":"POST /api/v1/accounts 201 129 - 19.265 ms","timestamp":"2026-09-21T10:19:34.750Z"}
{"accountId":"1789985974761un2xb1","level":"info","message":"Account created","timestamp":"2026-09-21T10:19:34.775Z"}
{"level":"info","message":"POST /api/v1/accounts 201 140 - 15.176 ms","timestamp":"2026-09-21T10:19:34.777Z"}
{"details":{"email":"alice@example.com","resource":"Account"},"level":"warn","message":"DOMAIN EXCEPTION: Account already exists for this email","statusCode":409,"timestamp":"2026-09-21T10:19:34.778Z"}
{"level":"info","message":"POST /api/v1/accounts 409 110 - 15.155 ms","timestamp":"2026-09-21T10:19:34.780Z"}
{"errors":[{"code":"too_small","exact":false,"inclusive":false,"message":"Amount must be a positive number","minimum":0,"path":["amountMinor"],"type":"number"},{"code":"too_small","exact":false,"inclusive":true,"message":"Amount must be at least 1","minimum":1,"path":["amountMinor"],"type":"number"}],"level":"error","message":"Validation error:","timestamp":"2026-09-21T10:19:34.795Z"}
{"level":"info","message":"POST /api/v1/transfers 400 301 - 4.851 ms","timestamp":"2026-09-21T10:19:34.797Z"}
{"level":"info","message":"POST /api/v1/auth/token 200 303 - 9.704 ms","timestamp":"2026-09-21T10:19:34.805Z"}
{"errors":[{"code":"too_small","exact":false,"inclusive":true,"message":"User ID is required","minimum":1,"path":["userId"],"type":"string"}],"level":"error","message":"Validation error:","timestamp":"2026-09-21T10:19:34.812Z"}
{"level":"info","message":"POST /api/v1/accounts 400 141 - 1.822 ms","timestamp":"2026-09-21T10:19:34.813Z"}
{"level":"info","message":"GET /api/v1/accounts 200 2 - 12.296 ms","timestamp":"2026-09-21T10:19:34.858Z"}
{"details":null,"level":"warn","message":"DOMAIN EXCEPTION: Authentication required","statusCode":401,"timestamp":"2026-09-21T10:19:34.878Z"}
{"level":"info","message":"GET /api/v1/accounts 401 35 - 1.011 ms","timestamp":"2026-09-21T10:19:34.879Z"}
{"accountId":"1789985974902yjms6y","level":"info","message":"Account created","timestamp":"2026-09-21T10:19:34.944Z"}
{"level":"info","message":"POST /api/v1/accounts 201 142 - 43.291 ms","timestamp":"2026-09-21T10:19:34.946Z"}
{"level":"info","message":"DELETE /api/v1/accounts/1789985974902yjms6y 200 42 - 20.051 ms","timestamp":"2026-09-21T10:19:34.977Z"}
{"level":"info","message":"POST /api/v1/auth/signup 201 563 - 225.478 ms","timestamp":"2026-09-21T10:19:34.997Z"}
{"errors":[{"code":"custom","message":"Idempotency-Key header is required","path":["idempotency-key"]}],"level":"error","message":"Validation error:","timestamp":"2026-09-21T10:19:35.012Z"}
{"level":"info","message":"POST /api/v1/transfers 400 103 - 4.227 ms","timestamp":"2026-09-21T10:19:35.015Z"}
{"accountId":"1789985975010yuij4q","level":"info","message":"Account created","timestamp":"2026-09-21T10:19:35.021Z"}
{"level":"info","message":"POST /api/v1/accounts 201 133 - 12.747 ms","timestamp":"2026-09-21T10:19:35.023Z"}
{"accountId":"1789985975032gjkgni","level":"info","message":"Account created","timestamp":"2026-09-21T10:19:35.055Z"}
{"level":"info","message":"POST /api/v1/accounts 201 138 - 24.503 ms","timestamp":"2026-09-21T10:19:35.057Z"}
{"level":"info","message":"DELETE /api/v1/accounts/1789985975032gjkgni 200 42 - 10.430 ms","timestamp":"2026-09-21T10:19:35.076Z"}
{"level":"info","message":"POST /api/v1/auth/signup 201 597 - 244.306 ms","timestamp":"2026-09-21T10:19:35.079Z"}
{"level":"info","message":"GET /api/v1/accounts 200 135 - 7.188 ms","timestamp":"2026-09-21T10:19:35.091Z"}
{"level":"info","message":"GET /api/v1/auth/me 200 138 - 16.730 ms","timestamp":"2026-09-21T10:19:35.107Z"}
{"details":{"id":"non-existent-account-id","reason":"Not Found","resource":"Account"},"level":"warn","message":"DOMAIN EXCEPTION: Account not found","statusCode":404,"timestamp":"2026-09-21T10:19:35.124Z"}
{"level":"info","message":"DELETE /api/v1/accounts/non-existent-account-id 404 114 - 6.802 ms","timestamp":"2026-09-21T10:19:35.125Z"}
{"level":"info","message":"POST /api/v1/auth/signup 201 597 - 203.030 ms","timestamp":"2026-09-21T10:19:35.342Z"}
{"details":{"email":"duplicate@test.com"},"level":"warn","message":"DOMAIN EXCEPTION: User with this email already exists","statusCode":409,"timestamp":"2026-09-21T10:19:35.368Z"}
{"level":"info","message":"POST /api/v1/auth/signup 409 88 - 9.909 ms","timestamp":"2026-09-21T10:19:35.371Z"}
{"details":null,"level":"warn","message":"DOMAIN EXCEPTION: Authenticated user not found","statusCode":401,"timestamp":"2026-09-21T10:19:35.475Z"}
{"level":"info","message":"POST /api/v1/transfers 401 40 - 398.434 ms","timestamp":"2026-09-21T10:19:35.480Z"}
{"level":"info","message":"POST /api/v1/auth/signup 201 563 - 253.518 ms","timestamp":"2026-09-21T10:19:35.774Z"}
{"level":"info","message":"POST /api/v1/auth/login 200 315 - 125.784 ms","timestamp":"2026-09-21T10:19:35.823Z"}
{"level":"info","message":"POST /api/v1/auth/signup 201 548 - 166.361 ms","timestamp":"2026-09-21T10:19:35.948Z"}
{"details":{"id":"1789985975761eggq4g","resource":"Account"},"level":"warn","message":"DOMAIN EXCEPTION: Cannot initiate transfer from an account you do not own","statusCode":403,"timestamp":"2026-09-21T10:19:35.965Z"}
{"level":"info","message":"POST /api/v1/transfers 403 127 - 10.445 ms","timestamp":"2026-09-21T10:19:35.966Z"}
{"level":"info","message":"GET /api/v1/accounts/1789985975761eggq4g 200 128 - 4.833 ms","timestamp":"2026-09-21T10:19:35.978Z"}
{"details":{"fromBalance":"100000","transferAmount":"500000"},"level":"warn","message":"DOMAIN EXCEPTION: Insufficient funds","statusCode":400,"timestamp":"2026-09-21T10:19:36.008Z"}
{"level":"info","message":"POST /api/v1/transfers 400 91 - 1201.105 ms","timestamp":"2026-09-21T10:19:36.010Z"}
{"level":"info","message":"POST /api/v1/auth/login 200 438 - 122.271 ms","timestamp":"2026-09-21T10:19:36.106Z"}
{"level":"info","message":"GET /api/v1/auth/me 200 134 - 6.746 ms","timestamp":"2026-09-21T10:19:36.119Z"}
{"level":"info","message":"POST /api/v1/auth/signup 201 563 - 132.413 ms","timestamp":"2026-09-21T10:19:36.133Z"}
{"accountId":"1789985976143q5ac3m","level":"info","message":"Account created","timestamp":"2026-09-21T10:19:36.152Z"}
{"level":"info","message":"POST /api/v1/accounts 201 122 - 10.593 ms","timestamp":"2026-09-21T10:19:36.154Z"}
{"details":{"id":"not-alice-account","resource":"Account"},"level":"warn","message":"DOMAIN EXCEPTION: Cannot initiate transfer from an account you do not own","statusCode":403,"timestamp":"2026-09-21T10:19:36.167Z"}
{"level":"info","message":"POST /api/v1/transfers 403 125 - 7.168 ms","timestamp":"2026-09-21T10:19:36.168Z"}
{"level":"info","message":"POST /api/v1/auth/signup 201 563 - 152.296 ms","timestamp":"2026-09-21T10:19:36.345Z"}
{"errors":[{"code":"custom","message":"Cannot transfer to the same account","path":["toAccountId"]}],"level":"error","message":"Validation error:","timestamp":"2026-09-21T10:19:36.350Z"}
{"level":"info","message":"POST /api/v1/transfers 400 100 - 1.097 ms","timestamp":"2026-09-21T10:19:36.351Z"}
{"details":null,"level":"warn","message":"DOMAIN EXCEPTION: Invalid email or password","statusCode":401,"timestamp":"2026-09-21T10:19:36.384Z"}
{"level":"info","message":"POST /api/v1/auth/login 401 37 - 111.840 ms","timestamp":"2026-09-21T10:19:36.385Z"}
{"details":null,"level":"warn","message":"DOMAIN EXCEPTION: Authentication required","statusCode":401,"timestamp":"2026-09-21T10:19:36.406Z"}
{"level":"info","message":"GET /api/v1/auth/me 401 35 - 1.263 ms","timestamp":"2026-09-21T10:19:36.407Z"}
{"details":null,"level":"warn","message":"DOMAIN EXCEPTION: Authentication required","statusCode":401,"timestamp":"2026-09-21T10:19:36.426Z"}
{"level":"info","message":"GET /api/v1/admin/stats 401 35 - 0.978 ms","timestamp":"2026-09-21T10:19:36.427Z"}
{"level":"info","message":"POST /api/v1/auth/token 200 305 - 0.747 ms","timestamp":"2026-09-21T10:19:36.445Z"}
{"details":{"requiredRoles":["admin"],"userRole":"user"},"level":"warn","message":"DOMAIN EXCEPTION: Forbidden: Insufficient permissions","statusCode":403,"timestamp":"2026-09-21T10:19:36.452Z"}
{"level":"info","message":"GET /api/v1/admin/stats 403 103 - 2.209 ms","timestamp":"2026-09-21T10:19:36.453Z"}
{"accountId":"1789985976476aiey9d","level":"info","message":"Account created","timestamp":"2026-09-21T10:19:36.485Z"}
{"level":"info","message":"POST /api/v1/accounts 201 139 - 14.273 ms","timestamp":"2026-09-21T10:19:36.486Z"}
{"level":"info","message":"POST /api/v1/auth/token 200 315 - 0.857 ms","timestamp":"2026-09-21T10:19:36.494Z"}
{"level":"info","message":"POST /api/v1/auth/signup 201 563 - 149.713 ms","timestamp":"2026-09-21T10:19:36.523Z"}
{"level":"info","message":"GET /api/v1/admin/stats 200 66 - 14.980 ms","timestamp":"2026-09-21T10:19:36.529Z"}
{"level":"error","message":"EXPRESS ERROR HANDLER: transferAmount is not defined","stack":"ReferenceError: transferAmount is not defined\n    at file:///C:/Users/PROGRESSIVE/Desktop/express-money-transfer/services/transfer.js:233:19\n    at process.processTicksAndRejections (node:internal/process/task_queues:104:5)\n    at async ClientSession.withTransaction (C:\\Users\\PROGRESSIVE\\Desktop\\express-money-transfer\\node_modules\\mongodb\\lib\\sessions.js:567:30)\n    at async newTransfer (file:///C:/Users/PROGRESSIVE/Desktop/express-money-transfer/services/transfer.js:159:7)\n    at async file:///C:/Users/PROGRESSIVE/Desktop/express-money-transfer/controllers/transfer.js:9:25","timestamp":"2026-09-21T10:19:36.641Z"}
{"level":"info","message":"POST /api/v1/transfers 500 41 - 624.492 ms","timestamp":"2026-09-21T10:19:36.644Z"}
{"details":{"id":"nonexistent-destination","reason":"Not Found","resource":"Account"},"level":"warn","message":"DOMAIN EXCEPTION: Account not found","statusCode":404,"timestamp":"2026-09-21T10:19:37.240Z"}
{"level":"info","message":"POST /api/v1/transfers 404 114 - 710.624 ms","timestamp":"2026-09-21T10:19:37.241Z"}
{"level":"info","message":"POST /api/v1/auth/signup 201 563 - 242.264 ms","timestamp":"2026-09-21T10:19:37.509Z"}
{"accountId":"17899859775160qtwl9","level":"info","message":"Account created","timestamp":"2026-09-21T10:19:37.524Z"}
{"level":"info","message":"POST /api/v1/accounts 201 122 - 9.174 ms","timestamp":"2026-09-21T10:19:37.525Z"}
{"level":"error","message":"EXPRESS ERROR HANDLER: transferAmount is not defined","stack":"ReferenceError: transferAmount is not defined\n    at file:///C:/Users/PROGRESSIVE/Desktop/express-money-transfer/services/transfer.js:233:19\n    at process.processTicksAndRejections (node:internal/process/task_queues:104:5)\n    at async ClientSession.withTransaction (C:\\Users\\PROGRESSIVE\\Desktop\\express-money-transfer\\node_modules\\mongodb\\lib\\sessions.js:567:30)\n    at async newTransfer (file:///C:/Users/PROGRESSIVE/Desktop/express-money-transfer/services/transfer.js:159:7)\n    at async file:///C:/Users/PROGRESSIVE/Desktop/express-money-transfer/controllers/transfer.js:9:25","timestamp":"2026-09-21T10:19:38.161Z"}
{"level":"info","message":"POST /api/v1/transfers 500 41 - 629.566 ms","timestamp":"2026-09-21T10:19:38.162Z"}
{"level":"info","message":"POST /api/v1/auth/signup 201 561 - 132.728 ms","timestamp":"2026-09-21T10:19:38.322Z"}
{"accountId":"1789985978328elh23h","level":"info","message":"Account created","timestamp":"2026-09-21T10:19:38.337Z"}
{"level":"info","message":"POST /api/v1/accounts 201 122 - 9.919 ms","timestamp":"2026-09-21T10:19:38.338Z"}
{"details":{"fromBalance":"10000","transferAmount":"20000"},"level":"warn","message":"DOMAIN EXCEPTION: Insufficient funds","statusCode":400,"timestamp":"2026-09-21T10:19:39.088Z"}
{"level":"info","message":"POST /api/v1/transfers 400 89 - 744.125 ms","timestamp":"2026-09-21T10:19:39.089Z"}
{"level":"info","message":"POST /api/v1/auth/signup 201 563 - 138.634 ms","timestamp":"2026-09-21T10:19:39.278Z"}
{"accountId":"1789985979285793drt","level":"info","message":"Account created","timestamp":"2026-09-21T10:19:39.293Z"}
{"level":"info","message":"POST /api/v1/accounts 201 122 - 9.327 ms","timestamp":"2026-09-21T10:19:39.294Z"}
{"level":"error","message":"EXPRESS ERROR HANDLER: transferAmount is not defined","stack":"ReferenceError: transferAmount is not defined\n    at file:///C:/Users/PROGRESSIVE/Desktop/express-money-transfer/services/transfer.js:233:19\n    at process.processTicksAndRejections (node:internal/process/task_queues:104:5)\n    at async ClientSession.withTransaction (C:\\Users\\PROGRESSIVE\\Desktop\\express-money-transfer\\node_modules\\mongodb\\lib\\sessions.js:567:30)\n    at async newTransfer (file:///C:/Users/PROGRESSIVE/Desktop/express-money-transfer/services/transfer.js:159:7)\n    at async file:///C:/Users/PROGRESSIVE/Desktop/express-money-transfer/controllers/transfer.js:9:25","timestamp":"2026-09-21T10:19:40.268Z"}
{"level":"info","message":"POST /api/v1/transfers 500 41 - 968.161 ms","timestamp":"2026-09-21T10:19:40.269Z"}
{"level":"info","message":"POST /api/v1/auth/signup 201 563 - 123.490 ms","timestamp":"2026-09-21T10:19:40.418Z"}
{"accountId":"1789985980424jaacua","level":"info","message":"Account created","timestamp":"2026-09-21T10:19:40.430Z"}
{"level":"info","message":"POST /api/v1/accounts 201 122 - 6.964 ms","timestamp":"2026-09-21T10:19:40.431Z"}
{"level":"error","message":"EXPRESS ERROR HANDLER: transferAmount is not defined","stack":"ReferenceError: transferAmount is not defined\n    at file:///C:/Users/PROGRESSIVE/Desktop/express-money-transfer/services/transfer.js:233:19\n    at process.processTicksAndRejections (node:internal/process/task_queues:104:5)\n    at async ClientSession.withTransaction (C:\\Users\\PROGRESSIVE\\Desktop\\express-money-transfer\\node_modules\\mongodb\\lib\\sessions.js:567:30)\n    at async newTransfer (file:///C:/Users/PROGRESSIVE/Desktop/express-money-transfer/services/transfer.js:159:7)\n    at async file:///C:/Users/PROGRESSIVE/Desktop/express-money-transfer/controllers/transfer.js:9:25","timestamp":"2026-09-21T10:19:41.986Z"}
{"level":"info","message":"POST /api/v1/transfers 500 41 - 1550.250 ms","timestamp":"2026-09-21T10:19:41.988Z"}
{"level":"error","message":"EXPRESS ERROR HANDLER: transferAmount is not defined","stack":"ReferenceError: transferAmount is not defined\n    at file:///C:/Users/PROGRESSIVE/Desktop/express-money-transfer/services/transfer.js:233:19\n    at process.processTicksAndRejections (node:internal/process/task_queues:104:5)\n    at async ClientSession.withTransaction (C:\\Users\\PROGRESSIVE\\Desktop\\express-money-transfer\\node_modules\\mongodb\\lib\\sessions.js:567:30)\n    at async newTransfer (file:///C:/Users/PROGRESSIVE/Desktop/express-money-transfer/services/transfer.js:159:7)\n    at async file:///C:/Users/PROGRESSIVE/Desktop/express-money-transfer/controllers/transfer.js:9:25","timestamp":"2026-09-21T10:19:42.849Z"}
{"level":"info","message":"POST /api/v1/transfers 500 41 - 856.515 ms","timestamp":"2026-09-21T10:19:42.850Z"}
{"error":"Connection lost","key":"lock:key","level":"warn","message":"Failed to release lock","timestamp":"2026-09-21T10:23:08.537Z"}
{"accountId":"acc-bob","level":"info","message":"Account created","timestamp":"2026-09-21T10:23:09.975Z"}
{"amount":"5000","fromAccountId":"acc-1","initiatedBy":"usr-1","level":"info","message":"Transfer completed","timestamp":"2026-09-21T10:23:10.000Z","toAccountId":"acc-2","transferId":"tr-1"}
{"details":null,"level":"warn","message":"DOMAIN EXCEPTION: Authentication required","statusCode":401,"timestamp":"2026-09-21T10:23:14.698Z"}
{"level":"info","message":"GET /api/v1/accounts 401 35 - 38.717 ms","timestamp":"2026-09-21T10:23:14.725Z"}
{"details":null,"level":"warn","message":"DOMAIN EXCEPTION: Authentication required","statusCode":401,"timestamp":"2026-09-21T10:23:14.728Z"}
{"level":"info","message":"GET /api/v1/accounts 401 35 - 65.055 ms","timestamp":"2026-09-21T10:23:14.768Z"}
{"level":"info","message":"GET /api/v1/accounts 200 2 - 69.624 ms","timestamp":"2026-09-21T10:23:14.855Z"}
{"details":null,"level":"warn","message":"DOMAIN EXCEPTION: Authentication required","statusCode":401,"timestamp":"2026-09-21T10:23:14.850Z"}
{"level":"info","message":"POST /api/v1/transfers 401 35 - 38.964 ms","timestamp":"2026-09-21T10:23:14.878Z"}
{"level":"info","message":"POST /api/v1/auth/signup 201 587 - 288.941 ms","timestamp":"2026-09-21T10:23:15.211Z"}
{"accountId":"1789986195226lppnpy","level":"info","message":"Account created","timestamp":"2026-09-21T10:23:15.241Z"}
{"level":"info","message":"POST /api/v1/accounts 201 129 - 20.780 ms","timestamp":"2026-09-21T10:23:15.243Z"}
{"accountId":"17899861947351vku4y","level":"info","message":"Account created","timestamp":"2026-09-21T10:23:15.231Z"}
{"details":{"email":"alice@example.com","resource":"Account"},"level":"warn","message":"DOMAIN EXCEPTION: Account already exists for this email","statusCode":409,"timestamp":"2026-09-21T10:23:15.265Z"}
{"level":"info","message":"POST /api/v1/accounts 201 129 - 521.619 ms","timestamp":"2026-09-21T10:23:15.252Z"}
{"level":"info","message":"POST /api/v1/accounts 409 110 - 12.018 ms","timestamp":"2026-09-21T10:23:15.269Z"}
{"errors":[{"code":"too_small","exact":false,"inclusive":false,"message":"Amount must be a positive number","minimum":0,"path":["amountMinor"],"type":"number"},{"code":"too_small","exact":false,"inclusive":true,"message":"Amount must be at least 1","minimum":1,"path":["amountMinor"],"type":"number"}],"level":"error","message":"Validation error:","timestamp":"2026-09-21T10:23:15.283Z"}
{"level":"info","message":"POST /api/v1/transfers 400 301 - 4.295 ms","timestamp":"2026-09-21T10:23:15.285Z"}
{"level":"info","message":"POST /api/v1/auth/token 200 303 - 9.533 ms","timestamp":"2026-09-21T10:23:15.298Z"}
{"accountId":"1789986195398o30h20","level":"info","message":"Account created","timestamp":"2026-09-21T10:23:15.412Z"}
{"level":"info","message":"POST /api/v1/accounts 201 134 - 16.642 ms","timestamp":"2026-09-21T10:23:15.414Z"}
{"details":{"email":"duplicate@example.com","resource":"Account"},"level":"warn","message":"DOMAIN EXCEPTION: Account already exists for this email","statusCode":409,"timestamp":"2026-09-21T10:23:15.436Z"}
{"level":"info","message":"POST /api/v1/accounts 409 114 - 11.965 ms","timestamp":"2026-09-21T10:23:15.438Z"}
{"errors":[{"code":"invalid_type","expected":"string","message":"Required","path":["userId"],"received":"undefined"}],"level":"error","message":"Validation error:","timestamp":"2026-09-21T10:23:15.468Z"}
{"level":"info","message":"POST /api/v1/accounts 400 117 - 3.932 ms","timestamp":"2026-09-21T10:23:15.470Z"}
{"details":null,"level":"warn","message":"DOMAIN EXCEPTION: Admin or Superadmin cannot perform this action","statusCode":403,"timestamp":"2026-09-21T10:23:15.473Z"}
{"level":"info","message":"POST /api/v1/transfers 403 58 - 6.512 ms","timestamp":"2026-09-21T10:23:15.475Z"}
{"accountId":"1789986195496nqqgjd","level":"info","message":"Account created","timestamp":"2026-09-21T10:23:15.508Z"}
{"level":"info","message":"POST /api/v1/accounts 201 140 - 13.030 ms","timestamp":"2026-09-21T10:23:15.510Z"}
{"errors":[{"code":"too_small","exact":false,"inclusive":true,"message":"User ID is required","minimum":1,"path":["userId"],"type":"string"}],"level":"error","message":"Validation error:","timestamp":"2026-09-21T10:23:15.545Z"}
{"level":"info","message":"POST /api/v1/accounts 400 141 - 1.998 ms","timestamp":"2026-09-21T10:23:15.547Z"}
{"level":"info","message":"GET /api/v1/accounts 200 2 - 11.519 ms","timestamp":"2026-09-21T10:23:15.590Z"}
{"level":"info","message":"POST /api/v1/auth/signup 201 597 - 266.233 ms","timestamp":"2026-09-21T10:23:15.607Z"}
{"details":null,"level":"warn","message":"DOMAIN EXCEPTION: Authentication required","statusCode":401,"timestamp":"2026-09-21T10:23:15.619Z"}
{"level":"info","message":"GET /api/v1/accounts 401 35 - 1.520 ms","timestamp":"2026-09-21T10:23:15.620Z"}
{"level":"info","message":"GET /api/v1/auth/me 200 138 - 20.829 ms","timestamp":"2026-09-21T10:23:15.640Z"}
{"accountId":"1789986195648xcjzvr","level":"info","message":"Account created","timestamp":"2026-09-21T10:23:15.659Z"}
{"level":"info","message":"POST /api/v1/accounts 201 142 - 13.639 ms","timestamp":"2026-09-21T10:23:15.661Z"}
{"level":"info","message":"DELETE /api/v1/accounts/1789986195648xcjzvr 200 42 - 31.505 ms","timestamp":"2026-09-21T10:23:15.706Z"}
{"accountId":"17899861957398vvva4","level":"info","message":"Account created","timestamp":"2026-09-21T10:23:15.750Z"}
{"level":"info","message":"POST /api/v1/accounts 201 133 - 12.912 ms","timestamp":"2026-09-21T10:23:15.752Z"}
{"accountId":"1789986195761nvhbmh","level":"info","message":"Account created","timestamp":"2026-09-21T10:23:15.773Z"}
{"level":"info","message":"POST /api/v1/accounts 201 138 - 13.384 ms","timestamp":"2026-09-21T10:23:15.774Z"}
{"level":"info","message":"POST /api/v1/auth/signup 201 563 - 265.877 ms","timestamp":"2026-09-21T10:23:15.777Z"}
{"errors":[{"code":"custom","message":"Idempotency-Key header is required","path":["idempotency-key"]}],"level":"error","message":"Validation error:","timestamp":"2026-09-21T10:23:15.791Z"}
{"level":"info","message":"POST /api/v1/transfers 400 103 - 5.819 ms","timestamp":"2026-09-21T10:23:15.794Z"}
{"level":"info","message":"DELETE /api/v1/accounts/1789986195761nvhbmh 200 42 - 12.746 ms","timestamp":"2026-09-21T10:23:15.796Z"}
{"level":"info","message":"GET /api/v1/accounts 200 135 - 6.911 ms","timestamp":"2026-09-21T10:23:15.814Z"}
{"details":{"id":"non-existent-account-id","reason":"Not Found","resource":"Account"},"level":"warn","message":"DOMAIN EXCEPTION: Account not found","statusCode":404,"timestamp":"2026-09-21T10:23:15.847Z"}
{"level":"info","message":"DELETE /api/v1/accounts/non-existent-account-id 404 114 - 6.703 ms","timestamp":"2026-09-21T10:23:15.848Z"}
{"level":"info","message":"POST /api/v1/auth/signup 201 595 - 197.257 ms","timestamp":"2026-09-21T10:23:15.879Z"}
{"details":{"email":"duplicate@test.com"},"level":"warn","message":"DOMAIN EXCEPTION: User with this email already exists","statusCode":409,"timestamp":"2026-09-21T10:23:15.894Z"}
{"level":"info","message":"POST /api/v1/auth/signup 409 88 - 5.880 ms","timestamp":"2026-09-21T10:23:15.898Z"}
{"details":null,"level":"warn","message":"DOMAIN EXCEPTION: Authenticated user not found","statusCode":401,"timestamp":"2026-09-21T10:23:16.259Z"}
{"level":"info","message":"POST /api/v1/transfers 401 40 - 428.321 ms","timestamp":"2026-09-21T10:23:16.261Z"}
{"level":"info","message":"POST /api/v1/auth/login 200 315 - 228.801 ms","timestamp":"2026-09-21T10:23:16.332Z"}
{"level":"info","message":"POST /api/v1/auth/signup 201 563 - 210.525 ms","timestamp":"2026-09-21T10:23:16.495Z"}
{"level":"info","message":"POST /api/v1/auth/signup 201 548 - 159.763 ms","timestamp":"2026-09-21T10:23:16.665Z"}
{"details":{"id":"1789986196481nge39l","resource":"Account"},"level":"warn","message":"DOMAIN EXCEPTION: Cannot initiate transfer from an account you do not own","statusCode":403,"timestamp":"2026-09-21T10:23:16.690Z"}
{"level":"info","message":"POST /api/v1/transfers 403 127 - 16.046 ms","timestamp":"2026-09-21T10:23:16.691Z"}
{"level":"info","message":"POST /api/v1/auth/login 200 438 - 149.989 ms","timestamp":"2026-09-21T10:23:16.695Z"}
{"level":"info","message":"GET /api/v1/accounts/1789986196481nge39l 200 128 - 8.150 ms","timestamp":"2026-09-21T10:23:16.710Z"}
{"level":"info","message":"GET /api/v1/auth/me 200 134 - 9.529 ms","timestamp":"2026-09-21T10:23:16.726Z"}
{"level":"info","message":"POST /api/v1/auth/signup 201 563 - 176.272 ms","timestamp":"2026-09-21T10:23:16.927Z"}
{"accountId":"17899861969374517hw","level":"info","message":"Account created","timestamp":"2026-09-21T10:23:16.949Z"}
{"level":"info","message":"POST /api/v1/accounts 201 122 - 14.153 ms","timestamp":"2026-09-21T10:23:16.951Z"}
{"details":{"id":"not-alice-account","resource":"Account"},"level":"warn","message":"DOMAIN EXCEPTION: Cannot initiate transfer from an account you do not own","statusCode":403,"timestamp":"2026-09-21T10:23:16.968Z"}
{"level":"info","message":"POST /api/v1/transfers 403 125 - 8.799 ms","timestamp":"2026-09-21T10:23:16.969Z"}
{"details":null,"level":"warn","message":"DOMAIN EXCEPTION: Invalid email or password","statusCode":401,"timestamp":"2026-09-21T10:23:17.046Z"}
{"level":"info","message":"POST /api/v1/auth/login 401 37 - 138.300 ms","timestamp":"2026-09-21T10:23:17.048Z"}
{"details":null,"level":"warn","message":"DOMAIN EXCEPTION: Authentication required","statusCode":401,"timestamp":"2026-09-21T10:23:17.071Z"}
{"level":"info","message":"GET /api/v1/auth/me 401 35 - 1.226 ms","timestamp":"2026-09-21T10:23:17.072Z"}
{"details":null,"level":"warn","message":"DOMAIN EXCEPTION: Authentication required","statusCode":401,"timestamp":"2026-09-21T10:23:17.095Z"}
{"level":"info","message":"GET /api/v1/admin/stats 401 35 - 1.492 ms","timestamp":"2026-09-21T10:23:17.096Z"}
{"level":"info","message":"POST /api/v1/auth/token 200 305 - 1.243 ms","timestamp":"2026-09-21T10:23:17.121Z"}
{"details":{"requiredRoles":["admin"],"userRole":"user"},"level":"warn","message":"DOMAIN EXCEPTION: Forbidden: Insufficient permissions","statusCode":403,"timestamp":"2026-09-21T10:23:17.129Z"}
{"level":"info","message":"GET /api/v1/admin/stats 403 103 - 2.689 ms","timestamp":"2026-09-21T10:23:17.131Z"}
{"level":"info","message":"POST /api/v1/auth/signup 201 563 - 165.642 ms","timestamp":"2026-09-21T10:23:17.168Z"}
{"accountId":"1789986197159khzofg","level":"info","message":"Account created","timestamp":"2026-09-21T10:23:17.169Z"}
{"level":"info","message":"POST /api/v1/accounts 201 139 - 14.298 ms","timestamp":"2026-09-21T10:23:17.170Z"}
{"level":"info","message":"POST /api/v1/auth/token 200 315 - 1.384 ms","timestamp":"2026-09-21T10:23:17.182Z"}
{"errors":[{"code":"custom","message":"Cannot transfer to the same account","path":["toAccountId"]}],"level":"error","message":"Validation error:","timestamp":"2026-09-21T10:23:17.192Z"}
{"level":"info","message":"POST /api/v1/transfers 400 100 - 1.356 ms","timestamp":"2026-09-21T10:23:17.193Z"}
{"level":"info","message":"GET /api/v1/admin/stats 200 66 - 18.215 ms","timestamp":"2026-09-21T10:23:17.210Z"}
{"details":{"fromBalance":"100000","transferAmount":"500000"},"level":"warn","message":"DOMAIN EXCEPTION: Insufficient funds","statusCode":400,"timestamp":"2026-09-21T10:23:17.367Z"}
{"level":"info","message":"POST /api/v1/transfers 400 91 - 2072.896 ms","timestamp":"2026-09-21T10:23:17.369Z"}
{"level":"info","message":"POST /api/v1/auth/signup 201 563 - 826.162 ms","timestamp":"2026-09-21T10:23:18.080Z"}
{"level":"error","message":"EXPRESS ERROR HANDLER: transferAmount is not defined","stack":"ReferenceError: transferAmount is not defined\n    at file:///C:/Users/PROGRESSIVE/Desktop/express-money-transfer/services/transfer.js:235:19\n    at process.processTicksAndRejections (node:internal/process/task_queues:104:5)\n    at async ClientSession.withTransaction (C:\\Users\\PROGRESSIVE\\Desktop\\express-money-transfer\\node_modules\\mongodb\\lib\\sessions.js:567:30)\n    at async newTransfer (file:///C:/Users/PROGRESSIVE/Desktop/express-money-transfer/services/transfer.js:159:7)\n    at async file:///C:/Users/PROGRESSIVE/Desktop/express-money-transfer/controllers/transfer.js:9:25","timestamp":"2026-09-21T10:23:18.366Z"}
{"level":"info","message":"POST /api/v1/transfers 500 41 - 990.781 ms","timestamp":"2026-09-21T10:23:18.368Z"}
{"details":{"id":"nonexistent-destination","reason":"Not Found","resource":"Account"},"level":"warn","message":"DOMAIN EXCEPTION: Account not found","statusCode":404,"timestamp":"2026-09-21T10:23:19.082Z"}
{"level":"info","message":"POST /api/v1/transfers 404 114 - 994.295 ms","timestamp":"2026-09-21T10:23:19.083Z"}
{"level":"info","message":"POST /api/v1/auth/signup 201 563 - 152.700 ms","timestamp":"2026-09-21T10:23:19.265Z"}
{"accountId":"1789986199272nkdk32","level":"info","message":"Account created","timestamp":"2026-09-21T10:23:19.280Z"}
{"level":"info","message":"POST /api/v1/accounts 201 122 - 9.331 ms","timestamp":"2026-09-21T10:23:19.281Z"}
{"level":"error","message":"EXPRESS ERROR HANDLER: transferAmount is not defined","stack":"ReferenceError: transferAmount is not defined\n    at file:///C:/Users/PROGRESSIVE/Desktop/express-money-transfer/services/transfer.js:235:19\n    at process.processTicksAndRejections (node:internal/process/task_queues:104:5)\n    at async ClientSession.withTransaction (C:\\Users\\PROGRESSIVE\\Desktop\\express-money-transfer\\node_modules\\mongodb\\lib\\sessions.js:567:30)\n    at async newTransfer (file:///C:/Users/PROGRESSIVE/Desktop/express-money-transfer/services/transfer.js:159:7)\n    at async file:///C:/Users/PROGRESSIVE/Desktop/express-money-transfer/controllers/transfer.js:9:25","timestamp":"2026-09-21T10:23:20.092Z"}
{"level":"info","message":"POST /api/v1/transfers 500 41 - 803.816 ms","timestamp":"2026-09-21T10:23:20.093Z"}
{"level":"info","message":"POST /api/v1/auth/signup 201 561 - 134.034 ms","timestamp":"2026-09-21T10:23:20.259Z"}
{"accountId":"1789986200265tnvnwf","level":"info","message":"Account created","timestamp":"2026-09-21T10:23:20.273Z"}
{"level":"info","message":"POST /api/v1/accounts 201 122 - 9.113 ms","timestamp":"2026-09-21T10:23:20.274Z"}
{"details":{"fromBalance":"10000","transferAmount":"20000"},"level":"warn","message":"DOMAIN EXCEPTION: Insufficient funds","statusCode":400,"timestamp":"2026-09-21T10:23:21.639Z"}
{"level":"info","message":"POST /api/v1/transfers 400 89 - 1359.244 ms","timestamp":"2026-09-21T10:23:21.640Z"}
{"level":"info","message":"POST /api/v1/auth/signup 201 563 - 143.016 ms","timestamp":"2026-09-21T10:23:21.809Z"}
{"accountId":"1789986201815ndoxkc","level":"info","message":"Account created","timestamp":"2026-09-21T10:23:21.823Z"}
{"level":"info","message":"POST /api/v1/accounts 201 122 - 8.464 ms","timestamp":"2026-09-21T10:23:21.824Z"}
{"level":"error","message":"EXPRESS ERROR HANDLER: transferAmount is not defined","stack":"ReferenceError: transferAmount is not defined\n    at file:///C:/Users/PROGRESSIVE/Desktop/express-money-transfer/services/transfer.js:235:19\n    at process.processTicksAndRejections (node:internal/process/task_queues:104:5)\n    at async ClientSession.withTransaction (C:\\Users\\PROGRESSIVE\\Desktop\\express-money-transfer\\node_modules\\mongodb\\lib\\sessions.js:567:30)\n    at async newTransfer (file:///C:/Users/PROGRESSIVE/Desktop/express-money-transfer/services/transfer.js:159:7)\n    at async file:///C:/Users/PROGRESSIVE/Desktop/express-money-transfer/controllers/transfer.js:9:25","timestamp":"2026-09-21T10:23:22.826Z"}
{"level":"info","message":"POST /api/v1/transfers 500 41 - 998.237 ms","timestamp":"2026-09-21T10:23:22.829Z"}
{"level":"info","message":"POST /api/v1/auth/signup 201 563 - 149.949 ms","timestamp":"2026-09-21T10:23:23.003Z"}
{"accountId":"1789986203011m46lre","level":"info","message":"Account created","timestamp":"2026-09-21T10:23:23.018Z"}
{"level":"info","message":"POST /api/v1/accounts 201 122 - 7.895 ms","timestamp":"2026-09-21T10:23:23.019Z"}
{"level":"error","message":"EXPRESS ERROR HANDLER: transferAmount is not defined","stack":"ReferenceError: transferAmount is not defined\n    at file:///C:/Users/PROGRESSIVE/Desktop/express-money-transfer/services/transfer.js:235:19\n    at process.processTicksAndRejections (node:internal/process/task_queues:104:5)\n    at async ClientSession.withTransaction (C:\\Users\\PROGRESSIVE\\Desktop\\express-money-transfer\\node_modules\\mongodb\\lib\\sessions.js:567:30)\n    at async newTransfer (file:///C:/Users/PROGRESSIVE/Desktop/express-money-transfer/services/transfer.js:159:7)\n    at async file:///C:/Users/PROGRESSIVE/Desktop/express-money-transfer/controllers/transfer.js:9:25","timestamp":"2026-09-21T10:23:23.892Z"}
{"level":"info","message":"POST /api/v1/transfers 500 41 - 867.156 ms","timestamp":"2026-09-21T10:23:23.893Z"}
{"level":"error","message":"EXPRESS ERROR HANDLER: transferAmount is not defined","stack":"ReferenceError: transferAmount is not defined\n    at file:///C:/Users/PROGRESSIVE/Desktop/express-money-transfer/services/transfer.js:235:19\n    at process.processTicksAndRejections (node:internal/process/task_queues:104:5)\n    at async ClientSession.withTransaction (C:\\Users\\PROGRESSIVE\\Desktop\\express-money-transfer\\node_modules\\mongodb\\lib\\sessions.js:567:30)\n    at async newTransfer (file:///C:/Users/PROGRESSIVE/Desktop/express-money-transfer/services/transfer.js:159:7)\n    at async file:///C:/Users/PROGRESSIVE/Desktop/express-money-transfer/controllers/transfer.js:9:25","timestamp":"2026-09-21T10:23:24.862Z"}
{"level":"info","message":"POST /api/v1/transfers 500 41 - 962.448 ms","timestamp":"2026-09-21T10:23:24.864Z"}
{"error":"Connection lost","key":"lock:key","level":"warn","message":"Failed to release lock","timestamp":"2026-09-21T10:25:10.895Z"}
{"accountId":"acc-bob","level":"info","message":"Account created","timestamp":"2026-09-21T10:25:12.342Z"}
{"amount":"5000","fromAccountId":"acc-1","initiatedBy":"usr-1","level":"info","message":"Transfer completed","timestamp":"2026-09-21T10:25:12.424Z","toAccountId":"acc-2","transferId":"tr-1"}
{"details":null,"level":"warn","message":"DOMAIN EXCEPTION: Authentication required","statusCode":401,"timestamp":"2026-09-21T10:25:14.954Z"}
{"level":"info","message":"GET /api/v1/accounts 401 35 - 51.121 ms","timestamp":"2026-09-21T10:25:14.997Z"}
{"details":null,"level":"warn","message":"DOMAIN EXCEPTION: Authentication required","statusCode":401,"timestamp":"2026-09-21T10:25:15.093Z"}
{"level":"info","message":"GET /api/v1/accounts 401 35 - 47.237 ms","timestamp":"2026-09-21T10:25:15.146Z"}
{"level":"info","message":"POST /api/v1/auth/token 200 303 - 10.059 ms","timestamp":"2026-09-21T10:25:15.230Z"}
{"accountId":"1789986314972ld0jqi","level":"info","message":"Account created","timestamp":"2026-09-21T10:25:15.244Z"}
{"level":"info","message":"POST /api/v1/accounts 201 129 - 293.783 ms","timestamp":"2026-09-21T10:25:15.263Z"}
{"level":"info","message":"GET /api/v1/accounts 200 2 - 62.897 ms","timestamp":"2026-09-21T10:25:15.292Z"}
{"accountId":"1789986315332vazlcg","level":"info","message":"Account created","timestamp":"2026-09-21T10:25:15.345Z"}
{"level":"info","message":"POST /api/v1/accounts 201 134 - 15.880 ms","timestamp":"2026-09-21T10:25:15.346Z"}
{"details":{"email":"duplicate@example.com","resource":"Account"},"level":"warn","message":"DOMAIN EXCEPTION: Account already exists for this email","statusCode":409,"timestamp":"2026-09-21T10:25:15.369Z"}
{"level":"info","message":"POST /api/v1/accounts 409 114 - 11.633 ms","timestamp":"2026-09-21T10:25:15.371Z"}
{"errors":[{"code":"invalid_type","expected":"string","message":"Required","path":["userId"],"received":"undefined"}],"level":"error","message":"Validation error:","timestamp":"2026-09-21T10:25:15.410Z"}
{"level":"info","message":"POST /api/v1/accounts 400 117 - 4.020 ms","timestamp":"2026-09-21T10:25:15.412Z"}
{"accountId":"17899863154395vx1bf","level":"info","message":"Account created","timestamp":"2026-09-21T10:25:15.450Z"}
{"level":"info","message":"POST /api/v1/accounts 201 140 - 12.876 ms","timestamp":"2026-09-21T10:25:15.453Z"}
{"errors":[{"code":"too_small","exact":false,"inclusive":true,"message":"User ID is required","minimum":1,"path":["userId"],"type":"string"}],"level":"error","message":"Validation error:","timestamp":"2026-09-21T10:25:15.489Z"}
{"level":"info","message":"POST /api/v1/accounts 400 141 - 1.884 ms","timestamp":"2026-09-21T10:25:15.491Z"}
{"details":null,"level":"warn","message":"DOMAIN EXCEPTION: Authentication required","statusCode":401,"timestamp":"2026-09-21T10:25:15.526Z"}
{"level":"info","message":"GET /api/v1/accounts 200 2 - 14.200 ms","timestamp":"2026-09-21T10:25:15.540Z"}
{"level":"info","message":"POST /api/v1/auth/signup 201 597 - 278.245 ms","timestamp":"2026-09-21T10:25:15.543Z"}
{"details":null,"level":"warn","message":"DOMAIN EXCEPTION: Authentication required","statusCode":401,"timestamp":"2026-09-21T10:25:15.570Z"}
{"level":"info","message":"GET /api/v1/auth/me 200 138 - 20.764 ms","timestamp":"2026-09-21T10:25:15.575Z"}
{"level":"info","message":"GET /api/v1/accounts 401 35 - 1.859 ms","timestamp":"2026-09-21T10:25:15.572Z"}
{"level":"info","message":"POST /api/v1/transfers 401 35 - 25.544 ms","timestamp":"2026-09-21T10:25:15.545Z"}
{"level":"info","message":"POST /api/v1/auth/signup 201 587 - 245.083 ms","timestamp":"2026-09-21T10:25:15.587Z"}
{"accountId":"17899863156013oj8j7","level":"info","message":"Account created","timestamp":"2026-09-21T10:25:15.617Z"}
{"accountId":"1789986315605xlahbu","level":"info","message":"Account created","timestamp":"2026-09-21T10:25:15.621Z"}
{"level":"info","message":"POST /api/v1/accounts 201 129 - 22.306 ms","timestamp":"2026-09-21T10:25:15.623Z"}
{"level":"info","message":"POST /api/v1/accounts 201 142 - 17.822 ms","timestamp":"2026-09-21T10:25:15.619Z"}
{"details":{"email":"alice@example.com","resource":"Account"},"level":"warn","message":"DOMAIN EXCEPTION: Account already exists for this email","statusCode":409,"timestamp":"2026-09-21T10:25:15.643Z"}
{"level":"info","message":"POST /api/v1/accounts 409 110 - 10.202 ms","timestamp":"2026-09-21T10:25:15.644Z"}
{"errors":[{"code":"too_small","exact":false,"inclusive":false,"message":"Amount must be a positive number","minimum":0,"path":["amountMinor"],"type":"number"},{"code":"too_small","exact":false,"inclusive":true,"message":"Amount must be at least 1","minimum":1,"path":["amountMinor"],"type":"number"}],"level":"error","message":"Validation error:","timestamp":"2026-09-21T10:25:15.662Z"}
{"level":"info","message":"POST /api/v1/transfers 400 301 - 4.558 ms","timestamp":"2026-09-21T10:25:15.666Z"}
{"level":"info","message":"DELETE /api/v1/accounts/17899863156013oj8j7 200 42 - 77.595 ms","timestamp":"2026-09-21T10:25:15.712Z"}
{"details":null,"level":"warn","message":"DOMAIN EXCEPTION: Admin or Superadmin cannot perform this action","statusCode":403,"timestamp":"2026-09-21T10:25:15.742Z"}
{"level":"info","message":"POST /api/v1/transfers 403 58 - 6.494 ms","timestamp":"2026-09-21T10:25:15.744Z"}
{"accountId":"178998631576112yo6z","level":"info","message":"Account created","timestamp":"2026-09-21T10:25:15.774Z"}
{"level":"info","message":"POST /api/v1/accounts 201 133 - 14.027 ms","timestamp":"2026-09-21T10:25:15.775Z"}
{"accountId":"17899863157854o000n","level":"info","message":"Account created","timestamp":"2026-09-21T10:25:15.796Z"}
{"level":"info","message":"POST /api/v1/accounts 201 138 - 12.807 ms","timestamp":"2026-09-21T10:25:15.798Z"}
{"level":"info","message":"POST /api/v1/auth/signup 201 597 - 198.087 ms","timestamp":"2026-09-21T10:25:15.812Z"}
{"level":"info","message":"DELETE /api/v1/accounts/17899863157854o000n 200 42 - 12.262 ms","timestamp":"2026-09-21T10:25:15.820Z"}
{"details":{"email":"duplicate@test.com"},"level":"warn","message":"DOMAIN EXCEPTION: User with this email already exists","statusCode":409,"timestamp":"2026-09-21T10:25:15.829Z"}
{"level":"info","message":"POST /api/v1/auth/signup 409 88 - 5.907 ms","timestamp":"2026-09-21T10:25:15.835Z"}
{"level":"info","message":"GET /api/v1/accounts 200 135 - 6.685 ms","timestamp":"2026-09-21T10:25:15.844Z"}
{"details":{"id":"non-existent-account-id","reason":"Not Found","resource":"Account"},"level":"warn","message":"DOMAIN EXCEPTION: Account not found","statusCode":404,"timestamp":"2026-09-21T10:25:15.878Z"}
{"level":"info","message":"DELETE /api/v1/accounts/non-existent-account-id 404 114 - 6.248 ms","timestamp":"2026-09-21T10:25:15.879Z"}
{"level":"info","message":"POST /api/v1/auth/signup 201 563 - 233.177 ms","timestamp":"2026-09-21T10:25:16.009Z"}
{"errors":[{"code":"custom","message":"Idempotency-Key header is required","path":["idempotency-key"]}],"level":"error","message":"Validation error:","timestamp":"2026-09-21T10:25:16.023Z"}
{"level":"info","message":"POST /api/v1/transfers 400 103 - 5.039 ms","timestamp":"2026-09-21T10:25:16.025Z"}
{"level":"info","message":"POST /api/v1/auth/login 200 315 - 160.022 ms","timestamp":"2026-09-21T10:25:16.189Z"}
{"details":null,"level":"warn","message":"DOMAIN EXCEPTION: Authenticated user not found","statusCode":401,"timestamp":"2026-09-21T10:25:16.541Z"}
{"level":"info","message":"POST /api/v1/transfers 401 40 - 485.823 ms","timestamp":"2026-09-21T10:25:16.543Z"}
{"level":"info","message":"POST /api/v1/auth/login 200 438 - 147.153 ms","timestamp":"2026-09-21T10:25:16.605Z"}
{"level":"info","message":"GET /api/v1/auth/me 200 134 - 8.805 ms","timestamp":"2026-09-21T10:25:16.623Z"}
{"level":"info","message":"POST /api/v1/auth/signup 201 563 - 170.128 ms","timestamp":"2026-09-21T10:25:16.737Z"}
{"level":"info","message":"POST /api/v1/auth/signup 201 548 - 154.777 ms","timestamp":"2026-09-21T10:25:16.901Z"}
{"details":{"id":"17899863167254lmbck","resource":"Account"},"level":"warn","message":"DOMAIN EXCEPTION: Cannot initiate transfer from an account you do not own","statusCode":403,"timestamp":"2026-09-21T10:25:16.924Z"}
{"level":"info","message":"POST /api/v1/transfers 403 127 - 15.350 ms","timestamp":"2026-09-21T10:25:16.925Z"}
{"level":"info","message":"GET /api/v1/accounts/17899863167254lmbck 200 128 - 7.035 ms","timestamp":"2026-09-21T10:25:16.942Z"}
{"details":null,"level":"warn","message":"DOMAIN EXCEPTION: Invalid email or password","statusCode":401,"timestamp":"2026-09-21T10:25:16.956Z"}
{"level":"info","message":"POST /api/v1/auth/login 401 37 - 142.532 ms","timestamp":"2026-09-21T10:25:16.958Z"}
{"details":null,"level":"warn","message":"DOMAIN EXCEPTION: Authentication required","statusCode":401,"timestamp":"2026-09-21T10:25:16.985Z"}
{"level":"info","message":"GET /api/v1/auth/me 401 35 - 1.218 ms","timestamp":"2026-09-21T10:25:16.986Z"}
{"details":null,"level":"warn","message":"DOMAIN EXCEPTION: Authentication required","statusCode":401,"timestamp":"2026-09-21T10:25:17.010Z"}
{"level":"info","message":"GET /api/v1/admin/stats 401 35 - 1.456 ms","timestamp":"2026-09-21T10:25:17.011Z"}
{"level":"info","message":"POST /api/v1/auth/token 200 305 - 1.547 ms","timestamp":"2026-09-21T10:25:17.038Z"}
{"details":{"fromBalance":"100000","transferAmount":"500000"},"level":"warn","message":"DOMAIN EXCEPTION: Insufficient funds","statusCode":400,"timestamp":"2026-09-21T10:25:17.043Z"}
{"level":"info","message":"POST /api/v1/transfers 400 91 - 1368.312 ms","timestamp":"2026-09-21T10:25:17.045Z"}
{"details":{"requiredRoles":["admin"],"userRole":"user"},"level":"warn","message":"DOMAIN EXCEPTION: Forbidden: Insufficient permissions","statusCode":403,"timestamp":"2026-09-21T10:25:17.048Z"}
{"level":"info","message":"GET /api/v1/admin/stats 403 103 - 3.308 ms","timestamp":"2026-09-21T10:25:17.050Z"}
{"accountId":"1789986317078ly7gky","level":"info","message":"Account created","timestamp":"2026-09-21T10:25:17.091Z"}
{"level":"info","message":"POST /api/v1/accounts 201 139 - 18.775 ms","timestamp":"2026-09-21T10:25:17.092Z"}
{"level":"info","message":"POST /api/v1/auth/token 200 315 - 1.534 ms","timestamp":"2026-09-21T10:25:17.102Z"}
{"level":"info","message":"GET /api/v1/admin/stats 200 66 - 15.706 ms","timestamp":"2026-09-21T10:25:17.125Z"}
{"level":"info","message":"POST /api/v1/auth/signup 201 563 - 179.538 ms","timestamp":"2026-09-21T10:25:17.150Z"}
{"accountId":"1789986317161dn1i7l","level":"info","message":"Account created","timestamp":"2026-09-21T10:25:17.171Z"}
{"level":"info","message":"POST /api/v1/accounts 201 122 - 12.100 ms","timestamp":"2026-09-21T10:25:17.173Z"}
{"details":{"id":"not-alice-account","resource":"Account"},"level":"warn","message":"DOMAIN EXCEPTION: Cannot initiate transfer from an account you do not own","statusCode":403,"timestamp":"2026-09-21T10:25:17.190Z"}
{"level":"info","message":"POST /api/v1/transfers 403 125 - 8.941 ms","timestamp":"2026-09-21T10:25:17.191Z"}
{"level":"info","message":"POST /api/v1/auth/signup 201 563 - 157.058 ms","timestamp":"2026-09-21T10:25:17.373Z"}
{"errors":[{"code":"custom","message":"Cannot transfer to the same account","path":["toAccountId"]}],"level":"error","message":"Validation error:","timestamp":"2026-09-21T10:25:17.380Z"}
{"level":"info","message":"POST /api/v1/transfers 400 100 - 1.237 ms","timestamp":"2026-09-21T10:25:17.381Z"}
{"level":"info","message":"POST /api/v1/auth/signup 201 563 - 350.389 ms","timestamp":"2026-09-21T10:25:17.761Z"}
{"level":"error","message":"EXPRESS ERROR HANDLER: transferAmount is not defined","stack":"ReferenceError: transferAmount is not defined\n    at file:///C:/Users/PROGRESSIVE/Desktop/express-money-transfer/services/transfer.js:235:19\n    at process.processTicksAndRejections (node:internal/process/task_queues:104:5)\n    at async ClientSession.withTransaction (C:\\Users\\PROGRESSIVE\\Desktop\\express-money-transfer\\node_modules\\mongodb\\lib\\sessions.js:567:30)\n    at async newTransfer (file:///C:/Users/PROGRESSIVE/Desktop/express-money-transfer/services/transfer.js:159:7)\n    at async file:///C:/Users/PROGRESSIVE/Desktop/express-money-transfer/controllers/transfer.js:9:25","timestamp":"2026-09-21T10:25:17.841Z"}
{"level":"info","message":"POST /api/v1/transfers 500 41 - 784.137 ms","timestamp":"2026-09-21T10:25:17.842Z"}
{"details":{"id":"nonexistent-destination","reason":"Not Found","resource":"Account"},"level":"warn","message":"DOMAIN EXCEPTION: Account not found","statusCode":404,"timestamp":"2026-09-21T10:25:18.444Z"}
{"level":"info","message":"POST /api/v1/transfers 404 114 - 671.510 ms","timestamp":"2026-09-21T10:25:18.446Z"}
{"level":"info","message":"POST /api/v1/auth/signup 201 563 - 150.824 ms","timestamp":"2026-09-21T10:25:18.628Z"}
{"accountId":"17899863186361edn7r","level":"info","message":"Account created","timestamp":"2026-09-21T10:25:18.646Z"}
{"level":"info","message":"POST /api/v1/accounts 201 122 - 11.813 ms","timestamp":"2026-09-21T10:25:18.648Z"}
{"level":"error","message":"EXPRESS ERROR HANDLER: transferAmount is not defined","stack":"ReferenceError: transferAmount is not defined\n    at file:///C:/Users/PROGRESSIVE/Desktop/express-money-transfer/services/transfer.js:235:19\n    at process.processTicksAndRejections (node:internal/process/task_queues:104:5)\n    at async ClientSession.withTransaction (C:\\Users\\PROGRESSIVE\\Desktop\\express-money-transfer\\node_modules\\mongodb\\lib\\sessions.js:567:30)\n    at async newTransfer (file:///C:/Users/PROGRESSIVE/Desktop/express-money-transfer/services/transfer.js:159:7)\n    at async file:///C:/Users/PROGRESSIVE/Desktop/express-money-transfer/controllers/transfer.js:9:25","timestamp":"2026-09-21T10:25:22.389Z"}
{"level":"info","message":"POST /api/v1/transfers 500 41 - 3734.713 ms","timestamp":"2026-09-21T10:25:22.390Z"}
{"level":"info","message":"POST /api/v1/auth/signup 201 561 - 310.670 ms","timestamp":"2026-09-21T10:25:22.727Z"}
{"accountId":"1789986322733gya6pp","level":"info","message":"Account created","timestamp":"2026-09-21T10:25:22.908Z"}
{"level":"info","message":"POST /api/v1/accounts 201 122 - 176.907 ms","timestamp":"2026-09-21T10:25:22.910Z"}
{"details":{"fromBalance":"10000","transferAmount":"20000"},"level":"warn","message":"DOMAIN EXCEPTION: Insufficient funds","statusCode":400,"timestamp":"2026-09-21T10:25:23.720Z"}
{"level":"info","message":"POST /api/v1/transfers 400 89 - 799.374 ms","timestamp":"2026-09-21T10:25:23.721Z"}
{"level":"info","message":"POST /api/v1/auth/signup 201 563 - 140.079 ms","timestamp":"2026-09-21T10:25:23.888Z"}
{"accountId":"1789986323894j4rnke","level":"info","message":"Account created","timestamp":"2026-09-21T10:25:23.905Z"}
{"level":"info","message":"POST /api/v1/accounts 201 122 - 11.305 ms","timestamp":"2026-09-21T10:25:23.906Z"}
{"level":"error","message":"EXPRESS ERROR HANDLER: transferAmount is not defined","stack":"ReferenceError: transferAmount is not defined\n    at file:///C:/Users/PROGRESSIVE/Desktop/express-money-transfer/services/transfer.js:235:19\n    at process.processTicksAndRejections (node:internal/process/task_queues:104:5)\n    at async ClientSession.withTransaction (C:\\Users\\PROGRESSIVE\\Desktop\\express-money-transfer\\node_modules\\mongodb\\lib\\sessions.js:567:30)\n    at async newTransfer (file:///C:/Users/PROGRESSIVE/Desktop/express-money-transfer/services/transfer.js:159:7)\n    at async file:///C:/Users/PROGRESSIVE/Desktop/express-money-transfer/controllers/transfer.js:9:25","timestamp":"2026-09-21T10:25:24.636Z"}
{"level":"info","message":"POST /api/v1/transfers 500 41 - 723.082 ms","timestamp":"2026-09-21T10:25:24.637Z"}
{"level":"info","message":"POST /api/v1/auth/signup 201 563 - 131.858 ms","timestamp":"2026-09-21T10:25:24.791Z"}
{"accountId":"1789986324797ufnx1h","level":"info","message":"Account created","timestamp":"2026-09-21T10:25:24.804Z"}
{"level":"info","message":"POST /api/v1/accounts 201 122 - 7.773 ms","timestamp":"2026-09-21T10:25:24.805Z"}
{"level":"error","message":"EXPRESS ERROR HANDLER: transferAmount is not defined","stack":"ReferenceError: transferAmount is not defined\n    at file:///C:/Users/PROGRESSIVE/Desktop/express-money-transfer/services/transfer.js:235:19\n    at process.processTicksAndRejections (node:internal/process/task_queues:104:5)\n    at async ClientSession.withTransaction (C:\\Users\\PROGRESSIVE\\Desktop\\express-money-transfer\\node_modules\\mongodb\\lib\\sessions.js:567:30)\n    at async newTransfer (file:///C:/Users/PROGRESSIVE/Desktop/express-money-transfer/services/transfer.js:159:7)\n    at async file:///C:/Users/PROGRESSIVE/Desktop/express-money-transfer/controllers/transfer.js:9:25","timestamp":"2026-09-21T10:25:25.660Z"}
{"level":"info","message":"POST /api/v1/transfers 500 41 - 849.299 ms","timestamp":"2026-09-21T10:25:25.661Z"}
{"level":"error","message":"EXPRESS ERROR HANDLER: transferAmount is not defined","stack":"ReferenceError: transferAmount is not defined\n    at file:///C:/Users/PROGRESSIVE/Desktop/express-money-transfer/services/transfer.js:235:19\n    at process.processTicksAndRejections (node:internal/process/task_queues:104:5)\n    at async ClientSession.withTransaction (C:\\Users\\PROGRESSIVE\\Desktop\\express-money-transfer\\node_modules\\mongodb\\lib\\sessions.js:567:30)\n    at async newTransfer (file:///C:/Users/PROGRESSIVE/Desktop/express-money-transfer/services/transfer.js:159:7)\n    at async file:///C:/Users/PROGRESSIVE/Desktop/express-money-transfer/controllers/transfer.js:9:25","timestamp":"2026-09-21T10:25:26.356Z"}
{"level":"info","message":"POST /api/v1/transfers 500 41 - 659.809 ms","timestamp":"2026-09-21T10:25:26.358Z"}
{"error":"Connection lost","key":"lock:key","level":"warn","message":"Failed to release lock","timestamp":"2026-09-21T10:28:40.891Z"}
{"accountId":"acc-bob","level":"info","message":"Account created","timestamp":"2026-09-21T10:28:42.130Z"}
{"amount":"5000","fromAccountId":"acc-1","initiatedBy":"usr-1","level":"info","message":"Transfer completed","timestamp":"2026-09-21T10:28:42.165Z","toAccountId":"acc-2","transferId":"tr-1"}
{"details":null,"level":"warn","message":"DOMAIN EXCEPTION: Authentication required","statusCode":401,"timestamp":"2026-09-21T10:28:45.870Z"}
{"level":"info","message":"GET /api/v1/accounts 401 35 - 59.752 ms","timestamp":"2026-09-21T10:28:45.914Z"}
{"level":"info","message":"GET /api/v1/accounts 200 2 - 32.262 ms","timestamp":"2026-09-21T10:28:46.105Z"}
{"details":null,"level":"warn","message":"DOMAIN EXCEPTION: Authentication required","statusCode":401,"timestamp":"2026-09-21T10:28:46.097Z"}
{"level":"info","message":"GET /api/v1/accounts 401 35 - 26.337 ms","timestamp":"2026-09-21T10:28:46.143Z"}
{"details":null,"level":"warn","message":"DOMAIN EXCEPTION: Authentication required","statusCode":401,"timestamp":"2026-09-21T10:28:46.244Z"}
{"level":"info","message":"POST /api/v1/auth/token 200 303 - 12.539 ms","timestamp":"2026-09-21T10:28:46.346Z"}
{"level":"info","message":"POST /api/v1/transfers 401 35 - 83.851 ms","timestamp":"2026-09-21T10:28:46.314Z"}
{"accountId":"1789986526231nw4z28","level":"info","message":"Account created","timestamp":"2026-09-21T10:28:46.380Z"}
{"level":"info","message":"POST /api/v1/accounts 201 129 - 204.369 ms","timestamp":"2026-09-21T10:28:46.409Z"}
{"accountId":"17899865265082pkcly","level":"info","message":"Account created","timestamp":"2026-09-21T10:28:46.523Z"}
{"level":"info","message":"POST /api/v1/accounts 201 134 - 17.722 ms","timestamp":"2026-09-21T10:28:46.525Z"}
{"details":{"email":"duplicate@example.com","resource":"Account"},"level":"warn","message":"DOMAIN EXCEPTION: Account already exists for this email","statusCode":409,"timestamp":"2026-09-21T10:28:46.552Z"}
{"level":"info","message":"POST /api/v1/accounts 409 114 - 19.216 ms","timestamp":"2026-09-21T10:28:46.557Z"}
{"details":null,"level":"warn","message":"DOMAIN EXCEPTION: Admin or Superadmin cannot perform this action","statusCode":403,"timestamp":"2026-09-21T10:28:46.585Z"}
{"level":"info","message":"POST /api/v1/transfers 403 58 - 9.153 ms","timestamp":"2026-09-21T10:28:46.587Z"}
{"errors":[{"code":"invalid_type","expected":"string","message":"Required","path":["userId"],"received":"undefined"}],"level":"error","message":"Validation error:","timestamp":"2026-09-21T10:28:46.594Z"}
{"level":"info","message":"POST /api/v1/auth/signup 201 587 - 401.635 ms","timestamp":"2026-09-21T10:28:46.595Z"}
{"level":"info","message":"POST /api/v1/accounts 400 117 - 3.815 ms","timestamp":"2026-09-21T10:28:46.596Z"}
{"accountId":"1789986526639mh3myv","level":"info","message":"Account created","timestamp":"2026-09-21T10:28:46.667Z"}
{"level":"info","message":"POST /api/v1/accounts 201 140 - 29.364 ms","timestamp":"2026-09-21T10:28:46.669Z"}
{"errors":[{"code":"too_small","exact":false,"inclusive":true,"message":"User ID is required","minimum":1,"path":["userId"],"type":"string"}],"level":"error","message":"Validation error:","timestamp":"2026-09-21T10:28:46.706Z"}
{"level":"info","message":"POST /api/v1/accounts 400 141 - 2.090 ms","timestamp":"2026-09-21T10:28:46.708Z"}
{"level":"info","message":"GET /api/v1/accounts 200 2 - 11.972 ms","timestamp":"2026-09-21T10:28:46.756Z"}
{"accountId":"1789986526611vbpha3","level":"info","message":"Account created","timestamp":"2026-09-21T10:28:46.756Z"}
{"details":null,"level":"warn","message":"DOMAIN EXCEPTION: Authentication required","statusCode":401,"timestamp":"2026-09-21T10:28:46.784Z"}
{"level":"info","message":"GET /api/v1/accounts 401 35 - 1.447 ms","timestamp":"2026-09-21T10:28:46.785Z"}
{"level":"info","message":"POST /api/v1/accounts 201 129 - 151.622 ms","timestamp":"2026-09-21T10:28:46.793Z"}
{"accountId":"1789986526811nrxb3f","level":"info","message":"Account created","timestamp":"2026-09-21T10:28:46.824Z"}
{"level":"info","message":"POST /api/v1/accounts 201 142 - 14.195 ms","timestamp":"2026-09-21T10:28:46.826Z"}
{"details":{"email":"alice@example.com","resource":"Account"},"level":"warn","message":"DOMAIN EXCEPTION: Account already exists for this email","statusCode":409,"timestamp":"2026-09-21T10:28:46.850Z"}
{"level":"info","message":"POST /api/v1/accounts 409 110 - 20.814 ms","timestamp":"2026-09-21T10:28:46.852Z"}
{"level":"info","message":"DELETE /api/v1/accounts/1789986526811nrxb3f 200 42 - 25.444 ms","timestamp":"2026-09-21T10:28:46.863Z"}
{"errors":[{"code":"too_small","exact":false,"inclusive":false,"message":"Amount must be a positive number","minimum":0,"path":["amountMinor"],"type":"number"},{"code":"too_small","exact":false,"inclusive":true,"message":"Amount must be at least 1","minimum":1,"path":["amountMinor"],"type":"number"}],"level":"error","message":"Validation error:","timestamp":"2026-09-21T10:28:46.880Z"}
{"level":"info","message":"POST /api/v1/transfers 400 301 - 8.116 ms","timestamp":"2026-09-21T10:28:46.886Z"}
{"accountId":"1789986526894i5a8o1","level":"info","message":"Account created","timestamp":"2026-09-21T10:28:46.904Z"}
{"level":"info","message":"POST /api/v1/accounts 201 133 - 11.010 ms","timestamp":"2026-09-21T10:28:46.905Z"}
{"accountId":"1789986526916qdenov","level":"info","message":"Account created","timestamp":"2026-09-21T10:28:46.941Z"}
{"level":"info","message":"POST /api/v1/accounts 201 138 - 26.231 ms","timestamp":"2026-09-21T10:28:46.943Z"}
{"level":"info","message":"DELETE /api/v1/accounts/1789986526916qdenov 200 42 - 11.813 ms","timestamp":"2026-09-21T10:28:46.963Z"}
{"level":"info","message":"GET /api/v1/accounts 200 135 - 5.727 ms","timestamp":"2026-09-21T10:28:46.978Z"}
{"details":{"id":"non-existent-account-id","reason":"Not Found","resource":"Account"},"level":"warn","message":"DOMAIN EXCEPTION: Account not found","statusCode":404,"timestamp":"2026-09-21T10:28:47.012Z"}
{"level":"info","message":"DELETE /api/v1/accounts/non-existent-account-id 404 114 - 6.418 ms","timestamp":"2026-09-21T10:28:47.014Z"}
{"level":"info","message":"POST /api/v1/auth/signup 201 563 - 412.803 ms","timestamp":"2026-09-21T10:28:47.031Z"}
{"errors":[{"code":"custom","message":"Idempotency-Key header is required","path":["idempotency-key"]}],"level":"error","message":"Validation error:","timestamp":"2026-09-21T10:28:47.045Z"}
{"level":"info","message":"POST /api/v1/transfers 400 103 - 3.850 ms","timestamp":"2026-09-21T10:28:47.047Z"}
{"level":"info","message":"POST /api/v1/auth/signup 201 597 - 409.736 ms","timestamp":"2026-09-21T10:28:47.188Z"}
{"level":"info","message":"GET /api/v1/auth/me 200 138 - 18.277 ms","timestamp":"2026-09-21T10:28:47.217Z"}
{"level":"info","message":"POST /api/v1/auth/signup 201 597 - 223.346 ms","timestamp":"2026-09-21T10:28:47.476Z"}
{"details":{"email":"duplicate@test.com"},"level":"warn","message":"DOMAIN EXCEPTION: User with this email already exists","statusCode":409,"timestamp":"2026-09-21T10:28:47.490Z"}
{"level":"info","message":"POST /api/v1/auth/signup 409 88 - 6.110 ms","timestamp":"2026-09-21T10:28:47.492Z"}
{"details":null,"level":"warn","message":"DOMAIN EXCEPTION: Authenticated user not found","statusCode":401,"timestamp":"2026-09-21T10:28:47.504Z"}
{"level":"info","message":"POST /api/v1/transfers 401 40 - 422.769 ms","timestamp":"2026-09-21T10:28:47.506Z"}
{"level":"info","message":"POST /api/v1/auth/signup 201 563 - 157.929 ms","timestamp":"2026-09-21T10:28:47.693Z"}
{"level":"info","message":"POST /api/v1/auth/login 200 315 - 145.863 ms","timestamp":"2026-09-21T10:28:47.815Z"}
{"level":"info","message":"POST /api/v1/auth/signup 201 548 - 168.009 ms","timestamp":"2026-09-21T10:28:47.872Z"}
{"details":{"id":"1789986527680qgi8d6","resource":"Account"},"level":"warn","message":"DOMAIN EXCEPTION: Cannot initiate transfer from an account you do not own","statusCode":403,"timestamp":"2026-09-21T10:28:47.895Z"}
{"level":"info","message":"POST /api/v1/transfers 403 127 - 16.096 ms","timestamp":"2026-09-21T10:28:47.896Z"}
{"level":"info","message":"GET /api/v1/accounts/1789986527680qgi8d6 200 128 - 8.988 ms","timestamp":"2026-09-21T10:28:47.914Z"}
{"details":{"fromBalance":"100000","transferAmount":"500000"},"level":"warn","message":"DOMAIN EXCEPTION: Insufficient funds","statusCode":400,"timestamp":"2026-09-21T10:28:48.090Z"}
{"level":"info","message":"POST /api/v1/transfers 400 91 - 1193.682 ms","timestamp":"2026-09-21T10:28:48.092Z"}
{"level":"info","message":"POST /api/v1/auth/signup 201 563 - 180.402 ms","timestamp":"2026-09-21T10:28:48.124Z"}
{"accountId":"1789986528133pmkix2","level":"info","message":"Account created","timestamp":"2026-09-21T10:28:48.142Z"}
{"level":"info","message":"POST /api/v1/accounts 201 122 - 10.860 ms","timestamp":"2026-09-21T10:28:48.143Z"}
{"details":{"id":"not-alice-account","resource":"Account"},"level":"warn","message":"DOMAIN EXCEPTION: Cannot initiate transfer from an account you do not own","statusCode":403,"timestamp":"2026-09-21T10:28:48.157Z"}
{"level":"info","message":"POST /api/v1/transfers 403 125 - 8.402 ms","timestamp":"2026-09-21T10:28:48.158Z"}
{"level":"info","message":"POST /api/v1/auth/login 200 438 - 155.716 ms","timestamp":"2026-09-21T10:28:48.160Z"}
{"level":"info","message":"GET /api/v1/auth/me 200 134 - 7.981 ms","timestamp":"2026-09-21T10:28:48.178Z"}
{"level":"info","message":"POST /api/v1/auth/signup 201 563 - 197.118 ms","timestamp":"2026-09-21T10:28:48.383Z"}
{"errors":[{"code":"custom","message":"Cannot transfer to the same account","path":["toAccountId"]}],"level":"error","message":"Validation error:","timestamp":"2026-09-21T10:28:48.394Z"}
{"level":"info","message":"POST /api/v1/transfers 400 100 - 1.075 ms","timestamp":"2026-09-21T10:28:48.395Z"}
{"details":null,"level":"warn","message":"DOMAIN EXCEPTION: Invalid email or password","statusCode":401,"timestamp":"2026-09-21T10:28:48.530Z"}
{"level":"info","message":"POST /api/v1/auth/login 401 37 - 139.411 ms","timestamp":"2026-09-21T10:28:48.534Z"}
{"details":null,"level":"warn","message":"DOMAIN EXCEPTION: Authentication required","statusCode":401,"timestamp":"2026-09-21T10:28:48.559Z"}
{"level":"info","message":"GET /api/v1/auth/me 401 35 - 1.427 ms","timestamp":"2026-09-21T10:28:48.561Z"}
{"level":"info","message":"POST /api/v1/auth/signup 201 563 - 157.672 ms","timestamp":"2026-09-21T10:28:48.579Z"}
{"details":null,"level":"warn","message":"DOMAIN EXCEPTION: Authentication required","statusCode":401,"timestamp":"2026-09-21T10:28:48.584Z"}
{"level":"info","message":"GET /api/v1/admin/stats 401 35 - 1.516 ms","timestamp":"2026-09-21T10:28:48.586Z"}
{"level":"info","message":"POST /api/v1/auth/token 200 305 - 1.390 ms","timestamp":"2026-09-21T10:28:48.612Z"}
{"details":{"requiredRoles":["admin"],"userRole":"user"},"level":"warn","message":"DOMAIN EXCEPTION: Forbidden: Insufficient permissions","statusCode":403,"timestamp":"2026-09-21T10:28:48.624Z"}
{"level":"info","message":"GET /api/v1/admin/stats 403 103 - 3.140 ms","timestamp":"2026-09-21T10:28:48.625Z"}
{"accountId":"17899865286522irjf4","level":"info","message":"Account created","timestamp":"2026-09-21T10:28:48.663Z"}
{"level":"info","message":"POST /api/v1/accounts 201 139 - 16.009 ms","timestamp":"2026-09-21T10:28:48.664Z"}
{"level":"info","message":"POST /api/v1/auth/token 200 315 - 1.221 ms","timestamp":"2026-09-21T10:28:48.674Z"}
{"level":"info","message":"GET /api/v1/admin/stats 200 66 - 72.285 ms","timestamp":"2026-09-21T10:28:48.755Z"}
{"level":"error","message":"EXPRESS ERROR HANDLER: transferAmount is not defined","stack":"ReferenceError: transferAmount is not defined\n    at file:///C:/Users/PROGRESSIVE/Desktop/express-money-transfer/services/transfer.js:235:19\n    at process.processTicksAndRejections (node:internal/process/task_queues:104:5)\n    at async ClientSession.withTransaction (C:\\Users\\PROGRESSIVE\\Desktop\\express-money-transfer\\node_modules\\mongodb\\lib\\sessions.js:567:30)\n    at async newTransfer (file:///C:/Users/PROGRESSIVE/Desktop/express-money-transfer/services/transfer.js:159:7)\n    at async file:///C:/Users/PROGRESSIVE/Desktop/express-money-transfer/controllers/transfer.js:9:25","timestamp":"2026-09-21T10:28:48.867Z"}
{"level":"info","message":"POST /api/v1/transfers 500 41 - 764.730 ms","timestamp":"2026-09-21T10:28:48.868Z"}
{"details":{"id":"nonexistent-destination","reason":"Not Found","resource":"Account"},"level":"warn","message":"DOMAIN EXCEPTION: Account not found","statusCode":404,"timestamp":"2026-09-21T10:28:49.256Z"}
{"level":"info","message":"POST /api/v1/transfers 404 114 - 668.930 ms","timestamp":"2026-09-21T10:28:49.257Z"}
{"level":"info","message":"POST /api/v1/auth/signup 201 563 - 212.759 ms","timestamp":"2026-09-21T10:28:49.494Z"}
{"accountId":"1789986529500jhcyuh","level":"info","message":"Account created","timestamp":"2026-09-21T10:28:49.508Z"}
{"level":"info","message":"POST /api/v1/accounts 201 122 - 8.536 ms","timestamp":"2026-09-21T10:28:49.509Z"}
{"level":"error","message":"EXPRESS ERROR HANDLER: transferAmount is not defined","stack":"ReferenceError: transferAmount is not defined\n    at file:///C:/Users/PROGRESSIVE/Desktop/express-money-transfer/services/transfer.js:235:19\n    at process.processTicksAndRejections (node:internal/process/task_queues:104:5)\n    at async ClientSession.withTransaction (C:\\Users\\PROGRESSIVE\\Desktop\\express-money-transfer\\node_modules\\mongodb\\lib\\sessions.js:567:30)\n    at async newTransfer (file:///C:/Users/PROGRESSIVE/Desktop/express-money-transfer/services/transfer.js:159:7)\n    at async file:///C:/Users/PROGRESSIVE/Desktop/express-money-transfer/controllers/transfer.js:9:25","timestamp":"2026-09-21T10:28:50.147Z"}
{"level":"info","message":"POST /api/v1/transfers 500 41 - 634.496 ms","timestamp":"2026-09-21T10:28:50.149Z"}
{"level":"info","message":"POST /api/v1/auth/signup 201 561 - 404.487 ms","timestamp":"2026-09-21T10:28:50.585Z"}
{"accountId":"17899865305983apsue","level":"info","message":"Account created","timestamp":"2026-09-21T10:28:50.700Z"}
{"level":"info","message":"POST /api/v1/accounts 201 122 - 104.062 ms","timestamp":"2026-09-21T10:28:50.702Z"}
{"details":{"fromBalance":"10000","transferAmount":"20000"},"level":"warn","message":"DOMAIN EXCEPTION: Insufficient funds","statusCode":400,"timestamp":"2026-09-21T10:28:51.449Z"}
{"level":"info","message":"POST /api/v1/transfers 400 89 - 734.847 ms","timestamp":"2026-09-21T10:28:51.452Z"}
{"level":"info","message":"POST /api/v1/auth/signup 201 563 - 163.567 ms","timestamp":"2026-09-21T10:28:51.660Z"}
{"accountId":"17899865316707cvkav","level":"info","message":"Account created","timestamp":"2026-09-21T10:28:51.682Z"}
{"level":"info","message":"POST /api/v1/accounts 201 122 - 13.763 ms","timestamp":"2026-09-21T10:28:51.684Z"}
{"level":"error","message":"EXPRESS ERROR HANDLER: transferAmount is not defined","stack":"ReferenceError: transferAmount is not defined\n    at file:///C:/Users/PROGRESSIVE/Desktop/express-money-transfer/services/transfer.js:235:19\n    at process.processTicksAndRejections (node:internal/process/task_queues:104:5)\n    at async ClientSession.withTransaction (C:\\Users\\PROGRESSIVE\\Desktop\\express-money-transfer\\node_modules\\mongodb\\lib\\sessions.js:567:30)\n    at async newTransfer (file:///C:/Users/PROGRESSIVE/Desktop/express-money-transfer/services/transfer.js:159:7)\n    at async file:///C:/Users/PROGRESSIVE/Desktop/express-money-transfer/controllers/transfer.js:9:25","timestamp":"2026-09-21T10:28:52.483Z"}
{"level":"info","message":"POST /api/v1/transfers 500 41 - 790.942 ms","timestamp":"2026-09-21T10:28:52.484Z"}
{"level":"info","message":"POST /api/v1/auth/signup 201 563 - 155.555 ms","timestamp":"2026-09-21T10:28:52.673Z"}
{"accountId":"1789986532682reuri3","level":"info","message":"Account created","timestamp":"2026-09-21T10:28:52.690Z"}
{"level":"info","message":"POST /api/v1/accounts 201 122 - 9.470 ms","timestamp":"2026-09-21T10:28:52.691Z"}
{"level":"error","message":"EXPRESS ERROR HANDLER: transferAmount is not defined","stack":"ReferenceError: transferAmount is not defined\n    at file:///C:/Users/PROGRESSIVE/Desktop/express-money-transfer/services/transfer.js:235:19\n    at process.processTicksAndRejections (node:internal/process/task_queues:104:5)\n    at async ClientSession.withTransaction (C:\\Users\\PROGRESSIVE\\Desktop\\express-money-transfer\\node_modules\\mongodb\\lib\\sessions.js:567:30)\n    at async newTransfer (file:///C:/Users/PROGRESSIVE/Desktop/express-money-transfer/services/transfer.js:159:7)\n    at async file:///C:/Users/PROGRESSIVE/Desktop/express-money-transfer/controllers/transfer.js:9:25","timestamp":"2026-09-21T10:28:53.547Z"}
{"level":"info","message":"POST /api/v1/transfers 500 41 - 848.769 ms","timestamp":"2026-09-21T10:28:53.549Z"}
{"level":"error","message":"EXPRESS ERROR HANDLER: transferAmount is not defined","stack":"ReferenceError: transferAmount is not defined\n    at file:///C:/Users/PROGRESSIVE/Desktop/express-money-transfer/services/transfer.js:235:19\n    at process.processTicksAndRejections (node:internal/process/task_queues:104:5)\n    at async ClientSession.withTransaction (C:\\Users\\PROGRESSIVE\\Desktop\\express-money-transfer\\node_modules\\mongodb\\lib\\sessions.js:567:30)\n    at async newTransfer (file:///C:/Users/PROGRESSIVE/Desktop/express-money-transfer/services/transfer.js:159:7)\n    at async file:///C:/Users/PROGRESSIVE/Desktop/express-money-transfer/controllers/transfer.js:9:25","timestamp":"2026-09-21T10:28:54.720Z"}
{"level":"info","message":"POST /api/v1/transfers 500 41 - 1162.721 ms","timestamp":"2026-09-21T10:28:54.721Z"}
{"error":"Connection lost","key":"lock:key","level":"warn","message":"Failed to release lock","timestamp":"2026-09-21T10:30:59.606Z"}
{"accountId":"acc-bob","level":"info","message":"Account created","timestamp":"2026-09-21T10:31:00.831Z"}
{"amount":"5000","fromAccountId":"acc-1","initiatedBy":"usr-1","level":"info","message":"Transfer completed","timestamp":"2026-09-21T10:31:00.852Z","toAccountId":"acc-2","transferId":"tr-1"}
{"details":null,"level":"warn","message":"DOMAIN EXCEPTION: Authentication required","statusCode":401,"timestamp":"2026-09-21T10:31:02.774Z"}
{"level":"info","message":"GET /api/v1/accounts 401 35 - 14.674 ms","timestamp":"2026-09-21T10:31:02.796Z"}
{"level":"info","message":"GET /api/v1/accounts 200 2 - 71.837 ms","timestamp":"2026-09-21T10:31:02.937Z"}
{"details":null,"level":"warn","message":"DOMAIN EXCEPTION: Authentication required","statusCode":401,"timestamp":"2026-09-21T10:31:02.950Z"}
{"level":"info","message":"GET /api/v1/accounts 401 35 - 14.532 ms","timestamp":"2026-09-21T10:31:02.964Z"}
{"details":null,"level":"warn","message":"DOMAIN EXCEPTION: Authentication required","statusCode":401,"timestamp":"2026-09-21T10:31:02.980Z"}
{"level":"info","message":"POST /api/v1/transfers 401 35 - 35.038 ms","timestamp":"2026-09-21T10:31:03.008Z"}
{"accountId":"178998666288011tlu8","level":"info","message":"Account created","timestamp":"2026-09-21T10:31:03.070Z"}
{"level":"info","message":"POST /api/v1/accounts 201 129 - 210.472 ms","timestamp":"2026-09-21T10:31:03.083Z"}
{"level":"info","message":"POST /api/v1/auth/signup 201 587 - 160.891 ms","timestamp":"2026-09-21T10:31:03.127Z"}
{"accountId":"1789986663139fglwx9","level":"info","message":"Account created","timestamp":"2026-09-21T10:31:03.151Z"}
{"level":"info","message":"POST /api/v1/accounts 201 129 - 16.499 ms","timestamp":"2026-09-21T10:31:03.153Z"}
{"details":{"email":"alice@example.com","resource":"Account"},"level":"warn","message":"DOMAIN EXCEPTION: Account already exists for this email","statusCode":409,"timestamp":"2026-09-21T10:31:03.168Z"}
{"accountId":"1789986663151hl4096","level":"info","message":"Account created","timestamp":"2026-09-21T10:31:03.169Z"}
{"level":"info","message":"POST /api/v1/accounts 409 110 - 8.095 ms","timestamp":"2026-09-21T10:31:03.170Z"}
{"level":"info","message":"POST /api/v1/accounts 201 134 - 19.705 ms","timestamp":"2026-09-21T10:31:03.171Z"}
{"errors":[{"code":"too_small","exact":false,"inclusive":false,"message":"Amount must be a positive number","minimum":0,"path":["amountMinor"],"type":"number"},{"code":"too_small","exact":false,"inclusive":true,"message":"Amount must be at least 1","minimum":1,"path":["amountMinor"],"type":"number"}],"level":"error","message":"Validation error:","timestamp":"2026-09-21T10:31:03.185Z"}
{"details":{"email":"duplicate@example.com","resource":"Account"},"level":"warn","message":"DOMAIN EXCEPTION: Account already exists for this email","statusCode":409,"timestamp":"2026-09-21T10:31:03.185Z"}
{"level":"info","message":"POST /api/v1/accounts 409 114 - 7.612 ms","timestamp":"2026-09-21T10:31:03.187Z"}
{"level":"info","message":"POST /api/v1/transfers 400 301 - 4.238 ms","timestamp":"2026-09-21T10:31:03.188Z"}
{"errors":[{"code":"invalid_type","expected":"string","message":"Required","path":["userId"],"received":"undefined"}],"level":"error","message":"Validation error:","timestamp":"2026-09-21T10:31:03.214Z"}
{"level":"info","message":"POST /api/v1/accounts 400 117 - 2.581 ms","timestamp":"2026-09-21T10:31:03.216Z"}
{"details":null,"level":"warn","message":"DOMAIN EXCEPTION: Admin or Superadmin cannot perform this action","statusCode":403,"timestamp":"2026-09-21T10:31:03.229Z"}
{"level":"info","message":"POST /api/v1/transfers 403 58 - 4.579 ms","timestamp":"2026-09-21T10:31:03.231Z"}
{"accountId":"1789986663236dwn38p","level":"info","message":"Account created","timestamp":"2026-09-21T10:31:03.246Z"}
{"level":"info","message":"POST /api/v1/accounts 201 140 - 10.637 ms","timestamp":"2026-09-21T10:31:03.247Z"}
{"errors":[{"code":"too_small","exact":false,"inclusive":true,"message":"User ID is required","minimum":1,"path":["userId"],"type":"string"}],"level":"error","message":"Validation error:","timestamp":"2026-09-21T10:31:03.273Z"}
{"level":"info","message":"POST /api/v1/accounts 400 141 - 1.381 ms","timestamp":"2026-09-21T10:31:03.274Z"}
{"level":"info","message":"GET /api/v1/accounts 200 2 - 7.392 ms","timestamp":"2026-09-21T10:31:03.305Z"}
{"level":"info","message":"POST /api/v1/auth/token 200 303 - 6.359 ms","timestamp":"2026-09-21T10:31:03.320Z"}
{"details":null,"level":"warn","message":"DOMAIN EXCEPTION: Authentication required","statusCode":401,"timestamp":"2026-09-21T10:31:03.325Z"}
{"level":"info","message":"GET /api/v1/accounts 401 35 - 1.092 ms","timestamp":"2026-09-21T10:31:03.326Z"}
{"accountId":"1789986663349b4rpm8","level":"info","message":"Account created","timestamp":"2026-09-21T10:31:03.356Z"}
{"level":"info","message":"POST /api/v1/accounts 201 142 - 8.117 ms","timestamp":"2026-09-21T10:31:03.357Z"}
{"level":"info","message":"DELETE /api/v1/accounts/1789986663349b4rpm8 200 42 - 16.178 ms","timestamp":"2026-09-21T10:31:03.382Z"}
{"accountId":"1789986663405ypnzn6","level":"info","message":"Account created","timestamp":"2026-09-21T10:31:03.413Z"}
{"level":"info","message":"POST /api/v1/accounts 201 133 - 8.386 ms","timestamp":"2026-09-21T10:31:03.414Z"}
{"accountId":"1789986663420f7flkd","level":"info","message":"Account created","timestamp":"2026-09-21T10:31:03.428Z"}
{"level":"info","message":"POST /api/v1/accounts 201 138 - 8.625 ms","timestamp":"2026-09-21T10:31:03.429Z"}
{"level":"info","message":"POST /api/v1/auth/signup 201 563 - 184.063 ms","timestamp":"2026-09-21T10:31:03.436Z"}
{"errors":[{"code":"custom","message":"Idempotency-Key header is required","path":["idempotency-key"]}],"level":"error","message":"Validation error:","timestamp":"2026-09-21T10:31:03.445Z"}
{"level":"info","message":"DELETE /api/v1/accounts/1789986663420f7flkd 200 42 - 10.649 ms","timestamp":"2026-09-21T10:31:03.446Z"}
{"level":"info","message":"POST /api/v1/transfers 400 103 - 3.048 ms","timestamp":"2026-09-21T10:31:03.446Z"}
{"level":"info","message":"GET /api/v1/accounts 200 135 - 4.458 ms","timestamp":"2026-09-21T10:31:03.457Z"}
{"details":{"id":"non-existent-account-id","reason":"Not Found","resource":"Account"},"level":"warn","message":"DOMAIN EXCEPTION: Account not found","statusCode":404,"timestamp":"2026-09-21T10:31:03.482Z"}
{"level":"info","message":"DELETE /api/v1/accounts/non-existent-account-id 404 114 - 4.845 ms","timestamp":"2026-09-21T10:31:03.483Z"}
{"level":"info","message":"POST /api/v1/auth/signup 201 597 - 181.120 ms","timestamp":"2026-09-21T10:31:03.521Z"}
{"level":"info","message":"GET /api/v1/auth/me 200 138 - 11.790 ms","timestamp":"2026-09-21T10:31:03.540Z"}
{"level":"info","message":"POST /api/v1/auth/signup 201 597 - 105.663 ms","timestamp":"2026-09-21T10:31:03.671Z"}
{"details":{"email":"duplicate@test.com"},"level":"warn","message":"DOMAIN EXCEPTION: User with this email already exists","statusCode":409,"timestamp":"2026-09-21T10:31:03.681Z"}
{"level":"info","message":"POST /api/v1/auth/signup 409 88 - 3.549 ms","timestamp":"2026-09-21T10:31:03.681Z"}
{"details":null,"level":"warn","message":"DOMAIN EXCEPTION: Authenticated user not found","statusCode":401,"timestamp":"2026-09-21T10:31:03.866Z"}
{"level":"info","message":"POST /api/v1/transfers 401 40 - 397.789 ms","timestamp":"2026-09-21T10:31:03.867Z"}
{"level":"info","message":"POST /api/v1/auth/login 200 315 - 89.352 ms","timestamp":"2026-09-21T10:31:03.921Z"}
{"level":"info","message":"POST /api/v1/auth/signup 201 563 - 104.817 ms","timestamp":"2026-09-21T10:31:03.991Z"}
{"level":"info","message":"POST /api/v1/auth/signup 201 548 - 127.208 ms","timestamp":"2026-09-21T10:31:04.125Z"}
{"details":{"id":"1789986663983r9lshl","resource":"Account"},"level":"warn","message":"DOMAIN EXCEPTION: Cannot initiate transfer from an account you do not own","statusCode":403,"timestamp":"2026-09-21T10:31:04.144Z"}
{"level":"info","message":"POST /api/v1/transfers 403 127 - 12.284 ms","timestamp":"2026-09-21T10:31:04.145Z"}
{"level":"info","message":"GET /api/v1/accounts/1789986663983r9lshl 200 128 - 4.142 ms","timestamp":"2026-09-21T10:31:04.156Z"}
{"level":"info","message":"POST /api/v1/auth/login 200 438 - 96.826 ms","timestamp":"2026-09-21T10:31:04.159Z"}
{"level":"info","message":"GET /api/v1/auth/me 200 134 - 14.746 ms","timestamp":"2026-09-21T10:31:04.182Z"}
{"level":"info","message":"POST /api/v1/auth/signup 201 563 - 109.912 ms","timestamp":"2026-09-21T10:31:04.292Z"}
{"accountId":"1789986664298e63rd5","level":"info","message":"Account created","timestamp":"2026-09-21T10:31:04.306Z"}
{"level":"info","message":"POST /api/v1/accounts 201 122 - 8.708 ms","timestamp":"2026-09-21T10:31:04.307Z"}
{"details":{"id":"not-alice-account","resource":"Account"},"level":"warn","message":"DOMAIN EXCEPTION: Cannot initiate transfer from an account you do not own","statusCode":403,"timestamp":"2026-09-21T10:31:04.317Z"}
{"level":"info","message":"POST /api/v1/transfers 403 125 - 5.526 ms","timestamp":"2026-09-21T10:31:04.318Z"}
{"details":null,"level":"warn","message":"DOMAIN EXCEPTION: Invalid email or password","statusCode":401,"timestamp":"2026-09-21T10:31:04.392Z"}
{"level":"info","message":"POST /api/v1/auth/login 401 37 - 83.994 ms","timestamp":"2026-09-21T10:31:04.394Z"}
{"details":null,"level":"warn","message":"DOMAIN EXCEPTION: Authentication required","statusCode":401,"timestamp":"2026-09-21T10:31:04.409Z"}
{"level":"info","message":"GET /api/v1/auth/me 401 35 - 0.951 ms","timestamp":"2026-09-21T10:31:04.410Z"}
{"details":null,"level":"warn","message":"DOMAIN EXCEPTION: Authentication required","statusCode":401,"timestamp":"2026-09-21T10:31:04.425Z"}
{"level":"info","message":"GET /api/v1/admin/stats 401 35 - 1.287 ms","timestamp":"2026-09-21T10:31:04.426Z"}
{"level":"info","message":"POST /api/v1/auth/signup 201 563 - 101.805 ms","timestamp":"2026-09-21T10:31:04.439Z"}
{"level":"info","message":"POST /api/v1/auth/token 200 305 - 0.840 ms","timestamp":"2026-09-21T10:31:04.442Z"}
{"details":{"requiredRoles":["admin"],"userRole":"user"},"level":"warn","message":"DOMAIN EXCEPTION: Forbidden: Insufficient permissions","statusCode":403,"timestamp":"2026-09-21T10:31:04.449Z"}
{"level":"info","message":"GET /api/v1/admin/stats 403 103 - 1.745 ms","timestamp":"2026-09-21T10:31:04.450Z"}
{"errors":[{"code":"custom","message":"Cannot transfer to the same account","path":["toAccountId"]}],"level":"error","message":"Validation error:","timestamp":"2026-09-21T10:31:04.455Z"}
{"level":"info","message":"POST /api/v1/transfers 400 100 - 1.049 ms","timestamp":"2026-09-21T10:31:04.456Z"}
{"accountId":"178998666446949bpgz","level":"info","message":"Account created","timestamp":"2026-09-21T10:31:04.476Z"}
{"level":"info","message":"POST /api/v1/accounts 201 139 - 11.150 ms","timestamp":"2026-09-21T10:31:04.477Z"}
{"level":"info","message":"POST /api/v1/auth/token 200 315 - 0.728 ms","timestamp":"2026-09-21T10:31:04.484Z"}
{"level":"info","message":"GET /api/v1/admin/stats 200 66 - 8.646 ms","timestamp":"2026-09-21T10:31:04.497Z"}
{"details":{"fromBalance":"100000","transferAmount":"500000"},"level":"warn","message":"DOMAIN EXCEPTION: Insufficient funds","statusCode":400,"timestamp":"2026-09-21T10:31:04.586Z"}
{"level":"info","message":"POST /api/v1/transfers 400 91 - 1389.397 ms","timestamp":"2026-09-21T10:31:04.587Z"}
{"level":"info","message":"POST /api/v1/auth/signup 201 563 - 131.305 ms","timestamp":"2026-09-21T10:31:04.610Z"}
{"details":{"id":"nonexistent-destination","reason":"Not Found","resource":"Account"},"level":"warn","message":"DOMAIN EXCEPTION: Account not found","statusCode":404,"timestamp":"2026-09-21T10:31:05.356Z"}
{"level":"info","message":"POST /api/v1/transfers 404 114 - 743.040 ms","timestamp":"2026-09-21T10:31:05.359Z"}
{"level":"error","message":"EXPRESS ERROR HANDLER: transferAmount is not defined","stack":"ReferenceError: transferAmount is not defined\n    at file:///C:/Users/PROGRESSIVE/Desktop/express-money-transfer/services/transfer.js:235:19\n    at process.processTicksAndRejections (node:internal/process/task_queues:104:5)\n    at async ClientSession.withTransaction (C:\\Users\\PROGRESSIVE\\Desktop\\express-money-transfer\\node_modules\\mongodb\\lib\\sessions.js:567:30)\n    at async newTransfer (file:///C:/Users/PROGRESSIVE/Desktop/express-money-transfer/services/transfer.js:159:7)\n    at async file:///C:/Users/PROGRESSIVE/Desktop/express-money-transfer/controllers/transfer.js:9:25","timestamp":"2026-09-21T10:31:05.366Z"}
{"level":"info","message":"POST /api/v1/transfers 500 41 - 775.345 ms","timestamp":"2026-09-21T10:31:05.370Z"}
{"level":"info","message":"POST /api/v1/auth/signup 201 563 - 81.918 ms","timestamp":"2026-09-21T10:31:05.474Z"}
{"accountId":"1789986665478htv0mf","level":"info","message":"Account created","timestamp":"2026-09-21T10:31:05.483Z"}
{"level":"info","message":"POST /api/v1/accounts 201 122 - 5.608 ms","timestamp":"2026-09-21T10:31:05.484Z"}
{"level":"error","message":"EXPRESS ERROR HANDLER: transferAmount is not defined","stack":"ReferenceError: transferAmount is not defined\n    at file:///C:/Users/PROGRESSIVE/Desktop/express-money-transfer/services/transfer.js:235:19\n    at process.processTicksAndRejections (node:internal/process/task_queues:104:5)\n    at async ClientSession.withTransaction (C:\\Users\\PROGRESSIVE\\Desktop\\express-money-transfer\\node_modules\\mongodb\\lib\\sessions.js:567:30)\n    at async newTransfer (file:///C:/Users/PROGRESSIVE/Desktop/express-money-transfer/services/transfer.js:159:7)\n    at async file:///C:/Users/PROGRESSIVE/Desktop/express-money-transfer/controllers/transfer.js:9:25","timestamp":"2026-09-21T10:31:06.177Z"}
{"level":"info","message":"POST /api/v1/transfers 500 41 - 688.283 ms","timestamp":"2026-09-21T10:31:06.177Z"}
{"level":"info","message":"POST /api/v1/auth/signup 201 561 - 345.293 ms","timestamp":"2026-09-21T10:31:06.774Z"}
{"accountId":"1789986666779f9diro","level":"info","message":"Account created","timestamp":"2026-09-21T10:31:06.908Z"}
{"level":"info","message":"POST /api/v1/accounts 201 122 - 129.447 ms","timestamp":"2026-09-21T10:31:06.908Z"}
{"details":{"fromBalance":"10000","transferAmount":"20000"},"level":"warn","message":"DOMAIN EXCEPTION: Insufficient funds","statusCode":400,"timestamp":"2026-09-21T10:31:08.272Z"}
{"level":"info","message":"POST /api/v1/transfers 400 89 - 1360.081 ms","timestamp":"2026-09-21T10:31:08.273Z"}
{"level":"info","message":"POST /api/v1/auth/signup 201 563 - 79.283 ms","timestamp":"2026-09-21T10:31:08.375Z"}
{"accountId":"17899866683795r945g","level":"info","message":"Account created","timestamp":"2026-09-21T10:31:08.384Z"}
{"level":"info","message":"POST /api/v1/accounts 201 122 - 6.154 ms","timestamp":"2026-09-21T10:31:08.385Z"}
{"level":"error","message":"EXPRESS ERROR HANDLER: transferAmount is not defined","stack":"ReferenceError: transferAmount is not defined\n    at file:///C:/Users/PROGRESSIVE/Desktop/express-money-transfer/services/transfer.js:235:19\n    at process.processTicksAndRejections (node:internal/process/task_queues:104:5)\n    at async ClientSession.withTransaction (C:\\Users\\PROGRESSIVE\\Desktop\\express-money-transfer\\node_modules\\mongodb\\lib\\sessions.js:567:30)\n    at async newTransfer (file:///C:/Users/PROGRESSIVE/Desktop/express-money-transfer/services/transfer.js:159:7)\n    at async file:///C:/Users/PROGRESSIVE/Desktop/express-money-transfer/controllers/transfer.js:9:25","timestamp":"2026-09-21T10:31:09.540Z"}
{"level":"info","message":"POST /api/v1/transfers 500 41 - 1151.468 ms","timestamp":"2026-09-21T10:31:09.542Z"}
{"level":"info","message":"POST /api/v1/auth/signup 201 563 - 107.182 ms","timestamp":"2026-09-21T10:31:09.676Z"}
{"accountId":"1789986669683opr0rz","level":"info","message":"Account created","timestamp":"2026-09-21T10:31:09.691Z"}
{"level":"info","message":"POST /api/v1/accounts 201 122 - 8.563 ms","timestamp":"2026-09-21T10:31:09.692Z"}
{"level":"error","message":"EXPRESS ERROR HANDLER: transferAmount is not defined","stack":"ReferenceError: transferAmount is not defined\n    at file:///C:/Users/PROGRESSIVE/Desktop/express-money-transfer/services/transfer.js:235:19\n    at process.processTicksAndRejections (node:internal/process/task_queues:104:5)\n    at async ClientSession.withTransaction (C:\\Users\\PROGRESSIVE\\Desktop\\express-money-transfer\\node_modules\\mongodb\\lib\\sessions.js:567:30)\n    at async newTransfer (file:///C:/Users/PROGRESSIVE/Desktop/express-money-transfer/services/transfer.js:159:7)\n    at async file:///C:/Users/PROGRESSIVE/Desktop/express-money-transfer/controllers/transfer.js:9:25","timestamp":"2026-09-21T10:31:10.334Z"}
{"level":"info","message":"POST /api/v1/transfers 500 41 - 636.649 ms","timestamp":"2026-09-21T10:31:10.335Z"}
{"level":"error","message":"EXPRESS ERROR HANDLER: transferAmount is not defined","stack":"ReferenceError: transferAmount is not defined\n    at file:///C:/Users/PROGRESSIVE/Desktop/express-money-transfer/services/transfer.js:235:19\n    at process.processTicksAndRejections (node:internal/process/task_queues:104:5)\n    at async ClientSession.withTransaction (C:\\Users\\PROGRESSIVE\\Desktop\\express-money-transfer\\node_modules\\mongodb\\lib\\sessions.js:567:30)\n    at async newTransfer (file:///C:/Users/PROGRESSIVE/Desktop/express-money-transfer/services/transfer.js:159:7)\n    at async file:///C:/Users/PROGRESSIVE/Desktop/express-money-transfer/controllers/transfer.js:9:25","timestamp":"2026-09-21T10:31:10.968Z"}
{"level":"info","message":"POST /api/v1/transfers 500 41 - 627.954 ms","timestamp":"2026-09-21T10:31:10.969Z"}
{"error":"Connection lost","key":"lock:key","level":"warn","message":"Failed to release lock","timestamp":"2026-09-21T10:36:04.019Z"}
{"accountId":"acc-bob","level":"info","message":"Account created","timestamp":"2026-09-21T10:36:04.853Z"}
{"amount":"5000","fromAccountId":"acc-1","initiatedBy":"usr-1","level":"info","message":"Transfer completed","timestamp":"2026-09-21T10:36:04.878Z","toAccountId":"acc-2","transferId":"tr-1"}
{"details":null,"level":"warn","message":"DOMAIN EXCEPTION: Authentication required","statusCode":401,"timestamp":"2026-09-21T10:36:08.644Z"}
{"level":"info","message":"GET /api/v1/accounts 401 35 - 23.048 ms","timestamp":"2026-09-21T10:36:08.674Z"}
{"level":"info","message":"GET /api/v1/accounts 200 2 - 36.303 ms","timestamp":"2026-09-21T10:36:08.769Z"}
{"details":null,"level":"warn","message":"DOMAIN EXCEPTION: Authentication required","statusCode":401,"timestamp":"2026-09-21T10:36:08.853Z"}
{"level":"info","message":"POST /api/v1/transfers 401 35 - 44.289 ms","timestamp":"2026-09-21T10:36:08.882Z"}
{"details":null,"level":"warn","message":"DOMAIN EXCEPTION: Authentication required","statusCode":401,"timestamp":"2026-09-21T10:36:09.896Z"}
{"level":"info","message":"GET /api/v1/accounts 401 35 - 7.760 ms","timestamp":"2026-09-21T10:36:09.904Z"}
{"accountId":"1789986968631sy3g9x","level":"info","message":"Account created","timestamp":"2026-09-21T10:36:09.930Z"}
{"level":"info","message":"POST /api/v1/accounts 201 129 - 1317.368 ms","timestamp":"2026-09-21T10:36:09.941Z"}
{"level":"info","message":"POST /api/v1/auth/token 200 303 - 5.025 ms","timestamp":"2026-09-21T10:36:09.963Z"}
{"accountId":"17899869701943ysaz3","level":"info","message":"Account created","timestamp":"2026-09-21T10:36:10.204Z"}
{"level":"info","message":"POST /api/v1/accounts 201 134 - 12.466 ms","timestamp":"2026-09-21T10:36:10.206Z"}
{"details":{"email":"duplicate@example.com","resource":"Account"},"level":"warn","message":"DOMAIN EXCEPTION: Account already exists for this email","statusCode":409,"timestamp":"2026-09-21T10:36:10.222Z"}
{"level":"info","message":"POST /api/v1/accounts 409 114 - 7.703 ms","timestamp":"2026-09-21T10:36:10.223Z"}
{"errors":[{"code":"invalid_type","expected":"string","message":"Required","path":["userId"],"received":"undefined"}],"level":"error","message":"Validation error:","timestamp":"2026-09-21T10:36:10.260Z"}
{"level":"info","message":"POST /api/v1/accounts 400 117 - 2.470 ms","timestamp":"2026-09-21T10:36:10.261Z"}
{"accountId":"1789986970283emnufx","level":"info","message":"Account created","timestamp":"2026-09-21T10:36:10.302Z"}
{"level":"info","message":"POST /api/v1/accounts 201 140 - 20.771 ms","timestamp":"2026-09-21T10:36:10.304Z"}
{"errors":[{"code":"too_small","exact":false,"inclusive":true,"message":"User ID is required","minimum":1,"path":["userId"],"type":"string"}],"level":"error","message":"Validation error:","timestamp":"2026-09-21T10:36:10.337Z"}
{"level":"info","message":"POST /api/v1/accounts 400 141 - 1.278 ms","timestamp":"2026-09-21T10:36:10.338Z"}
{"details":null,"level":"warn","message":"DOMAIN EXCEPTION: Admin or Superadmin cannot perform this action","statusCode":403,"timestamp":"2026-09-21T10:36:10.369Z"}
{"level":"info","message":"POST /api/v1/transfers 403 58 - 4.580 ms","timestamp":"2026-09-21T10:36:10.371Z"}
{"level":"info","message":"GET /api/v1/accounts 200 2 - 9.640 ms","timestamp":"2026-09-21T10:36:10.374Z"}
{"details":null,"level":"warn","message":"DOMAIN EXCEPTION: Authentication required","statusCode":401,"timestamp":"2026-09-21T10:36:10.395Z"}
{"level":"info","message":"GET /api/v1/accounts 401 35 - 1.310 ms","timestamp":"2026-09-21T10:36:10.396Z"}
{"level":"info","message":"POST /api/v1/auth/signup 201 587 - 1586.191 ms","timestamp":"2026-09-21T10:36:10.419Z"}
{"accountId":"178998697041756y9ir","level":"info","message":"Account created","timestamp":"2026-09-21T10:36:10.433Z"}
{"level":"info","message":"POST /api/v1/accounts 201 142 - 17.040 ms","timestamp":"2026-09-21T10:36:10.434Z"}
{"accountId":"1789986970430qwdpes","level":"info","message":"Account created","timestamp":"2026-09-21T10:36:10.443Z"}
{"level":"info","message":"POST /api/v1/accounts 201 129 - 17.677 ms","timestamp":"2026-09-21T10:36:10.445Z"}
{"details":{"email":"alice@example.com","resource":"Account"},"level":"warn","message":"DOMAIN EXCEPTION: Account already exists for this email","statusCode":409,"timestamp":"2026-09-21T10:36:10.465Z"}
{"level":"info","message":"DELETE /api/v1/accounts/178998697041756y9ir 200 42 - 52.691 ms","timestamp":"2026-09-21T10:36:10.498Z"}
{"level":"info","message":"POST /api/v1/accounts 409 110 - 10.377 ms","timestamp":"2026-09-21T10:36:10.466Z"}
{"errors":[{"code":"too_small","exact":false,"inclusive":false,"message":"Amount must be a positive number","minimum":0,"path":["amountMinor"],"type":"number"},{"code":"too_small","exact":false,"inclusive":true,"message":"Amount must be at least 1","minimum":1,"path":["amountMinor"],"type":"number"}],"level":"error","message":"Validation error:","timestamp":"2026-09-21T10:36:10.513Z"}
{"level":"info","message":"POST /api/v1/transfers 400 301 - 4.344 ms","timestamp":"2026-09-21T10:36:10.515Z"}
{"accountId":"1789986970533d4bomg","level":"info","message":"Account created","timestamp":"2026-09-21T10:36:10.548Z"}
{"level":"info","message":"POST /api/v1/accounts 201 133 - 15.824 ms","timestamp":"2026-09-21T10:36:10.549Z"}
{"accountId":"1789986970559gmx09l","level":"info","message":"Account created","timestamp":"2026-09-21T10:36:10.576Z"}
{"level":"info","message":"POST /api/v1/accounts 201 138 - 18.445 ms","timestamp":"2026-09-21T10:36:10.577Z"}
{"level":"info","message":"DELETE /api/v1/accounts/1789986970559gmx09l 200 42 - 9.487 ms","timestamp":"2026-09-21T10:36:10.595Z"}
{"level":"info","message":"GET /api/v1/accounts 200 135 - 15.181 ms","timestamp":"2026-09-21T10:36:10.618Z"}
{"details":{"id":"non-existent-account-id","reason":"Not Found","resource":"Account"},"level":"warn","message":"DOMAIN EXCEPTION: Account not found","statusCode":404,"timestamp":"2026-09-21T10:36:10.668Z"}
{"level":"info","message":"DELETE /api/v1/accounts/non-existent-account-id 404 114 - 5.586 ms","timestamp":"2026-09-21T10:36:10.669Z"}
{"level":"info","message":"POST /api/v1/auth/signup 201 595 - 733.096 ms","timestamp":"2026-09-21T10:36:10.714Z"}
{"level":"info","message":"GET /api/v1/auth/me 200 138 - 14.300 ms","timestamp":"2026-09-21T10:36:10.741Z"}
{"level":"info","message":"POST /api/v1/auth/signup 201 563 - 308.325 ms","timestamp":"2026-09-21T10:36:10.767Z"}
{"errors":[{"code":"custom","message":"Idempotency-Key header is required","path":["idempotency-key"]}],"level":"error","message":"Validation error:","timestamp":"2026-09-21T10:36:10.780Z"}
{"level":"info","message":"POST /api/v1/transfers 400 103 - 3.631 ms","timestamp":"2026-09-21T10:36:10.782Z"}
{"level":"info","message":"POST /api/v1/auth/signup 201 597 - 172.863 ms","timestamp":"2026-09-21T10:36:10.960Z"}
{"details":{"email":"duplicate@test.com"},"level":"warn","message":"DOMAIN EXCEPTION: User with this email already exists","statusCode":409,"timestamp":"2026-09-21T10:36:10.972Z"}
{"level":"info","message":"POST /api/v1/auth/signup 409 88 - 4.433 ms","timestamp":"2026-09-21T10:36:10.974Z"}
{"level":"info","message":"POST /api/v1/auth/login 200 315 - 130.627 ms","timestamp":"2026-09-21T10:36:11.315Z"}
{"details":null,"level":"warn","message":"DOMAIN EXCEPTION: Authenticated user not found","statusCode":401,"timestamp":"2026-09-21T10:36:11.429Z"}
{"level":"info","message":"POST /api/v1/transfers 401 40 - 614.227 ms","timestamp":"2026-09-21T10:36:11.431Z"}
{"level":"info","message":"POST /api/v1/auth/signup 201 563 - 138.042 ms","timestamp":"2026-09-21T10:36:11.591Z"}
{"level":"info","message":"POST /api/v1/auth/login 200 438 - 130.097 ms","timestamp":"2026-09-21T10:36:11.626Z"}
{"level":"info","message":"GET /api/v1/auth/me 200 134 - 5.007 ms","timestamp":"2026-09-21T10:36:11.637Z"}
{"level":"info","message":"POST /api/v1/auth/signup 201 548 - 130.165 ms","timestamp":"2026-09-21T10:36:11.728Z"}
{"details":{"id":"1789986971581ma4rdw","resource":"Account"},"level":"warn","message":"DOMAIN EXCEPTION: Cannot initiate transfer from an account you do not own","statusCode":403,"timestamp":"2026-09-21T10:36:11.745Z"}
{"level":"info","message":"POST /api/v1/transfers 403 127 - 11.420 ms","timestamp":"2026-09-21T10:36:11.746Z"}
{"level":"info","message":"GET /api/v1/accounts/1789986971581ma4rdw 200 128 - 5.667 ms","timestamp":"2026-09-21T10:36:11.758Z"}
{"details":null,"level":"warn","message":"DOMAIN EXCEPTION: Invalid email or password","statusCode":401,"timestamp":"2026-09-21T10:36:11.892Z"}
{"level":"info","message":"POST /api/v1/auth/login 401 37 - 110.628 ms","timestamp":"2026-09-21T10:36:11.893Z"}
{"level":"info","message":"POST /api/v1/auth/signup 201 563 - 122.997 ms","timestamp":"2026-09-21T10:36:11.904Z"}
{"details":null,"level":"warn","message":"DOMAIN EXCEPTION: Authentication required","statusCode":401,"timestamp":"2026-09-21T10:36:11.912Z"}
{"level":"info","message":"GET /api/v1/auth/me 401 35 - 1.025 ms","timestamp":"2026-09-21T10:36:11.913Z"}
{"details":null,"level":"warn","message":"DOMAIN EXCEPTION: Authentication required","statusCode":401,"timestamp":"2026-09-21T10:36:11.932Z"}
{"level":"info","message":"GET /api/v1/admin/stats 401 35 - 1.354 ms","timestamp":"2026-09-21T10:36:11.933Z"}
{"accountId":"1789986971912njhm6e","level":"info","message":"Account created","timestamp":"2026-09-21T10:36:11.941Z"}
{"level":"info","message":"POST /api/v1/accounts 201 122 - 29.785 ms","timestamp":"2026-09-21T10:36:11.942Z"}
{"level":"info","message":"POST /api/v1/auth/token 200 305 - 1.139 ms","timestamp":"2026-09-21T10:36:11.954Z"}
{"details":{"id":"not-alice-account","resource":"Account"},"level":"warn","message":"DOMAIN EXCEPTION: Cannot initiate transfer from an account you do not own","statusCode":403,"timestamp":"2026-09-21T10:36:11.958Z"}
{"level":"info","message":"POST /api/v1/transfers 403 125 - 9.643 ms","timestamp":"2026-09-21T10:36:11.959Z"}
{"details":{"requiredRoles":["admin"],"userRole":"user"},"level":"warn","message":"DOMAIN EXCEPTION: Forbidden: Insufficient permissions","statusCode":403,"timestamp":"2026-09-21T10:36:11.962Z"}
{"level":"info","message":"GET /api/v1/admin/stats 403 103 - 1.855 ms","timestamp":"2026-09-21T10:36:11.964Z"}
{"accountId":"17899869719855xavly","level":"info","message":"Account created","timestamp":"2026-09-21T10:36:11.993Z"}
{"level":"info","message":"POST /api/v1/accounts 201 139 - 12.345 ms","timestamp":"2026-09-21T10:36:11.994Z"}
{"level":"info","message":"POST /api/v1/auth/token 200 315 - 1.095 ms","timestamp":"2026-09-21T10:36:12.002Z"}
{"level":"info","message":"GET /api/v1/admin/stats 200 66 - 101.250 ms","timestamp":"2026-09-21T10:36:12.111Z"}
{"level":"info","message":"POST /api/v1/auth/signup 201 563 - 158.792 ms","timestamp":"2026-09-21T10:36:12.141Z"}
{"errors":[{"code":"custom","message":"Cannot transfer to the same account","path":["toAccountId"]}],"level":"error","message":"Validation error:","timestamp":"2026-09-21T10:36:12.149Z"}
{"level":"info","message":"POST /api/v1/transfers 400 100 - 1.261 ms","timestamp":"2026-09-21T10:36:12.150Z"}
{"level":"info","message":"POST /api/v1/auth/signup 201 563 - 133.836 ms","timestamp":"2026-09-21T10:36:12.309Z"}
{"details":{"id":"nonexistent-destination","reason":"Not Found","resource":"Account"},"level":"warn","message":"DOMAIN EXCEPTION: Account not found","statusCode":404,"timestamp":"2026-09-21T10:36:13.183Z"}
{"level":"info","message":"POST /api/v1/transfers 404 114 - 867.811 ms","timestamp":"2026-09-21T10:36:13.184Z"}
{"details":{"fromBalance":"100000","transferAmount":"500000"},"level":"warn","message":"DOMAIN EXCEPTION: Insufficient funds","statusCode":400,"timestamp":"2026-09-21T10:36:13.208Z"}
{"level":"info","message":"POST /api/v1/transfers 400 91 - 2681.226 ms","timestamp":"2026-09-21T10:36:13.209Z"}
{"level":"info","message":"POST /api/v1/auth/signup 201 563 - 118.305 ms","timestamp":"2026-09-21T10:36:13.326Z"}
{"accountId":"1789986973331pam6zt","level":"info","message":"Account created","timestamp":"2026-09-21T10:36:13.340Z"}
{"level":"info","message":"POST /api/v1/accounts 201 122 - 9.787 ms","timestamp":"2026-09-21T10:36:13.341Z"}
{"amount":"35000","fromAccountId":"17899869704045kv615","initiatedBy":"17899869690493mxs54","level":"info","message":"Transfer completed","timestamp":"2026-09-21T10:36:14.088Z","toAccountId":"1789986970430qwdpes","transferId":"6ab1089d07c011f9c024029d"}
{"level":"info","message":"POST /api/v1/transfers 201 257 - 872.456 ms","timestamp":"2026-09-21T10:36:14.089Z"}
{"level":"info","message":"GET /api/v1/transfers/6ab1089d07c011f9c024029d 200 257 - 4.592 ms","timestamp":"2026-09-21T10:36:14.100Z"}
{"amount":"20000","fromAccountId":"1789986973316x7flbj","initiatedBy":"1789986973310lkiksl","level":"info","message":"Transfer completed","timestamp":"2026-09-21T10:36:14.112Z","toAccountId":"1789986973331pam6zt","transferId":"6ab1089d89a3c8ae908fc49d"}
{"level":"info","message":"GET /api/v1/accounts/17899869704045kv615 200 133 - 4.667 ms","timestamp":"2026-09-21T10:36:14.112Z"}
{"level":"info","message":"GET /api/v1/accounts/1789986970430qwdpes 200 129 - 4.216 ms","timestamp":"2026-09-21T10:36:14.123Z"}
{"level":"info","message":"POST /api/v1/transfers 201 257 - 765.265 ms","timestamp":"2026-09-21T10:36:14.113Z"}
{"level":"info","message":"GET /api/v1/accounts/1789986973316x7flbj 200 126 - 4.262 ms","timestamp":"2026-09-21T10:36:14.123Z"}
{"level":"info","message":"GET /api/v1/accounts/1789986973331pam6zt 200 122 - 3.679 ms","timestamp":"2026-09-21T10:36:14.133Z"}
{"level":"info","message":"GET /api/v1/transfers?page=1&limit=10 200 259 - 21.005 ms","timestamp":"2026-09-21T10:36:14.150Z"}
{"level":"info","message":"PATCH /api/v1/accounts/17899869704045kv615 200 151 - 10.949 ms","timestamp":"2026-09-21T10:36:14.169Z"}
{"level":"info","message":"DELETE /api/v1/accounts/1789986970430qwdpes 200 42 - 8.751 ms","timestamp":"2026-09-21T10:36:14.184Z"}
{"level":"info","message":"POST /api/v1/auth/signup 201 561 - 151.087 ms","timestamp":"2026-09-21T10:36:14.359Z"}
{"accountId":"1789986974372sfn0hv","level":"info","message":"Account created","timestamp":"2026-09-21T10:36:14.410Z"}
{"level":"info","message":"POST /api/v1/accounts 201 122 - 39.936 ms","timestamp":"2026-09-21T10:36:14.411Z"}
{"details":{"id":"1789986970430qwdpes","reason":"Not Found","resource":"Account"},"level":"warn","message":"DOMAIN EXCEPTION: Account not found","statusCode":404,"timestamp":"2026-09-21T10:36:14.964Z"}
{"level":"info","message":"POST /api/v1/transfers 404 110 - 773.563 ms","timestamp":"2026-09-21T10:36:14.965Z"}
{"details":{"fromBalance":"10000","transferAmount":"20000"},"level":"warn","message":"DOMAIN EXCEPTION: Insufficient funds","statusCode":400,"timestamp":"2026-09-21T10:36:15.295Z"}
{"level":"info","message":"POST /api/v1/transfers 400 89 - 871.916 ms","timestamp":"2026-09-21T10:36:15.296Z"}
{"level":"info","message":"POST /api/v1/auth/signup 201 563 - 152.588 ms","timestamp":"2026-09-21T10:36:15.466Z"}
{"accountId":"1789986975470y1g09k","level":"info","message":"Account created","timestamp":"2026-09-21T10:36:15.487Z"}
{"level":"info","message":"POST /api/v1/accounts 201 122 - 17.880 ms","timestamp":"2026-09-21T10:36:15.488Z"}
{"amount":"10000","fromAccountId":"1789986975439bwiy23","initiatedBy":"1789986975430ruhjux","level":"info","message":"Transfer completed","timestamp":"2026-09-21T10:36:16.242Z","toAccountId":"1789986975470y1g09k","transferId":"6ab1089f89a3c8ae908fc4a5"}
{"level":"info","message":"POST /api/v1/transfers 201 257 - 751.994 ms","timestamp":"2026-09-21T10:36:16.244Z"}
{"amount":"10000","fromAccountId":"1789986975439bwiy23","initiatedBy":"1789986975430ruhjux","level":"info","message":"Transfer completed","timestamp":"2026-09-21T10:36:16.414Z","toAccountId":"1789986975470y1g09k","transferId":"6ab1089f89a3c8ae908fc4a5"}
{"level":"info","message":"POST /api/v1/transfers 201 257 - 152.714 ms","timestamp":"2026-09-21T10:36:16.414Z"}
{"level":"info","message":"GET /api/v1/accounts/1789986975439bwiy23 200 126 - 2.402 ms","timestamp":"2026-09-21T10:36:16.420Z"}
{"level":"info","message":"POST /api/v1/auth/signup 201 563 - 97.457 ms","timestamp":"2026-09-21T10:36:16.543Z"}
{"accountId":"17899869765468eek5i","level":"info","message":"Account created","timestamp":"2026-09-21T10:36:16.550Z"}
{"level":"info","message":"POST /api/v1/accounts 201 122 - 4.620 ms","timestamp":"2026-09-21T10:36:16.551Z"}
{"amount":"10000","fromAccountId":"1789986976538qtpft6","initiatedBy":"178998697651392z84x","level":"info","message":"Transfer completed","timestamp":"2026-09-21T10:36:17.408Z","toAccountId":"17899869765468eek5i","transferId":"6ab108a189a3c8ae908fc4aa"}
{"level":"info","message":"POST /api/v1/transfers 201 257 - 853.022 ms","timestamp":"2026-09-21T10:36:17.408Z"}
{"details":null,"level":"warn","message":"DOMAIN EXCEPTION: Idempotency key reused with different request body","statusCode":422,"timestamp":"2026-09-21T10:36:17.568Z"}
{"level":"info","message":"POST /api/v1/transfers 422 62 - 158.419 ms","timestamp":"2026-09-21T10:36:17.570Z"}
{"amount":500000,"fromAccountId":"64b1f2e3d4c5b6a789012345","initiatedBy":"usr-456","level":"info","message":"External transfer initiated","reference":"ext_ref_123","status":"PROCESSING","timestamp":"2026-09-22T08:08:40.933Z","transferId":"ext-999"}
{"event":"transfer.success","level":"info","message":"Paystack webhook processed","received":true,"reference":"ref-001","timestamp":"2026-09-22T08:08:40.956Z"}
{"level":"info","message":"Connected to Redis","timestamp":"2026-09-22T08:09:19.442Z"}
{"details":null,"level":"warn","message":"DOMAIN EXCEPTION: Authentication required","statusCode":401,"timestamp":"2026-09-22T08:09:23.097Z"}
{"level":"info","message":"POST /api/v1/transfers 401 35 - 14.313 ms","timestamp":"2026-09-22T08:09:23.110Z"}
{"details":null,"level":"warn","message":"DOMAIN EXCEPTION: Admin or Superadmin cannot perform this action","statusCode":403,"timestamp":"2026-09-22T08:09:23.265Z"}
{"level":"info","message":"POST /api/v1/transfers 403 58 - 5.787 ms","timestamp":"2026-09-22T08:09:23.268Z"}
{"level":"info","message":"POST /api/v1/auth/signup 201 563 - 196.526 ms","timestamp":"2026-09-22T08:09:23.493Z"}
{"errors":[{"code":"custom","message":"Idempotency-Key header is required","path":["idempotency-key"]}],"level":"error","message":"Validation error:","timestamp":"2026-09-22T08:09:23.505Z"}
{"level":"info","message":"POST /api/v1/transfers 400 103 - 3.447 ms","timestamp":"2026-09-22T08:09:23.507Z"}
{"details":null,"level":"warn","message":"DOMAIN EXCEPTION: Authenticated user not found","statusCode":401,"timestamp":"2026-09-22T08:09:23.552Z"}
{"level":"info","message":"POST /api/v1/transfers 401 40 - 8.467 ms","timestamp":"2026-09-22T08:09:23.555Z"}
{"level":"info","message":"POST /api/v1/auth/signup 201 563 - 137.720 ms","timestamp":"2026-09-22T08:09:23.716Z"}
{"level":"info","message":"POST /api/v1/auth/signup 201 548 - 131.017 ms","timestamp":"2026-09-22T08:09:23.857Z"}
{"details":{"id":"1790064563706k945v5","resource":"Account"},"level":"warn","message":"DOMAIN EXCEPTION: Cannot initiate transfer from an account you do not own","statusCode":403,"timestamp":"2026-09-22T08:09:23.887Z"}
{"level":"info","message":"POST /api/v1/transfers 403 127 - 11.933 ms","timestamp":"2026-09-22T08:09:23.888Z"}
{"level":"info","message":"GET /api/v1/accounts/1790064563706k945v5 200 128 - 4.932 ms","timestamp":"2026-09-22T08:09:23.900Z"}
{"level":"info","message":"POST /api/v1/auth/signup 201 563 - 161.225 ms","timestamp":"2026-09-22T08:09:24.092Z"}
{"accountId":"1790064564101hskk7y","level":"info","message":"Account created","timestamp":"2026-09-22T08:09:24.109Z"}
{"level":"info","message":"POST /api/v1/accounts 201 122 - 8.864 ms","timestamp":"2026-09-22T08:09:24.110Z"}
{"details":{"id":"not-alice-account","resource":"Account"},"level":"warn","message":"DOMAIN EXCEPTION: Cannot initiate transfer from an account you do not own","statusCode":403,"timestamp":"2026-09-22T08:09:24.125Z"}
{"level":"info","message":"POST /api/v1/transfers 403 125 - 7.214 ms","timestamp":"2026-09-22T08:09:24.126Z"}
{"level":"info","message":"POST /api/v1/auth/signup 201 563 - 163.753 ms","timestamp":"2026-09-22T08:09:24.316Z"}
{"errors":[{"code":"custom","message":"Cannot transfer to the same account","path":["toAccountId"]}],"level":"error","message":"Validation error:","timestamp":"2026-09-22T08:09:24.324Z"}
{"level":"info","message":"POST /api/v1/transfers 400 100 - 1.156 ms","timestamp":"2026-09-22T08:09:24.325Z"}
{"level":"info","message":"POST /api/v1/auth/signup 201 563 - 179.055 ms","timestamp":"2026-09-22T08:09:24.536Z"}
{"details":{"id":"nonexistent-destination","reason":"Not Found","resource":"Account"},"level":"warn","message":"DOMAIN EXCEPTION: Account not found","statusCode":404,"timestamp":"2026-09-22T08:09:25.401Z"}
{"level":"info","message":"POST /api/v1/transfers 404 114 - 857.359 ms","timestamp":"2026-09-22T08:09:25.404Z"}
{"level":"info","message":"POST /api/v1/auth/signup 201 563 - 179.175 ms","timestamp":"2026-09-22T08:09:25.653Z"}
{"accountId":"17900645656638v6iss","level":"info","message":"Account created","timestamp":"2026-09-22T08:09:25.670Z"}
{"level":"info","message":"POST /api/v1/accounts 201 122 - 8.670 ms","timestamp":"2026-09-22T08:09:25.672Z"}
{"amount":"20000","fromAccountId":"1790064565642g7kdy7","initiatedBy":"17900645656109asnng","level":"info","message":"Transfer completed","timestamp":"2026-09-22T08:09:26.467Z","toAccountId":"17900645656638v6iss","transferId":"6ab237b6686105f7be3a942a"}
{"level":"info","message":"POST /api/v1/transfers 201 257 - 790.854 ms","timestamp":"2026-09-22T08:09:26.471Z"}
{"level":"info","message":"GET /api/v1/accounts/1790064565642g7kdy7 200 126 - 11.412 ms","timestamp":"2026-09-22T08:09:26.504Z"}
{"level":"info","message":"GET /api/v1/accounts/17900645656638v6iss 200 122 - 6.075 ms","timestamp":"2026-09-22T08:09:26.526Z"}
{"level":"info","message":"POST /api/v1/auth/signup 201 561 - 141.839 ms","timestamp":"2026-09-22T08:09:26.696Z"}
{"accountId":"1790064566705m98xl8","level":"info","message":"Account created","timestamp":"2026-09-22T08:09:26.715Z"}
{"level":"info","message":"POST /api/v1/accounts 201 122 - 11.139 ms","timestamp":"2026-09-22T08:09:26.716Z"}
{"details":{"fromBalance":"10000","transferAmount":"20000"},"level":"warn","message":"DOMAIN EXCEPTION: Insufficient funds","statusCode":400,"timestamp":"2026-09-22T08:09:27.381Z"}
{"level":"info","message":"POST /api/v1/transfers 400 89 - 658.616 ms","timestamp":"2026-09-22T08:09:27.384Z"}
{"level":"info","message":"POST /api/v1/auth/signup 201 563 - 200.506 ms","timestamp":"2026-09-22T08:09:27.638Z"}
{"accountId":"1790064567647saoadb","level":"info","message":"Account created","timestamp":"2026-09-22T08:09:27.657Z"}
{"level":"info","message":"POST /api/v1/accounts 201 122 - 11.121 ms","timestamp":"2026-09-22T08:09:27.658Z"}
{"amount":"10000","fromAccountId":"1790064567628cvc5xr","initiatedBy":"1790064567621kweqrg","level":"info","message":"Transfer completed","timestamp":"2026-09-22T08:09:28.553Z","toAccountId":"1790064567647saoadb","transferId":"6ab237b8686105f7be3a9432"}
{"level":"info","message":"POST /api/v1/transfers 201 257 - 887.166 ms","timestamp":"2026-09-22T08:09:28.554Z"}
{"amount":"10000","fromAccountId":"1790064567628cvc5xr","initiatedBy":"1790064567621kweqrg","level":"info","message":"Transfer completed","timestamp":"2026-09-22T08:09:28.756Z","toAccountId":"1790064567647saoadb","transferId":"6ab237b8686105f7be3a9432"}
{"level":"info","message":"POST /api/v1/transfers 201 257 - 189.086 ms","timestamp":"2026-09-22T08:09:28.757Z"}
{"level":"info","message":"GET /api/v1/accounts/1790064567628cvc5xr 200 126 - 4.968 ms","timestamp":"2026-09-22T08:09:28.770Z"}
{"level":"info","message":"POST /api/v1/auth/signup 201 563 - 149.533 ms","timestamp":"2026-09-22T08:09:28.953Z"}
{"accountId":"1790064568960b3w9fw","level":"info","message":"Account created","timestamp":"2026-09-22T08:09:28.968Z"}
{"level":"info","message":"POST /api/v1/accounts 201 122 - 8.415 ms","timestamp":"2026-09-22T08:09:28.969Z"}
{"amount":"10000","fromAccountId":"17900645689443rpgcu","initiatedBy":"17900645689384kg5j5","level":"info","message":"Transfer completed","timestamp":"2026-09-22T08:09:29.780Z","toAccountId":"1790064568960b3w9fw","transferId":"6ab237b9686105f7be3a9437"}
{"level":"info","message":"POST /api/v1/transfers 201 257 - 805.221 ms","timestamp":"2026-09-22T08:09:29.781Z"}
{"details":null,"level":"warn","message":"DOMAIN EXCEPTION: Idempotency key reused with different request body","statusCode":422,"timestamp":"2026-09-22T08:09:29.915Z"}
{"level":"info","message":"POST /api/v1/transfers 422 62 - 131.165 ms","timestamp":"2026-09-22T08:09:29.919Z"}
{"level":"info","message":"Connected to Redis","timestamp":"2026-09-22T08:10:02.040Z"}
{"details":null,"level":"warn","message":"DOMAIN EXCEPTION: Authentication required","statusCode":401,"timestamp":"2026-09-22T08:10:03.795Z"}
{"level":"info","message":"GET /api/v1/transfers/external/resolve-account?accountNumber=0123456789&bankCode=058 401 35 - 7.525 ms","timestamp":"2026-09-22T08:10:03.803Z"}
{"level":"info","message":"POST /api/v1/auth/signup 201 595 - 306.709 ms","timestamp":"2026-09-22T08:10:04.188Z"}
{"errors":[{"code":"invalid_type","expected":"string","message":"Required","path":["accountNumber"],"received":"undefined"}],"level":"error","message":"Validation error:","timestamp":"2026-09-22T08:10:04.216Z"}
{"level":"info","message":"GET /api/v1/transfers/external/resolve-account?bankCode=058 400 124 - 13.989 ms","timestamp":"2026-09-22T08:10:04.221Z"}
{"details":null,"level":"warn","message":"DOMAIN EXCEPTION: Authentication required","statusCode":401,"timestamp":"2026-09-22T08:10:04.271Z"}
{"level":"info","message":"POST /api/v1/transfers/external 401 35 - 1.563 ms","timestamp":"2026-09-22T08:10:04.273Z"}
{"details":null,"level":"warn","message":"DOMAIN EXCEPTION: Admin or Superadmin cannot perform this action","statusCode":403,"timestamp":"2026-09-22T08:10:04.293Z"}
{"level":"info","message":"POST /api/v1/transfers/external 403 58 - 2.008 ms","timestamp":"2026-09-22T08:10:04.295Z"}
{"level":"info","message":"POST /api/v1/auth/signup 201 565 - 131.580 ms","timestamp":"2026-09-22T08:10:04.445Z"}
{"errors":[{"code":"custom","message":"Idempotency-Key header is required","path":["idempotency-key"]}],"level":"error","message":"Validation error:","timestamp":"2026-09-22T08:10:04.453Z"}
{"level":"info","message":"POST /api/v1/transfers/external 400 103 - 1.746 ms","timestamp":"2026-09-22T08:10:04.454Z"}
{"level":"info","message":"POST /api/v1/auth/signup 201 591 - 183.011 ms","timestamp":"2026-09-22T08:10:04.662Z"}
{"details":{"code":"invalid_bank_code","message":"Bank is invalid","meta":{"nextStep":"Ensure that you're passing the correct bank code. Use the List Banks Endpoint to get the list of all available banks and their corresponding bank codes"},"status":false,"type":"validation_error"},"level":"warn","message":"DOMAIN EXCEPTION: Bank is invalid","statusCode":400,"timestamp":"2026-09-22T08:10:06.850Z"}
{"level":"info","message":"POST /api/v1/transfers/external 400 309 - 2172.435 ms","timestamp":"2026-09-22T08:10:06.852Z"}
{"level":"info","message":"POST /api/v1/auth/signup 201 545 - 239.391 ms","timestamp":"2026-09-22T08:10:07.156Z"}
{"level":"info","message":"POST /api/v1/auth/signup 201 545 - 157.739 ms","timestamp":"2026-09-22T08:10:07.324Z"}
{"details":{"id":"1790064607288df2hmd","resource":"Account"},"level":"warn","message":"DOMAIN EXCEPTION: Cannot initiate transfer from an account you do not own","statusCode":403,"timestamp":"2026-09-22T08:10:07.342Z"}
{"level":"info","message":"POST /api/v1/transfers/external 403 127 - 10.159 ms","timestamp":"2026-09-22T08:10:07.344Z"}
{"level":"info","message":"POST /api/v1/auth/signup 201 566 - 205.710 ms","timestamp":"2026-09-22T08:10:07.576Z"}
{"details":{"fromBalance":"1000","transferAmount":"50000"},"level":"warn","message":"DOMAIN EXCEPTION: Insufficient funds for external transfer","statusCode":400,"timestamp":"2026-09-22T08:10:08.590Z"}
{"level":"info","message":"POST /api/v1/transfers/external 400 110 - 1001.439 ms","timestamp":"2026-09-22T08:10:08.593Z"}
{"details":null,"level":"warn","message":"DOMAIN EXCEPTION: Authentication required","statusCode":401,"timestamp":"2026-09-22T08:10:08.666Z"}
{"level":"info","message":"GET /api/v1/transfers/external 401 35 - 1.991 ms","timestamp":"2026-09-22T08:10:08.668Z"}
{"level":"info","message":"POST /api/v1/auth/signup 201 558 - 152.703 ms","timestamp":"2026-09-22T08:10:08.849Z"}
{"level":"info","message":"GET /api/v1/transfers/external 200 2 - 7.109 ms","timestamp":"2026-09-22T08:10:08.863Z"}
{"level":"info","message":"POST /api/v1/auth/signup 201 571 - 169.333 ms","timestamp":"2026-09-22T08:10:09.065Z"}
{"details":{"id":"64b1f2e3d4c5b6a789012345","reason":"Not Found","resource":"ExternalTransfer"},"level":"warn","message":"DOMAIN EXCEPTION: External transfer not found","statusCode":404,"timestamp":"2026-09-22T08:10:09.094Z"}
{"level":"info","message":"GET /api/v1/transfers/external/64b1f2e3d4c5b6a789012345 404 134 - 14.443 ms","timestamp":"2026-09-22T08:10:09.097Z"}
{"details":null,"level":"warn","message":"DOMAIN EXCEPTION: Invalid webhook signature","statusCode":401,"timestamp":"2026-09-22T08:10:09.143Z"}
{"level":"info","message":"POST /api/v1/webhooks/paystack 401 37 - 2.890 ms","timestamp":"2026-09-22T08:10:09.144Z"}
{"details":null,"level":"warn","message":"DOMAIN EXCEPTION: Invalid webhook signature","statusCode":401,"timestamp":"2026-09-22T08:10:09.166Z"}
{"level":"info","message":"POST /api/v1/webhooks/paystack 401 37 - 1.712 ms","timestamp":"2026-09-22T08:10:09.167Z"}
{"event":"transfer.success","level":"info","message":"Paystack webhook processed","reference":"ext_wh_test_ref_123","status":"success","timestamp":"2026-09-22T08:10:10.024Z"}
{"level":"info","message":"POST /api/v1/webhooks/paystack 200 81 - 843.773 ms","timestamp":"2026-09-22T08:10:10.030Z"}
{"level":"info","message":"Connected to Redis","timestamp":"2026-09-22T08:10:26.514Z"}
{"details":null,"level":"warn","message":"DOMAIN EXCEPTION: Authentication required","statusCode":401,"timestamp":"2026-09-22T08:10:28.250Z"}
{"level":"info","message":"GET /api/v1/transfers/external/resolve-account?accountNumber=0123456789&bankCode=058 401 35 - 10.293 ms","timestamp":"2026-09-22T08:10:28.260Z"}
{"level":"info","message":"POST /api/v1/auth/signup 201 595 - 252.099 ms","timestamp":"2026-09-22T08:10:28.645Z"}
{"errors":[{"code":"invalid_type","expected":"string","message":"Required","path":["accountNumber"],"received":"undefined"}],"level":"error","message":"Validation error:","timestamp":"2026-09-22T08:10:28.660Z"}
{"level":"info","message":"GET /api/v1/transfers/external/resolve-account?bankCode=058 400 124 - 7.516 ms","timestamp":"2026-09-22T08:10:28.662Z"}
{"details":null,"level":"warn","message":"DOMAIN EXCEPTION: Authentication required","statusCode":401,"timestamp":"2026-09-22T08:10:28.695Z"}
{"level":"info","message":"POST /api/v1/transfers/external 401 35 - 1.856 ms","timestamp":"2026-09-22T08:10:28.697Z"}
{"details":null,"level":"warn","message":"DOMAIN EXCEPTION: Admin or Superadmin cannot perform this action","statusCode":403,"timestamp":"2026-09-22T08:10:28.724Z"}
{"level":"info","message":"POST /api/v1/transfers/external 403 58 - 2.500 ms","timestamp":"2026-09-22T08:10:28.726Z"}
{"level":"info","message":"POST /api/v1/auth/signup 201 565 - 149.194 ms","timestamp":"2026-09-22T08:10:28.898Z"}
{"errors":[{"code":"custom","message":"Idempotency-Key header is required","path":["idempotency-key"]}],"level":"error","message":"Validation error:","timestamp":"2026-09-22T08:10:28.908Z"}
{"level":"info","message":"POST /api/v1/transfers/external 400 103 - 2.591 ms","timestamp":"2026-09-22T08:10:28.909Z"}
{"level":"info","message":"POST /api/v1/auth/signup 201 591 - 131.727 ms","timestamp":"2026-09-22T08:10:29.069Z"}
{"details":{"code":"invalid_bank_code","message":"Bank is invalid","meta":{"nextStep":"Ensure that you're passing the correct bank code. Use the List Banks Endpoint to get the list of all available banks and their corresponding bank codes"},"status":false,"type":"validation_error"},"level":"warn","message":"DOMAIN EXCEPTION: Bank is invalid","statusCode":400,"timestamp":"2026-09-22T08:10:30.719Z"}
{"level":"info","message":"POST /api/v1/transfers/external 400 309 - 1643.474 ms","timestamp":"2026-09-22T08:10:30.720Z"}
{"level":"info","message":"POST /api/v1/auth/signup 201 545 - 133.478 ms","timestamp":"2026-09-22T08:10:30.885Z"}
{"level":"info","message":"POST /api/v1/auth/signup 201 545 - 135.128 ms","timestamp":"2026-09-22T08:10:31.027Z"}
{"details":{"id":"1790064631019v19g1b","resource":"Account"},"level":"warn","message":"DOMAIN EXCEPTION: Cannot initiate transfer from an account you do not own","statusCode":403,"timestamp":"2026-09-22T08:10:31.041Z"}
{"level":"info","message":"POST /api/v1/transfers/external 403 127 - 7.162 ms","timestamp":"2026-09-22T08:10:31.042Z"}
{"level":"info","message":"POST /api/v1/auth/signup 201 566 - 166.323 ms","timestamp":"2026-09-22T08:10:31.235Z"}
{"details":{"fromBalance":"1000","transferAmount":"50000"},"level":"warn","message":"DOMAIN EXCEPTION: Insufficient funds for external transfer","statusCode":400,"timestamp":"2026-09-22T08:10:32.152Z"}
{"level":"info","message":"POST /api/v1/transfers/external 400 110 - 911.823 ms","timestamp":"2026-09-22T08:10:32.153Z"}
{"details":null,"level":"warn","message":"DOMAIN EXCEPTION: Authentication required","statusCode":401,"timestamp":"2026-09-22T08:10:32.189Z"}
{"level":"info","message":"GET /api/v1/transfers/external 401 35 - 0.943 ms","timestamp":"2026-09-22T08:10:32.190Z"}
{"level":"info","message":"POST /api/v1/auth/signup 201 558 - 129.120 ms","timestamp":"2026-09-22T08:10:32.339Z"}
{"level":"info","message":"GET /api/v1/transfers/external 200 2 - 5.045 ms","timestamp":"2026-09-22T08:10:32.351Z"}
{"level":"info","message":"POST /api/v1/auth/signup 201 571 - 163.685 ms","timestamp":"2026-09-22T08:10:32.542Z"}
{"details":{"id":"64b1f2e3d4c5b6a789012345","reason":"Not Found","resource":"ExternalTransfer"},"level":"warn","message":"DOMAIN EXCEPTION: External transfer not found","statusCode":404,"timestamp":"2026-09-22T08:10:32.557Z"}
{"level":"info","message":"GET /api/v1/transfers/external/64b1f2e3d4c5b6a789012345 404 134 - 5.966 ms","timestamp":"2026-09-22T08:10:32.558Z"}
{"details":null,"level":"warn","message":"DOMAIN EXCEPTION: Invalid webhook signature","statusCode":401,"timestamp":"2026-09-22T08:10:32.589Z"}
{"level":"info","message":"POST /api/v1/webhooks/paystack 401 37 - 3.454 ms","timestamp":"2026-09-22T08:10:32.591Z"}
{"details":null,"level":"warn","message":"DOMAIN EXCEPTION: Invalid webhook signature","statusCode":401,"timestamp":"2026-09-22T08:10:32.610Z"}
{"level":"info","message":"POST /api/v1/webhooks/paystack 401 37 - 1.728 ms","timestamp":"2026-09-22T08:10:32.611Z"}
{"level":"info","message":"Paystack webhook processed Webhook event already processed","reference":"ext_wh_test_ref_123","status":"ignored","timestamp":"2026-09-22T08:10:32.862Z"}
{"level":"info","message":"POST /api/v1/webhooks/paystack 200 98 - 232.275 ms","timestamp":"2026-09-22T08:10:32.864Z"}
{"level":"info","message":"Connected to Redis","timestamp":"2026-09-22T08:10:45.594Z"}
{"details":null,"level":"warn","message":"DOMAIN EXCEPTION: Authentication required","statusCode":401,"timestamp":"2026-09-22T08:10:47.446Z"}
{"level":"info","message":"GET /api/v1/transfers/external/resolve-account?accountNumber=0123456789&bankCode=058 401 35 - 9.034 ms","timestamp":"2026-09-22T08:10:47.458Z"}
{"level":"info","message":"POST /api/v1/auth/signup 201 595 - 215.304 ms","timestamp":"2026-09-22T08:10:47.824Z"}
{"errors":[{"code":"invalid_type","expected":"string","message":"Required","path":["accountNumber"],"received":"undefined"}],"level":"error","message":"Validation error:","timestamp":"2026-09-22T08:10:47.839Z"}
{"level":"info","message":"GET /api/v1/transfers/external/resolve-account?bankCode=058 400 124 - 7.927 ms","timestamp":"2026-09-22T08:10:47.841Z"}
{"details":null,"level":"warn","message":"DOMAIN EXCEPTION: Authentication required","statusCode":401,"timestamp":"2026-09-22T08:10:47.873Z"}
{"level":"info","message":"POST /api/v1/transfers/external 401 35 - 1.112 ms","timestamp":"2026-09-22T08:10:47.874Z"}
{"details":null,"level":"warn","message":"DOMAIN EXCEPTION: Admin or Superadmin cannot perform this action","statusCode":403,"timestamp":"2026-09-22T08:10:47.898Z"}
{"level":"info","message":"POST /api/v1/transfers/external 403 58 - 2.150 ms","timestamp":"2026-09-22T08:10:47.899Z"}
{"level":"info","message":"POST /api/v1/auth/signup 201 565 - 251.331 ms","timestamp":"2026-09-22T08:10:48.174Z"}
{"errors":[{"code":"custom","message":"Idempotency-Key header is required","path":["idempotency-key"]}],"level":"error","message":"Validation error:","timestamp":"2026-09-22T08:10:48.184Z"}
{"level":"info","message":"POST /api/v1/transfers/external 400 103 - 3.390 ms","timestamp":"2026-09-22T08:10:48.186Z"}
{"level":"info","message":"POST /api/v1/auth/signup 201 591 - 172.940 ms","timestamp":"2026-09-22T08:10:48.388Z"}
{"details":{"code":"invalid_bank_code","message":"Bank is invalid","meta":{"nextStep":"Ensure that you're passing the correct bank code. Use the List Banks Endpoint to get the list of all available banks and their corresponding bank codes"},"status":false,"type":"validation_error"},"level":"warn","message":"DOMAIN EXCEPTION: Bank is invalid","statusCode":400,"timestamp":"2026-09-22T08:10:50.331Z"}
{"level":"info","message":"POST /api/v1/transfers/external 400 309 - 1937.622 ms","timestamp":"2026-09-22T08:10:50.333Z"}
{"level":"info","message":"POST /api/v1/auth/signup 201 545 - 133.000 ms","timestamp":"2026-09-22T08:10:50.500Z"}
{"level":"info","message":"POST /api/v1/auth/signup 201 545 - 155.580 ms","timestamp":"2026-09-22T08:10:50.663Z"}
{"details":{"id":"1790064650650dhdi3q","resource":"Account"},"level":"warn","message":"DOMAIN EXCEPTION: Cannot initiate transfer from an account you do not own","statusCode":403,"timestamp":"2026-09-22T08:10:50.682Z"}
{"level":"info","message":"POST /api/v1/transfers/external 403 127 - 9.975 ms","timestamp":"2026-09-22T08:10:50.683Z"}
{"level":"info","message":"POST /api/v1/auth/signup 201 566 - 133.782 ms","timestamp":"2026-09-22T08:10:50.851Z"}
{"details":{"fromBalance":"1000","transferAmount":"50000"},"level":"warn","message":"DOMAIN EXCEPTION: Insufficient funds for external transfer","statusCode":400,"timestamp":"2026-09-22T08:10:51.700Z"}
{"level":"info","message":"POST /api/v1/transfers/external 400 110 - 842.895 ms","timestamp":"2026-09-22T08:10:51.701Z"}
{"details":null,"level":"warn","message":"DOMAIN EXCEPTION: Authentication required","statusCode":401,"timestamp":"2026-09-22T08:10:51.732Z"}
{"level":"info","message":"GET /api/v1/transfers/external 401 35 - 1.340 ms","timestamp":"2026-09-22T08:10:51.734Z"}
{"level":"info","message":"POST /api/v1/auth/signup 201 558 - 180.457 ms","timestamp":"2026-09-22T08:10:51.939Z"}
{"level":"info","message":"GET /api/v1/transfers/external 200 2 - 7.161 ms","timestamp":"2026-09-22T08:10:51.953Z"}
{"level":"info","message":"POST /api/v1/auth/signup 201 571 - 144.313 ms","timestamp":"2026-09-22T08:10:52.128Z"}
{"details":{"id":"64b1f2e3d4c5b6a789012345","reason":"Not Found","resource":"ExternalTransfer"},"level":"warn","message":"DOMAIN EXCEPTION: External transfer not found","statusCode":404,"timestamp":"2026-09-22T08:10:52.140Z"}
{"level":"info","message":"GET /api/v1/transfers/external/64b1f2e3d4c5b6a789012345 404 134 - 5.912 ms","timestamp":"2026-09-22T08:10:52.141Z"}
{"details":null,"level":"warn","message":"DOMAIN EXCEPTION: Invalid webhook signature","statusCode":401,"timestamp":"2026-09-22T08:10:52.194Z"}
{"level":"info","message":"POST /api/v1/webhooks/paystack 401 37 - 2.114 ms","timestamp":"2026-09-22T08:10:52.195Z"}
{"details":null,"level":"warn","message":"DOMAIN EXCEPTION: Invalid webhook signature","statusCode":401,"timestamp":"2026-09-22T08:10:52.215Z"}
{"level":"info","message":"POST /api/v1/webhooks/paystack 401 37 - 1.752 ms","timestamp":"2026-09-22T08:10:52.216Z"}
{"event":"transfer.success","level":"info","message":"Paystack webhook processed","reference":"ext_wh_test_ref_1790064652233_yceimv1lsf9","status":"success","timestamp":"2026-09-22T08:10:52.902Z"}
{"level":"info","message":"POST /api/v1/webhooks/paystack 200 103 - 663.148 ms","timestamp":"2026-09-22T08:10:52.903Z"}
{"error":"Connection lost","key":"lock:key","level":"warn","message":"Failed to release lock","timestamp":"2026-09-22T08:11:01.181Z"}
{"amount":500000,"fromAccountId":"64b1f2e3d4c5b6a789012345","initiatedBy":"usr-456","level":"info","message":"External transfer initiated","reference":"ext_ref_123","status":"PROCESSING","timestamp":"2026-09-22T08:11:02.133Z","transferId":"ext-999"}
{"event":"transfer.success","level":"info","message":"Paystack webhook processed","received":true,"reference":"ref-001","timestamp":"2026-09-22T08:11:02.159Z"}
{"accountId":"acc-bob","level":"info","message":"Account created","timestamp":"2026-09-22T08:11:02.295Z"}
{"amount":"5000","fromAccountId":"acc-1","initiatedBy":"usr-1","level":"info","message":"Transfer completed","timestamp":"2026-09-22T08:11:02.321Z","toAccountId":"acc-2","transferId":"tr-1"}
{"amount":500000,"fromAccountId":"64b1f2e3d4c5b6a789012345","initiatedBy":"usr-456","level":"info","message":"External transfer initiated","reference":"ext_ref_123","status":"PROCESSING","timestamp":"2026-09-22T14:41:52.874Z","transferId":"ext-999"}
{"event":"transfer.success","level":"info","message":"Paystack webhook processed","received":true,"reference":"ref-001","timestamp":"2026-09-22T14:41:52.900Z"}
{"level":"info","message":"Connected to Redis","timestamp":"2026-09-22T14:42:57.817Z"}
{"details":null,"level":"warn","message":"DOMAIN EXCEPTION: Authentication required","statusCode":401,"timestamp":"2026-09-22T14:43:00.465Z"}
{"level":"info","message":"GET /api/v1/transfers/external/resolve-account?accountNumber=0123456789&bankCode=058 401 35 - 12.025 ms","timestamp":"2026-09-22T14:43:00.477Z"}
{"level":"info","message":"POST /api/v1/auth/signup 201 595 - 217.072 ms","timestamp":"2026-09-22T14:43:01.485Z"}
{"errors":[{"code":"invalid_type","expected":"string","message":"Required","path":["accountNumber"],"received":"undefined"}],"level":"error","message":"Validation error:","timestamp":"2026-09-22T14:43:01.499Z"}
{"level":"info","message":"GET /api/v1/transfers/external/resolve-account?bankCode=058 400 124 - 7.643 ms","timestamp":"2026-09-22T14:43:01.501Z"}
{"details":null,"level":"warn","message":"DOMAIN EXCEPTION: Authentication required","statusCode":401,"timestamp":"2026-09-22T14:43:01.538Z"}
{"level":"info","message":"POST /api/v1/transfers/external 401 35 - 1.845 ms","timestamp":"2026-09-22T14:43:01.540Z"}
{"details":null,"level":"warn","message":"DOMAIN EXCEPTION: Admin or Superadmin cannot perform this action","statusCode":403,"timestamp":"2026-09-22T14:43:01.570Z"}
{"level":"info","message":"POST /api/v1/transfers/external 403 58 - 2.599 ms","timestamp":"2026-09-22T14:43:01.572Z"}
{"level":"info","message":"POST /api/v1/auth/signup 201 565 - 145.178 ms","timestamp":"2026-09-22T14:43:01.744Z"}
{"errors":[{"code":"custom","message":"Idempotency-Key header is required","path":["idempotency-key"]}],"level":"error","message":"Validation error:","timestamp":"2026-09-22T14:43:01.755Z"}
{"level":"info","message":"POST /api/v1/transfers/external 400 103 - 2.730 ms","timestamp":"2026-09-22T14:43:01.756Z"}
{"level":"info","message":"POST /api/v1/auth/signup 201 591 - 273.944 ms","timestamp":"2026-09-22T14:43:02.061Z"}
{"details":{"code":"invalid_bank_code","message":"Bank is invalid","meta":{"nextStep":"Ensure that you're passing the correct bank code. Use the List Banks Endpoint to get the list of all available banks and their corresponding bank codes"},"status":false,"type":"validation_error"},"level":"warn","message":"DOMAIN EXCEPTION: Bank is invalid","statusCode":400,"timestamp":"2026-09-22T14:43:03.583Z"}
{"level":"info","message":"POST /api/v1/transfers/external 400 309 - 1514.783 ms","timestamp":"2026-09-22T14:43:03.585Z"}
{"level":"info","message":"POST /api/v1/auth/signup 201 545 - 144.510 ms","timestamp":"2026-09-22T14:43:03.765Z"}
{"level":"info","message":"POST /api/v1/auth/signup 201 545 - 143.490 ms","timestamp":"2026-09-22T14:43:03.917Z"}
{"details":{"id":"1790088183906d8ipjk","resource":"Account"},"level":"warn","message":"DOMAIN EXCEPTION: Cannot initiate transfer from an account you do not own","statusCode":403,"timestamp":"2026-09-22T14:43:03.936Z"}
{"level":"info","message":"POST /api/v1/transfers/external 403 127 - 11.098 ms","timestamp":"2026-09-22T14:43:03.937Z"}
{"level":"info","message":"POST /api/v1/auth/signup 201 566 - 156.897 ms","timestamp":"2026-09-22T14:43:04.124Z"}
{"details":{"fromBalance":"1000","transferAmount":"50000"},"level":"warn","message":"DOMAIN EXCEPTION: Insufficient funds for external transfer","statusCode":400,"timestamp":"2026-09-22T14:43:04.730Z"}
{"level":"info","message":"POST /api/v1/transfers/external 400 110 - 597.557 ms","timestamp":"2026-09-22T14:43:04.731Z"}
{"details":null,"level":"warn","message":"DOMAIN EXCEPTION: Authentication required","statusCode":401,"timestamp":"2026-09-22T14:43:04.760Z"}
{"level":"info","message":"GET /api/v1/transfers/external 401 35 - 1.956 ms","timestamp":"2026-09-22T14:43:04.762Z"}
{"level":"info","message":"POST /api/v1/auth/signup 201 558 - 139.081 ms","timestamp":"2026-09-22T14:43:04.926Z"}
{"level":"info","message":"GET /api/v1/transfers/external 200 2 - 6.845 ms","timestamp":"2026-09-22T14:43:04.940Z"}
{"level":"info","message":"POST /api/v1/auth/signup 201 571 - 153.531 ms","timestamp":"2026-09-22T14:43:05.123Z"}
{"details":{"id":"64b1f2e3d4c5b6a789012345","reason":"Not Found","resource":"ExternalTransfer"},"level":"warn","message":"DOMAIN EXCEPTION: External transfer not found","statusCode":404,"timestamp":"2026-09-22T14:43:05.135Z"}
{"level":"info","message":"GET /api/v1/transfers/external/64b1f2e3d4c5b6a789012345 404 134 - 5.930 ms","timestamp":"2026-09-22T14:43:05.137Z"}
{"details":null,"level":"warn","message":"DOMAIN EXCEPTION: Authentication required","statusCode":401,"timestamp":"2026-09-22T14:43:05.169Z"}
{"level":"info","message":"GET /api/v1/transfers/external/64b1f2e3d4c5b6a789012345/status 401 35 - 1.263 ms","timestamp":"2026-09-22T14:43:05.171Z"}
{"level":"info","message":"POST /api/v1/auth/signup 201 565 - 163.484 ms","timestamp":"2026-09-22T14:43:05.360Z"}
{"details":{"id":"64b1f2e3d4c5b6a789012345","reason":"Not Found","resource":"ExternalTransfer"},"level":"warn","message":"DOMAIN EXCEPTION: External transfer not found","statusCode":404,"timestamp":"2026-09-22T14:43:05.374Z"}
{"level":"info","message":"GET /api/v1/transfers/external/64b1f2e3d4c5b6a789012345/status 404 134 - 6.497 ms","timestamp":"2026-09-22T14:43:05.375Z"}
{"details":null,"level":"warn","message":"DOMAIN EXCEPTION: Invalid webhook signature","statusCode":401,"timestamp":"2026-09-22T14:43:05.408Z"}
{"level":"info","message":"POST /api/v1/webhooks/paystack 401 37 - 3.731 ms","timestamp":"2026-09-22T14:43:05.409Z"}
{"details":null,"level":"warn","message":"DOMAIN EXCEPTION: Invalid webhook signature","statusCode":401,"timestamp":"2026-09-22T14:43:05.432Z"}
{"level":"info","message":"POST /api/v1/webhooks/paystack 401 37 - 1.996 ms","timestamp":"2026-09-22T14:43:05.433Z"}
{"event":"transfer.success","level":"info","message":"Paystack webhook processed","reference":"ext_wh_test_ref_1790088185449_qnj2x2u4xy9","status":"success","timestamp":"2026-09-22T14:43:05.917Z"}
{"level":"info","message":"POST /api/v1/webhooks/paystack 200 103 - 463.064 ms","timestamp":"2026-09-22T14:43:05.918Z"}
{"level":"info","message":"Connected to Redis","timestamp":"2026-09-22T14:44:00.079Z"}
{"level":"info","message":"Connected to MongoDB","timestamp":"2026-09-22T14:44:04.089Z"}
{"level":"info","message":"Server running on port 8001","timestamp":"2026-09-22T14:44:04.105Z"}
{"level":"warn","message":"DOMAIN EXCEPTION: Unterminated string in JSON at position 13 (line 1 column 14)","statusCode":400,"timestamp":"2026-09-22T14:44:08.405Z"}
{"level":"warn","message":"DOMAIN EXCEPTION: Unterminated string in JSON at position 13 (line 1 column 14)","statusCode":400,"timestamp":"2026-09-22T14:44:15.132Z"}
{"level":"info","message":"POST /api/v1/auth/signup 201 665 - 713.168 ms","timestamp":"2026-09-22T14:44:28.543Z"}
{"details":{"code":"invalid_bank_code","message":"Could not resolve account name. Check parameters or try again.","meta":{"nextStep":"Ensure that you're passing the correct bank code. Use the List Banks Endpoint to get the list of all available banks and their corresponding bank codes"},"status":false,"type":"validation_error"},"level":"warn","message":"DOMAIN EXCEPTION: Could not resolve account name. Check parameters or try again.","statusCode":422,"timestamp":"2026-09-22T14:44:36.398Z"}
{"level":"info","message":"GET /api/v1/transfers/external/resolve-account?accountNumber=0123456789&bankCode=058 422 403 - 1856.892 ms","timestamp":"2026-09-22T14:44:36.400Z"}
{"details":{"code":"invalid_bank_code","message":"Cannot resolve account","meta":{"nextStep":"Ensure that you're passing the correct bank code. Use the List Banks Endpoint to get the list of all available banks and their corresponding bank codes"},"status":false,"type":"validation_error"},"level":"warn","message":"DOMAIN EXCEPTION: Cannot resolve account","statusCode":400,"timestamp":"2026-09-22T14:47:01.729Z"}
{"level":"info","message":"POST /api/v1/transfers/external 400 323 - 3058.432 ms","timestamp":"2026-09-22T14:47:01.731Z"}
{"level":"info","message":"GET /api/v1/accounts/1790088268271wuz369 200 160 - 128.990 ms","timestamp":"2026-09-22T14:47:07.651Z"}
{"details":{"code":"invalid_bank_code","message":"Bank is invalid","meta":{"nextStep":"Ensure that you're passing the correct bank code. Use the List Banks Endpoint to get the list of all available banks and their corresponding bank codes"},"status":false,"type":"validation_error"},"level":"warn","message":"DOMAIN EXCEPTION: Bank is invalid","statusCode":400,"timestamp":"2026-09-22T14:50:19.301Z"}
{"level":"info","message":"POST /api/v1/transfers/external 400 309 - 2346.951 ms","timestamp":"2026-09-22T14:50:19.302Z"}
{"level":"info","message":"Connected to MongoDB","timestamp":"2026-09-22T14:50:59.738Z"}
{"level":"info","message":"GET /api/v1/transfers/external/1790088617821w3yos8/status 200 495 - 131.943 ms","timestamp":"2026-09-22T14:51:09.116Z"}
{"error":"Connection lost","key":"lock:key","level":"warn","message":"Failed to release lock","timestamp":"2026-09-22T14:51:22.345Z"}
{"accountId":"acc-bob","level":"info","message":"Account created","timestamp":"2026-09-22T14:51:24.226Z"}
{"amount":"5000","fromAccountId":"acc-1","initiatedBy":"usr-1","level":"info","message":"Transfer completed","timestamp":"2026-09-22T14:51:24.253Z","toAccountId":"acc-2","transferId":"tr-1"}
{"amount":500000,"fromAccountId":"64b1f2e3d4c5b6a789012345","initiatedBy":"usr-456","level":"info","message":"External transfer initiated","reference":"ext_ref_123","status":"PROCESSING","timestamp":"2026-09-22T14:51:24.373Z","transferId":"ext-999"}
{"event":"transfer.success","level":"info","message":"Paystack webhook processed","received":true,"reference":"ref-001","timestamp":"2026-09-22T14:51:24.404Z"}
{"error":"Connection lost","key":"lock:key","level":"warn","message":"Failed to release lock","timestamp":"2026-09-22T15:13:55.634Z"}
{"amount":500000,"fromAccountId":"64b1f2e3d4c5b6a789012345","initiatedBy":"usr-456","level":"info","message":"External transfer initiated","reference":"ext_ref_123","status":"PROCESSING","timestamp":"2026-09-22T15:13:57.384Z","transferId":"ext-999"}
{"event":"transfer.success","level":"info","message":"Paystack webhook processed","received":true,"reference":"ref-001","timestamp":"2026-09-22T15:13:57.419Z"}
{"accountId":"acc-bob","level":"info","message":"Account created","timestamp":"2026-09-22T15:13:57.725Z"}
{"amount":"5000","fromAccountId":"acc-1","initiatedBy":"usr-1","level":"info","message":"Transfer completed","timestamp":"2026-09-22T15:13:57.777Z","toAccountId":"acc-2","transferId":"tr-1"}
{"level":"info","message":"Connected to Redis","timestamp":"2026-09-22T15:14:07.969Z"}
{"details":null,"level":"warn","message":"DOMAIN EXCEPTION: Authentication required","statusCode":401,"timestamp":"2026-09-22T15:14:10.018Z"}
{"level":"info","message":"GET /api/v1/transfers/external/resolve-account?accountNumber=0123456789&bankCode=058 401 35 - 17.186 ms","timestamp":"2026-09-22T15:14:10.035Z"}
{"level":"info","message":"POST /api/v1/auth/signup 201 595 - 198.522 ms","timestamp":"2026-09-22T15:14:10.465Z"}
{"errors":[{"code":"invalid_type","expected":"string","message":"Required","path":["accountNumber"],"received":"undefined"}],"level":"error","message":"Validation error:","timestamp":"2026-09-22T15:14:10.481Z"}
{"level":"info","message":"GET /api/v1/transfers/external/resolve-account?bankCode=058 400 124 - 8.558 ms","timestamp":"2026-09-22T15:14:10.484Z"}
{"details":null,"level":"warn","message":"DOMAIN EXCEPTION: Authentication required","statusCode":401,"timestamp":"2026-09-22T15:14:10.522Z"}
{"level":"info","message":"POST /api/v1/transfers/external 401 35 - 2.081 ms","timestamp":"2026-09-22T15:14:10.523Z"}
{"details":null,"level":"warn","message":"DOMAIN EXCEPTION: Admin or Superadmin cannot perform this action","statusCode":403,"timestamp":"2026-09-22T15:14:10.553Z"}
{"level":"info","message":"POST /api/v1/transfers/external 403 58 - 2.486 ms","timestamp":"2026-09-22T15:14:10.555Z"}
{"level":"info","message":"POST /api/v1/auth/signup 201 565 - 146.520 ms","timestamp":"2026-09-22T15:14:10.726Z"}
{"errors":[{"code":"custom","message":"Idempotency-Key header is required","path":["idempotency-key"]}],"level":"error","message":"Validation error:","timestamp":"2026-09-22T15:14:10.736Z"}
{"level":"info","message":"POST /api/v1/transfers/external 400 103 - 2.603 ms","timestamp":"2026-09-22T15:14:10.738Z"}
{"level":"info","message":"POST /api/v1/auth/signup 201 591 - 141.074 ms","timestamp":"2026-09-22T15:14:10.908Z"}
{"details":{"code":"invalid_bank_code","message":"Bank is invalid","meta":{"nextStep":"Ensure that you're passing the correct bank code. Use the List Banks Endpoint to get the list of all available banks and their corresponding bank codes"},"status":false,"type":"validation_error"},"level":"warn","message":"DOMAIN EXCEPTION: Bank is invalid","statusCode":400,"timestamp":"2026-09-22T15:14:12.414Z"}
{"level":"info","message":"POST /api/v1/transfers/external 400 309 - 1498.306 ms","timestamp":"2026-09-22T15:14:12.415Z"}
{"level":"info","message":"POST /api/v1/auth/signup 201 545 - 142.394 ms","timestamp":"2026-09-22T15:14:12.591Z"}
{"level":"info","message":"POST /api/v1/auth/signup 201 545 - 138.561 ms","timestamp":"2026-09-22T15:14:12.738Z"}
{"details":{"id":"1790090052728bhwhb1","resource":"Account"},"level":"warn","message":"DOMAIN EXCEPTION: Cannot initiate transfer from an account you do not own","statusCode":403,"timestamp":"2026-09-22T15:14:12.754Z"}
{"level":"info","message":"POST /api/v1/transfers/external 403 127 - 8.630 ms","timestamp":"2026-09-22T15:14:12.755Z"}
{"level":"info","message":"POST /api/v1/auth/signup 201 566 - 156.662 ms","timestamp":"2026-09-22T15:14:12.940Z"}
{"details":{"fromBalance":"1000","transferAmount":"50000"},"level":"warn","message":"DOMAIN EXCEPTION: Insufficient funds for external transfer","statusCode":400,"timestamp":"2026-09-22T15:14:13.550Z"}
{"level":"info","message":"POST /api/v1/transfers/external 400 110 - 603.808 ms","timestamp":"2026-09-22T15:14:13.551Z"}
{"details":null,"level":"warn","message":"DOMAIN EXCEPTION: Authentication required","statusCode":401,"timestamp":"2026-09-22T15:14:13.579Z"}
{"level":"info","message":"GET /api/v1/transfers/external 401 35 - 1.081 ms","timestamp":"2026-09-22T15:14:13.580Z"}
{"level":"info","message":"POST /api/v1/auth/signup 201 558 - 136.259 ms","timestamp":"2026-09-22T15:14:13.738Z"}
{"level":"info","message":"GET /api/v1/transfers/external 200 2 - 6.843 ms","timestamp":"2026-09-22T15:14:13.753Z"}
{"level":"info","message":"POST /api/v1/auth/signup 201 571 - 140.461 ms","timestamp":"2026-09-22T15:14:13.923Z"}
{"details":{"id":"64b1f2e3d4c5b6a789012345","reason":"Not Found","resource":"ExternalTransfer"},"level":"warn","message":"DOMAIN EXCEPTION: External transfer not found","statusCode":404,"timestamp":"2026-09-22T15:14:13.936Z"}
{"level":"info","message":"GET /api/v1/transfers/external/64b1f2e3d4c5b6a789012345 404 134 - 5.412 ms","timestamp":"2026-09-22T15:14:13.937Z"}
{"details":null,"level":"warn","message":"DOMAIN EXCEPTION: Authentication required","statusCode":401,"timestamp":"2026-09-22T15:14:13.979Z"}
{"level":"info","message":"GET /api/v1/transfers/external/64b1f2e3d4c5b6a789012345/status 401 35 - 1.086 ms","timestamp":"2026-09-22T15:14:13.980Z"}
{"level":"info","message":"POST /api/v1/auth/signup 201 565 - 145.696 ms","timestamp":"2026-09-22T15:14:14.150Z"}
{"details":{"id":"64b1f2e3d4c5b6a789012345","reason":"Not Found","resource":"ExternalTransfer"},"level":"warn","message":"DOMAIN EXCEPTION: External transfer not found","statusCode":404,"timestamp":"2026-09-22T15:14:14.162Z"}
{"level":"info","message":"GET /api/v1/transfers/external/64b1f2e3d4c5b6a789012345/status 404 134 - 5.703 ms","timestamp":"2026-09-22T15:14:14.164Z"}
{"details":null,"level":"warn","message":"DOMAIN EXCEPTION: Invalid webhook signature","statusCode":401,"timestamp":"2026-09-22T15:14:14.195Z"}
{"level":"info","message":"POST /api/v1/webhooks/paystack 401 37 - 3.835 ms","timestamp":"2026-09-22T15:14:14.197Z"}
{"details":null,"level":"warn","message":"DOMAIN EXCEPTION: Invalid webhook signature","statusCode":401,"timestamp":"2026-09-22T15:14:14.220Z"}
{"level":"info","message":"POST /api/v1/webhooks/paystack 401 37 - 1.812 ms","timestamp":"2026-09-22T15:14:14.221Z"}
{"event":"transfer.success","level":"info","message":"Paystack webhook processed","reference":"ext_wh_test_ref_1790090054237_zagizrpxqog","status":"success","timestamp":"2026-09-22T15:14:14.714Z"}
{"level":"info","message":"POST /api/v1/webhooks/paystack 200 103 - 472.686 ms","timestamp":"2026-09-22T15:14:14.715Z"}
{"level":"info","message":"Connected to Redis","timestamp":"2026-09-22T15:16:36.290Z"}
{"level":"info","message":"Connected to Redis","timestamp":"2026-09-22T15:17:13.204Z"}
{"level":"info","message":"Connected to Redis","timestamp":"2026-09-22T15:17:38.940Z"}
{"level":"info","message":"Connected to Redis","timestamp":"2026-09-22T15:17:58.343Z"}
{"amount":500000,"fromAccountId":"64b1f2e3d4c5b6a789012345","initiatedBy":"usr-456","level":"info","message":"External transfer initiated","reference":"ext_ref_123","status":"PROCESSING","timestamp":"2026-09-22T15:19:36.545Z","transferId":"ext-999"}
{"event":"transfer.success","level":"info","message":"Paystack webhook processed","received":true,"reference":"ref-001","timestamp":"2026-09-22T15:19:36.569Z"}
{"error":"Connection lost","key":"lock:key","level":"warn","message":"Failed to release lock","timestamp":"2026-09-22T15:19:46.084Z"}
{"amount":500000,"fromAccountId":"64b1f2e3d4c5b6a789012345","initiatedBy":"usr-456","level":"info","message":"External transfer initiated","reference":"ext_ref_123","status":"PROCESSING","timestamp":"2026-09-22T15:19:47.572Z","transferId":"ext-999"}
{"event":"transfer.success","level":"info","message":"Paystack webhook processed","received":true,"reference":"ref-001","timestamp":"2026-09-22T15:19:47.606Z"}
{"accountId":"acc-bob","level":"info","message":"Account created","timestamp":"2026-09-22T15:19:47.904Z"}
{"amount":"5000","fromAccountId":"acc-1","initiatedBy":"usr-1","level":"info","message":"Transfer completed","timestamp":"2026-09-22T15:19:47.932Z","toAccountId":"acc-2","transferId":"tr-1"}
{"level":"info","message":"Connected to Redis","timestamp":"2026-09-22T15:19:53.423Z"}
{"level":"info","message":"Connected to Redis","timestamp":"2026-09-22T15:19:53.445Z"}
{"level":"info","message":"Connected to Redis","timestamp":"2026-09-22T15:20:59.376Z"}
{"details":null,"level":"warn","message":"DOMAIN EXCEPTION: Authentication required","statusCode":401,"timestamp":"2026-09-22T15:21:02.767Z"}
{"level":"info","message":"GET /api/v1/transfers/external/resolve-account?accountNumber=0123456789&bankCode=058 401 35 - 14.796 ms","timestamp":"2026-09-22T15:21:02.782Z"}
{"level":"info","message":"POST /api/v1/auth/signup 201 595 - 195.089 ms","timestamp":"2026-09-22T15:21:03.597Z"}
{"errors":[{"code":"invalid_type","expected":"string","message":"Required","path":["accountNumber"],"received":"undefined"}],"level":"error","message":"Validation error:","timestamp":"2026-09-22T15:21:03.613Z"}
{"level":"info","message":"GET /api/v1/transfers/external/resolve-account?bankCode=058 400 124 - 8.187 ms","timestamp":"2026-09-22T15:21:03.615Z"}
{"details":null,"level":"warn","message":"DOMAIN EXCEPTION: Authentication required","statusCode":401,"timestamp":"2026-09-22T15:21:03.650Z"}
{"level":"info","message":"POST /api/v1/transfers/external 401 35 - 1.887 ms","timestamp":"2026-09-22T15:21:03.651Z"}
{"details":null,"level":"warn","message":"DOMAIN EXCEPTION: Admin or Superadmin cannot perform this action","statusCode":403,"timestamp":"2026-09-22T15:21:03.676Z"}
{"level":"info","message":"POST /api/v1/transfers/external 403 58 - 2.184 ms","timestamp":"2026-09-22T15:21:03.677Z"}
{"level":"info","message":"POST /api/v1/auth/signup 201 565 - 145.210 ms","timestamp":"2026-09-22T15:21:03.847Z"}
{"errors":[{"code":"custom","message":"Idempotency-Key header is required","path":["idempotency-key"]}],"level":"error","message":"Validation error:","timestamp":"2026-09-22T15:21:03.858Z"}
{"level":"info","message":"POST /api/v1/transfers/external 400 103 - 2.722 ms","timestamp":"2026-09-22T15:21:03.859Z"}
{"level":"info","message":"POST /api/v1/auth/signup 201 591 - 151.674 ms","timestamp":"2026-09-22T15:21:04.041Z"}
{"details":{"code":"invalid_bank_code","message":"Bank is invalid","meta":{"nextStep":"Ensure that you're passing the correct bank code. Use the List Banks Endpoint to get the list of all available banks and their corresponding bank codes"},"status":false,"type":"validation_error"},"level":"warn","message":"DOMAIN EXCEPTION: Bank is invalid","statusCode":400,"timestamp":"2026-09-22T15:21:05.499Z"}
{"level":"info","message":"POST /api/v1/transfers/external 400 309 - 1450.857 ms","timestamp":"2026-09-22T15:21:05.501Z"}
{"level":"info","message":"POST /api/v1/auth/signup 201 545 - 144.421 ms","timestamp":"2026-09-22T15:21:05.679Z"}
{"level":"info","message":"POST /api/v1/auth/signup 201 545 - 142.060 ms","timestamp":"2026-09-22T15:21:05.829Z"}
{"details":{"id":"1790090465819vgh0pm","resource":"Account"},"level":"warn","message":"DOMAIN EXCEPTION: Cannot initiate transfer from an account you do not own","statusCode":403,"timestamp":"2026-09-22T15:21:05.845Z"}
{"level":"info","message":"POST /api/v1/transfers/external 403 127 - 9.039 ms","timestamp":"2026-09-22T15:21:05.846Z"}
{"level":"info","message":"POST /api/v1/auth/signup 201 566 - 140.408 ms","timestamp":"2026-09-22T15:21:06.019Z"}
{"details":{"fromBalance":"1000","transferAmount":"50000"},"level":"warn","message":"DOMAIN EXCEPTION: Insufficient funds for external transfer","statusCode":400,"timestamp":"2026-09-22T15:21:06.577Z"}
{"level":"info","message":"POST /api/v1/transfers/external 400 110 - 552.076 ms","timestamp":"2026-09-22T15:21:06.578Z"}
{"details":null,"level":"warn","message":"DOMAIN EXCEPTION: Authentication required","statusCode":401,"timestamp":"2026-09-22T15:21:06.608Z"}
{"level":"info","message":"GET /api/v1/transfers/external 401 35 - 1.049 ms","timestamp":"2026-09-22T15:21:06.609Z"}
{"level":"info","message":"POST /api/v1/auth/signup 201 558 - 133.442 ms","timestamp":"2026-09-22T15:21:06.764Z"}
{"level":"info","message":"GET /api/v1/transfers/external 200 2 - 6.444 ms","timestamp":"2026-09-22T15:21:06.777Z"}
{"level":"info","message":"POST /api/v1/auth/signup 201 571 - 135.866 ms","timestamp":"2026-09-22T15:21:06.941Z"}
{"details":{"id":"64b1f2e3d4c5b6a789012345","reason":"Not Found","resource":"ExternalTransfer"},"level":"warn","message":"DOMAIN EXCEPTION: External transfer not found","statusCode":404,"timestamp":"2026-09-22T15:21:06.952Z"}
{"level":"info","message":"GET /api/v1/transfers/external/64b1f2e3d4c5b6a789012345 404 134 - 5.567 ms","timestamp":"2026-09-22T15:21:06.953Z"}
{"details":null,"level":"warn","message":"DOMAIN EXCEPTION: Authentication required","statusCode":401,"timestamp":"2026-09-22T15:21:06.979Z"}
{"level":"info","message":"GET /api/v1/transfers/external/64b1f2e3d4c5b6a789012345/status 401 35 - 1.221 ms","timestamp":"2026-09-22T15:21:06.980Z"}
{"level":"info","message":"POST /api/v1/auth/signup 201 565 - 141.135 ms","timestamp":"2026-09-22T15:21:07.144Z"}
{"details":{"id":"64b1f2e3d4c5b6a789012345","reason":"Not Found","resource":"ExternalTransfer"},"level":"warn","message":"DOMAIN EXCEPTION: External transfer not found","statusCode":404,"timestamp":"2026-09-22T15:21:07.155Z"}
{"level":"info","message":"GET /api/v1/transfers/external/64b1f2e3d4c5b6a789012345/status 404 134 - 4.689 ms","timestamp":"2026-09-22T15:21:07.156Z"}
{"details":null,"level":"warn","message":"DOMAIN EXCEPTION: Invalid webhook signature","statusCode":401,"timestamp":"2026-09-22T15:21:07.186Z"}
{"level":"info","message":"POST /api/v1/webhooks/paystack 401 37 - 3.178 ms","timestamp":"2026-09-22T15:21:07.187Z"}
{"details":null,"level":"warn","message":"DOMAIN EXCEPTION: Invalid webhook signature","statusCode":401,"timestamp":"2026-09-22T15:21:07.209Z"}
{"level":"info","message":"POST /api/v1/webhooks/paystack 401 37 - 1.802 ms","timestamp":"2026-09-22T15:21:07.210Z"}
{"event":"transfer.success","level":"info","message":"Paystack webhook processed","reference":"ext_wh_test_ref_1790090467224_eqeeq915tin","status":"success","timestamp":"2026-09-22T15:21:07.661Z"}
{"level":"info","message":"POST /api/v1/webhooks/paystack 200 103 - 433.425 ms","timestamp":"2026-09-22T15:21:07.663Z"}
{"error":"Connection lost","key":"lock:key","level":"warn","message":"Failed to release lock","timestamp":"2026-09-22T15:21:16.565Z"}
{"amount":500000,"fromAccountId":"64b1f2e3d4c5b6a789012345","initiatedBy":"usr-456","level":"info","message":"External transfer initiated","reference":"ext_ref_123","status":"PROCESSING","timestamp":"2026-09-22T15:21:17.486Z","transferId":"ext-999"}
{"event":"transfer.success","level":"info","message":"Paystack webhook processed","received":true,"reference":"ref-001","timestamp":"2026-09-22T15:21:17.522Z"}
{"accountId":"acc-bob","level":"info","message":"Account created","timestamp":"2026-09-22T15:21:17.770Z"}
{"amount":"5000","fromAccountId":"acc-1","initiatedBy":"usr-1","level":"info","message":"Transfer completed","timestamp":"2026-09-22T15:21:17.804Z","toAccountId":"acc-2","transferId":"tr-1"}
{"level":"info","message":"Connected to Redis","timestamp":"2026-09-22T15:21:19.197Z"}
{"level":"info","message":"Connected to Redis","timestamp":"2026-09-22T15:21:20.724Z"}
{"error":"Connection lost","key":"lock:key","level":"warn","message":"Failed to release lock","timestamp":"2026-09-22T16:51:20.876Z"}
{"amount":500000,"fromAccountId":"64b1f2e3d4c5b6a789012345","initiatedBy":"usr-456","level":"info","message":"External transfer initiated","reference":"ext_ref_123","status":"PROCESSING","timestamp":"2026-09-22T16:51:21.398Z","transferId":"ext-999"}
{"event":"transfer.success","level":"info","message":"Paystack webhook processed","received":true,"reference":"ref-001","timestamp":"2026-09-22T16:51:21.436Z"}
{"accountId":"acc-bob","level":"info","message":"Account created","timestamp":"2026-09-22T16:51:21.761Z"}
{"amount":"5000","fromAccountId":"acc-1","initiatedBy":"usr-1","level":"info","message":"Transfer completed","timestamp":"2026-09-22T16:51:21.793Z","toAccountId":"acc-2","transferId":"tr-1"}
{"level":"info","message":"Connected to Redis","timestamp":"2026-09-22T16:51:23.340Z"}
{"level":"info","message":"Connected to Redis","timestamp":"2026-09-22T16:51:24.981Z"}
{"error":"Connection lost","key":"lock:key","level":"warn","message":"Failed to release lock","timestamp":"2026-09-22T17:35:19.691Z"}
{"accountId":"acc-bob","level":"info","message":"Account created","timestamp":"2026-09-22T17:35:20.624Z"}
{"amount":"5000","fromAccountId":"acc-1","initiatedBy":"usr-1","level":"info","message":"Transfer completed","timestamp":"2026-09-22T17:35:20.676Z","toAccountId":"acc-2","transferId":"tr-1"}
{"amount":500000,"fromAccountId":"64b1f2e3d4c5b6a789012345","initiatedBy":"usr-456","level":"info","message":"External transfer initiated","reference":"ext_ref_123","status":"PROCESSING","timestamp":"2026-09-22T17:35:20.786Z","transferId":"ext-999"}
{"event":"transfer.success","level":"info","message":"Paystack webhook processed","received":true,"reference":"ref-001","timestamp":"2026-09-22T17:35:20.832Z"}
{"level":"info","message":"Connected to Redis","timestamp":"2026-09-22T17:35:21.938Z"}
{"level":"info","message":"Connected to Redis","timestamp":"2026-09-22T17:35:24.092Z"}
{"level":"info","message":"Connected to Redis","timestamp":"2026-09-22T17:35:32.095Z"}
{"details":null,"level":"warn","message":"DOMAIN EXCEPTION: Authentication required","statusCode":401,"timestamp":"2026-09-22T17:35:34.771Z"}
{"level":"info","message":"GET /api/v1/transfers/external/resolve-account?accountNumber=0123456789&bankCode=058 401 35 - 10.586 ms","timestamp":"2026-09-22T17:35:34.784Z"}
{"level":"info","message":"POST /api/v1/auth/signup 201 595 - 201.861 ms","timestamp":"2026-09-22T17:35:35.271Z"}
{"errors":[{"code":"invalid_type","expected":"string","message":"Required","path":["accountNumber"],"received":"undefined"}],"level":"error","message":"Validation error:","timestamp":"2026-09-22T17:35:35.286Z"}
{"level":"info","message":"GET /api/v1/transfers/external/resolve-account?bankCode=058 400 124 - 7.601 ms","timestamp":"2026-09-22T17:35:35.289Z"}
{"details":null,"level":"warn","message":"DOMAIN EXCEPTION: Authentication required","statusCode":401,"timestamp":"2026-09-22T17:35:35.323Z"}
{"level":"info","message":"POST /api/v1/transfers/external 401 35 - 1.725 ms","timestamp":"2026-09-22T17:35:35.324Z"}
{"details":null,"level":"warn","message":"DOMAIN EXCEPTION: Admin or Superadmin cannot perform this action","statusCode":403,"timestamp":"2026-09-22T17:35:35.350Z"}
{"level":"info","message":"POST /api/v1/transfers/external 403 58 - 2.632 ms","timestamp":"2026-09-22T17:35:35.352Z"}
{"level":"info","message":"POST /api/v1/auth/signup 201 565 - 147.593 ms","timestamp":"2026-09-22T17:35:35.524Z"}
{"errors":[{"code":"invalid_type","expected":"string","message":"X-Idempotency-Key header is required","path":["x-idempotency-key"],"received":"undefined"}],"level":"error","message":"Validation error:","timestamp":"2026-09-22T17:35:35.534Z"}
{"level":"info","message":"POST /api/v1/transfers/external 400 156 - 2.157 ms","timestamp":"2026-09-22T17:35:35.535Z"}
{"level":"info","message":"POST /api/v1/auth/signup 201 575 - 232.840 ms","timestamp":"2026-09-22T17:35:35.797Z"}
{"errors":[{"code":"invalid_type","expected":"string","message":"X-Idempotency-Key header is required","path":["x-idempotency-key"],"received":"undefined"}],"level":"error","message":"Validation error:","timestamp":"2026-09-22T17:35:35.807Z"}
{"level":"info","message":"POST /api/v1/transfers/external 400 156 - 1.999 ms","timestamp":"2026-09-22T17:35:35.808Z"}
{"level":"info","message":"POST /api/v1/auth/signup 201 591 - 149.672 ms","timestamp":"2026-09-22T17:35:35.987Z"}
{"details":{"code":"invalid_bank_code","message":"Bank is invalid","meta":{"nextStep":"Ensure that you're passing the correct bank code. Use the List Banks Endpoint to get the list of all available banks and their corresponding bank codes"},"status":false,"type":"validation_error"},"level":"warn","message":"DOMAIN EXCEPTION: Bank is invalid","statusCode":400,"timestamp":"2026-09-22T17:35:37.395Z"}
{"level":"info","message":"POST /api/v1/transfers/external 400 309 - 1398.448 ms","timestamp":"2026-09-22T17:35:37.396Z"}
{"level":"info","message":"POST /api/v1/auth/signup 201 545 - 143.022 ms","timestamp":"2026-09-22T17:35:37.575Z"}
{"level":"info","message":"POST /api/v1/auth/signup 201 545 - 139.159 ms","timestamp":"2026-09-22T17:35:37.722Z"}
{"details":{"id":"1790098537712lfqrn6","resource":"Account"},"level":"warn","message":"DOMAIN EXCEPTION: Cannot initiate transfer from an account you do not own","statusCode":403,"timestamp":"2026-09-22T17:35:37.738Z"}
{"level":"info","message":"POST /api/v1/transfers/external 403 127 - 8.499 ms","timestamp":"2026-09-22T17:35:37.739Z"}
{"level":"info","message":"POST /api/v1/auth/signup 201 566 - 132.664 ms","timestamp":"2026-09-22T17:35:37.900Z"}
{"details":{"fromBalance":"1000","transferAmount":"50000"},"level":"warn","message":"DOMAIN EXCEPTION: Insufficient funds for external transfer","statusCode":400,"timestamp":"2026-09-22T17:35:38.490Z"}
{"level":"info","message":"POST /api/v1/transfers/external 400 110 - 584.423 ms","timestamp":"2026-09-22T17:35:38.491Z"}
{"details":null,"level":"warn","message":"DOMAIN EXCEPTION: Authentication required","statusCode":401,"timestamp":"2026-09-22T17:35:38.521Z"}
{"level":"info","message":"GET /api/v1/transfers/external 401 35 - 1.346 ms","timestamp":"2026-09-22T17:35:38.522Z"}
{"level":"info","message":"POST /api/v1/auth/signup 201 558 - 140.156 ms","timestamp":"2026-09-22T17:35:38.684Z"}
{"level":"info","message":"GET /api/v1/transfers/external 200 2 - 6.853 ms","timestamp":"2026-09-22T17:35:38.699Z"}
{"level":"info","message":"POST /api/v1/auth/signup 201 571 - 143.625 ms","timestamp":"2026-09-22T17:35:38.873Z"}
{"details":{"id":"64b1f2e3d4c5b6a789012345","reason":"Not Found","resource":"ExternalTransfer"},"level":"warn","message":"DOMAIN EXCEPTION: External transfer not found","statusCode":404,"timestamp":"2026-09-22T17:35:38.885Z"}
{"level":"info","message":"GET /api/v1/transfers/external/64b1f2e3d4c5b6a789012345 404 134 - 5.845 ms","timestamp":"2026-09-22T17:35:38.886Z"}
{"details":null,"level":"warn","message":"DOMAIN EXCEPTION: Authentication required","statusCode":401,"timestamp":"2026-09-22T17:35:38.916Z"}
{"level":"info","message":"GET /api/v1/transfers/external/64b1f2e3d4c5b6a789012345/status 401 35 - 1.284 ms","timestamp":"2026-09-22T17:35:38.917Z"}
{"level":"info","message":"POST /api/v1/auth/signup 201 565 - 140.517 ms","timestamp":"2026-09-22T17:35:39.081Z"}
{"details":{"id":"64b1f2e3d4c5b6a789012345","reason":"Not Found","resource":"ExternalTransfer"},"level":"warn","message":"DOMAIN EXCEPTION: External transfer not found","statusCode":404,"timestamp":"2026-09-22T17:35:39.093Z"}
{"level":"info","message":"GET /api/v1/transfers/external/64b1f2e3d4c5b6a789012345/status 404 134 - 5.246 ms","timestamp":"2026-09-22T17:35:39.094Z"}
{"details":null,"level":"warn","message":"DOMAIN EXCEPTION: Invalid webhook signature","statusCode":401,"timestamp":"2026-09-22T17:35:39.123Z"}
{"level":"info","message":"POST /api/v1/webhooks/paystack 401 37 - 2.874 ms","timestamp":"2026-09-22T17:35:39.124Z"}
{"details":null,"level":"warn","message":"DOMAIN EXCEPTION: Invalid webhook signature","statusCode":401,"timestamp":"2026-09-22T17:35:39.145Z"}
{"level":"info","message":"POST /api/v1/webhooks/paystack 401 37 - 1.661 ms","timestamp":"2026-09-22T17:35:39.146Z"}
{"event":"transfer.success","level":"info","message":"Paystack webhook processed","reference":"ext_wh_test_ref_1790098539161_pc7tzxxvlfp","status":"success","timestamp":"2026-09-22T17:35:39.687Z"}
{"level":"info","message":"POST /api/v1/webhooks/paystack 200 103 - 521.797 ms","timestamp":"2026-09-22T17:35:39.689Z"}
{"level":"info","message":"Connected to Redis","timestamp":"2026-09-22T17:35:52.476Z"}
{"details":null,"level":"warn","message":"DOMAIN EXCEPTION: Authentication required","statusCode":401,"timestamp":"2026-09-22T17:35:54.302Z"}
{"level":"info","message":"POST /api/v1/transfers 401 35 - 13.924 ms","timestamp":"2026-09-22T17:35:54.313Z"}
{"details":null,"level":"warn","message":"DOMAIN EXCEPTION: Admin or Superadmin cannot perform this action","statusCode":403,"timestamp":"2026-09-22T17:35:54.447Z"}
{"level":"info","message":"POST /api/v1/transfers 403 58 - 6.586 ms","timestamp":"2026-09-22T17:35:54.448Z"}
{"level":"info","message":"POST /api/v1/auth/signup 201 563 - 183.349 ms","timestamp":"2026-09-22T17:35:54.657Z"}
{"errors":[{"code":"invalid_type","expected":"string","message":"X-Idempotency-Key header is required","path":["x-idempotency-key"],"received":"undefined"}],"level":"error","message":"Validation error:","timestamp":"2026-09-22T17:35:54.669Z"}
{"level":"info","message":"POST /api/v1/transfers 400 156 - 4.813 ms","timestamp":"2026-09-22T17:35:54.671Z"}
{"level":"info","message":"POST /api/v1/auth/signup 201 610 - 143.622 ms","timestamp":"2026-09-22T17:35:54.847Z"}
{"errors":[{"code":"invalid_type","expected":"string","message":"X-Idempotency-Key header is required","path":["x-idempotency-key"],"received":"undefined"}],"level":"error","message":"Validation error:","timestamp":"2026-09-22T17:35:54.857Z"}
{"level":"info","message":"POST /api/v1/transfers 400 156 - 2.628 ms","timestamp":"2026-09-22T17:35:54.859Z"}
{"details":null,"level":"warn","message":"DOMAIN EXCEPTION: Authenticated user not found","statusCode":401,"timestamp":"2026-09-22T17:35:54.894Z"}
{"level":"info","message":"POST /api/v1/transfers 401 40 - 6.737 ms","timestamp":"2026-09-22T17:35:54.895Z"}
{"level":"info","message":"POST /api/v1/auth/signup 201 563 - 139.401 ms","timestamp":"2026-09-22T17:35:55.058Z"}
{"level":"info","message":"POST /api/v1/auth/signup 201 548 - 145.131 ms","timestamp":"2026-09-22T17:35:55.213Z"}
{"details":{"id":"1790098555047xu73mn","resource":"Account"},"level":"warn","message":"DOMAIN EXCEPTION: Cannot initiate transfer from an account you do not own","statusCode":403,"timestamp":"2026-09-22T17:35:55.235Z"}
{"level":"info","message":"POST /api/v1/transfers 403 127 - 14.090 ms","timestamp":"2026-09-22T17:35:55.236Z"}
{"level":"info","message":"GET /api/v1/accounts/1790098555047xu73mn 200 128 - 6.449 ms","timestamp":"2026-09-22T17:35:55.251Z"}
{"level":"info","message":"POST /api/v1/auth/signup 201 563 - 139.102 ms","timestamp":"2026-09-22T17:35:55.418Z"}
{"accountId":"1790098555425s47mv8","level":"info","message":"Account created","timestamp":"2026-09-22T17:35:55.433Z"}
{"level":"info","message":"POST /api/v1/accounts 201 122 - 9.124 ms","timestamp":"2026-09-22T17:35:55.434Z"}
{"details":{"id":"not-alice-account","resource":"Account"},"level":"warn","message":"DOMAIN EXCEPTION: Cannot initiate transfer from an account you do not own","statusCode":403,"timestamp":"2026-09-22T17:35:55.447Z"}
{"level":"info","message":"POST /api/v1/transfers 403 125 - 7.361 ms","timestamp":"2026-09-22T17:35:55.448Z"}
{"level":"info","message":"POST /api/v1/auth/signup 201 563 - 195.263 ms","timestamp":"2026-09-22T17:35:55.671Z"}
{"errors":[{"code":"custom","message":"Cannot transfer to the same account","path":["toAccountId"]}],"level":"error","message":"Validation error:","timestamp":"2026-09-22T17:35:55.678Z"}
{"level":"info","message":"POST /api/v1/transfers 400 100 - 1.443 ms","timestamp":"2026-09-22T17:35:55.679Z"}
{"level":"info","message":"POST /api/v1/auth/signup 201 563 - 170.920 ms","timestamp":"2026-09-22T17:35:55.876Z"}
{"details":{"id":"nonexistent-destination","reason":"Not Found","resource":"Account"},"level":"warn","message":"DOMAIN EXCEPTION: Account not found","statusCode":404,"timestamp":"2026-09-22T17:35:56.471Z"}
{"level":"info","message":"POST /api/v1/transfers 404 114 - 588.635 ms","timestamp":"2026-09-22T17:35:56.472Z"}
{"level":"info","message":"POST /api/v1/auth/signup 201 563 - 137.793 ms","timestamp":"2026-09-22T17:35:56.635Z"}
{"accountId":"1790098556643swwp81","level":"info","message":"Account created","timestamp":"2026-09-22T17:35:56.653Z"}
{"level":"info","message":"POST /api/v1/accounts 201 122 - 11.550 ms","timestamp":"2026-09-22T17:35:56.654Z"}
{"amount":"20000","fromAccountId":"17900985566247btp3l","initiatedBy":"17900985566199jksql","level":"info","message":"Transfer completed","timestamp":"2026-09-22T17:35:57.271Z","toAccountId":"1790098556643swwp81","transferId":"6ab2bc7ddac8c43cc438a65c"}
{"level":"info","message":"POST /api/v1/transfers 201 257 - 609.914 ms","timestamp":"2026-09-22T17:35:57.272Z"}
{"level":"info","message":"GET /api/v1/accounts/17900985566247btp3l 200 126 - 4.630 ms","timestamp":"2026-09-22T17:35:57.284Z"}
{"level":"info","message":"GET /api/v1/accounts/1790098556643swwp81 200 122 - 3.972 ms","timestamp":"2026-09-22T17:35:57.295Z"}
{"level":"info","message":"POST /api/v1/auth/signup 201 561 - 136.900 ms","timestamp":"2026-09-22T17:35:57.461Z"}
{"accountId":"1790098557468pvngcy","level":"info","message":"Account created","timestamp":"2026-09-22T17:35:57.475Z"}
{"level":"info","message":"POST /api/v1/accounts 201 122 - 8.334 ms","timestamp":"2026-09-22T17:35:57.476Z"}
{"details":{"fromBalance":"10000","transferAmount":"20000"},"level":"warn","message":"DOMAIN EXCEPTION: Insufficient funds","statusCode":400,"timestamp":"2026-09-22T17:35:58.068Z"}
{"level":"info","message":"POST /api/v1/transfers 400 89 - 585.567 ms","timestamp":"2026-09-22T17:35:58.069Z"}
{"level":"info","message":"POST /api/v1/auth/signup 201 563 - 163.573 ms","timestamp":"2026-09-22T17:35:58.260Z"}
{"accountId":"1790098558268xbspuc","level":"info","message":"Account created","timestamp":"2026-09-22T17:35:58.277Z"}
{"level":"info","message":"POST /api/v1/accounts 201 122 - 10.261 ms","timestamp":"2026-09-22T17:35:58.279Z"}
{"amount":"10000","fromAccountId":"17900985582299ahmjg","initiatedBy":"1790098558223y6vdvr","level":"info","message":"Transfer completed","timestamp":"2026-09-22T17:35:58.877Z","toAccountId":"1790098558268xbspuc","transferId":"6ab2bc7edac8c43cc438a664"}
{"level":"info","message":"POST /api/v1/transfers 201 257 - 592.085 ms","timestamp":"2026-09-22T17:35:58.879Z"}
{"amount":"10000","fromAccountId":"17900985582299ahmjg","initiatedBy":"1790098558223y6vdvr","level":"info","message":"Transfer completed","timestamp":"2026-09-22T17:35:59.005Z","toAccountId":"1790098558268xbspuc","transferId":"6ab2bc7edac8c43cc438a664"}
{"level":"info","message":"POST /api/v1/transfers 201 257 - 120.613 ms","timestamp":"2026-09-22T17:35:59.007Z"}
{"level":"info","message":"GET /api/v1/accounts/17900985582299ahmjg 200 126 - 4.225 ms","timestamp":"2026-09-22T17:35:59.017Z"}
{"level":"info","message":"POST /api/v1/auth/signup 201 563 - 136.742 ms","timestamp":"2026-09-22T17:35:59.184Z"}
{"accountId":"1790098559191lfs9xx","level":"info","message":"Account created","timestamp":"2026-09-22T17:35:59.200Z"}
{"level":"info","message":"POST /api/v1/accounts 201 122 - 9.383 ms","timestamp":"2026-09-22T17:35:59.201Z"}
{"amount":"10000","fromAccountId":"1790098559174vsg8gy","initiatedBy":"179009855916826kyhn","level":"info","message":"Transfer completed","timestamp":"2026-09-22T17:35:59.799Z","toAccountId":"1790098559191lfs9xx","transferId":"6ab2bc7fdac8c43cc438a669"}
{"level":"info","message":"POST /api/v1/transfers 201 257 - 592.101 ms","timestamp":"2026-09-22T17:35:59.800Z"}
{"details":null,"level":"warn","message":"DOMAIN EXCEPTION: Idempotency key reused with different request body","statusCode":422,"timestamp":"2026-09-22T17:35:59.928Z"}
{"level":"info","message":"POST /api/v1/transfers 422 62 - 121.580 ms","timestamp":"2026-09-22T17:35:59.929Z"}
{"level":"info","message":"Connected to Redis","timestamp":"2026-09-22T17:36:07.844Z"}
{"details":null,"level":"warn","message":"DOMAIN EXCEPTION: Authentication required","statusCode":401,"timestamp":"2026-09-22T17:36:09.571Z"}
{"level":"info","message":"GET /api/v1/accounts 401 35 - 15.720 ms","timestamp":"2026-09-22T17:36:09.590Z"}
{"level":"info","message":"GET /api/v1/accounts 200 2 - 47.048 ms","timestamp":"2026-09-22T17:36:09.704Z"}
{"level":"info","message":"POST /api/v1/auth/signup 201 587 - 190.409 ms","timestamp":"2026-09-22T17:36:09.938Z"}
{"accountId":"1790098569950eogeha","level":"info","message":"Account created","timestamp":"2026-09-22T17:36:09.960Z"}
{"level":"info","message":"POST /api/v1/accounts 201 129 - 13.181 ms","timestamp":"2026-09-22T17:36:09.962Z"}
{"details":{"email":"alice@example.com","resource":"Account"},"level":"warn","message":"DOMAIN EXCEPTION: Account already exists for this email","statusCode":409,"timestamp":"2026-09-22T17:36:09.980Z"}
{"level":"info","message":"POST /api/v1/accounts 409 110 - 9.222 ms","timestamp":"2026-09-22T17:36:09.981Z"}
{"errors":[{"code":"too_small","exact":false,"inclusive":false,"message":"Amount must be a positive number","minimum":0,"path":["amountMinor"],"type":"number"},{"code":"too_small","exact":false,"inclusive":true,"message":"Amount must be at least 1","minimum":1,"path":["amountMinor"],"type":"number"}],"level":"error","message":"Validation error:","timestamp":"2026-09-22T17:36:09.993Z"}
{"level":"info","message":"POST /api/v1/transfers 400 301 - 3.677 ms","timestamp":"2026-09-22T17:36:09.995Z"}
{"details":{"fromBalance":"100000","transferAmount":"500000"},"level":"warn","message":"DOMAIN EXCEPTION: Insufficient funds","statusCode":400,"timestamp":"2026-09-22T17:36:10.674Z"}
{"level":"info","message":"POST /api/v1/transfers 400 91 - 669.953 ms","timestamp":"2026-09-22T17:36:10.676Z"}
{"amount":"35000","fromAccountId":"1790098569922r73ldc","initiatedBy":"1790098569892pgd4c3","level":"info","message":"Transfer completed","timestamp":"2026-09-22T17:36:11.329Z","toAccountId":"1790098569950eogeha","transferId":"6ab2bc8b481c528b8a8368b8"}
{"level":"info","message":"POST /api/v1/transfers 201 257 - 646.984 ms","timestamp":"2026-09-22T17:36:11.331Z"}
{"level":"info","message":"GET /api/v1/transfers/6ab2bc8b481c528b8a8368b8 200 257 - 6.862 ms","timestamp":"2026-09-22T17:36:11.347Z"}
{"level":"info","message":"GET /api/v1/accounts/1790098569922r73ldc 200 133 - 5.205 ms","timestamp":"2026-09-22T17:36:11.360Z"}
{"level":"info","message":"GET /api/v1/accounts/1790098569950eogeha 200 129 - 4.244 ms","timestamp":"2026-09-22T17:36:11.372Z"}
{"level":"info","message":"GET /api/v1/transfers?page=1&limit=10 200 259 - 5.484 ms","timestamp":"2026-09-22T17:36:11.384Z"}
{"level":"info","message":"PATCH /api/v1/accounts/1790098569922r73ldc 200 151 - 12.202 ms","timestamp":"2026-09-22T17:36:11.405Z"}
{"level":"info","message":"DELETE /api/v1/accounts/1790098569950eogeha 200 42 - 8.139 ms","timestamp":"2026-09-22T17:36:11.419Z"}
{"details":{"id":"1790098569950eogeha","reason":"Not Found","resource":"Account"},"level":"warn","message":"DOMAIN EXCEPTION: Account not found","statusCode":404,"timestamp":"2026-09-22T17:36:12.053Z"}
{"level":"info","message":"POST /api/v1/transfers 404 110 - 627.684 ms","timestamp":"2026-09-22T17:36:12.055Z"}
{"error":"Connection lost","key":"lock:key","level":"warn","message":"Failed to release lock","timestamp":"2026-09-22T17:36:21.942Z"}
{"amount":500000,"fromAccountId":"64b1f2e3d4c5b6a789012345","initiatedBy":"usr-456","level":"info","message":"External transfer initiated","reference":"ext_ref_123","status":"PROCESSING","timestamp":"2026-09-22T17:36:23.400Z","transferId":"ext-999"}
{"event":"transfer.success","level":"info","message":"Paystack webhook processed","received":true,"reference":"ref-001","timestamp":"2026-09-22T17:36:23.427Z"}
{"accountId":"acc-bob","level":"info","message":"Account created","timestamp":"2026-09-22T17:36:23.528Z"}
{"amount":"5000","fromAccountId":"acc-1","initiatedBy":"usr-1","level":"info","message":"Transfer completed","timestamp":"2026-09-22T17:36:23.558Z","toAccountId":"acc-2","transferId":"tr-1"}
{"level":"info","message":"Connected to Redis","timestamp":"2026-09-22T17:36:24.977Z"}
{"level":"info","message":"Connected to Redis","timestamp":"2026-09-22T17:36:26.596Z"}
{"level":"info","message":"Connected to Redis","timestamp":"2026-09-22T17:36:45.211Z"}
{"level":"info","message":"Connected to MongoDB","timestamp":"2026-09-22T17:36:49.429Z"}
{"level":"info","message":"Server running on port 8000","timestamp":"2026-09-22T17:36:49.446Z"}
{"level":"info","message":"Connected to Redis","timestamp":"2026-09-22T18:59:12.466Z"}
{"amount":500000,"fromAccountId":"64b1f2e3d4c5b6a789012345","initiatedBy":"usr-456","level":"info","message":"External transfer initiated","reference":"ext_ref_123","status":"PROCESSING","timestamp":"2026-09-22T18:59:18.513Z","transferId":"ext-999"}
{"event":"transfer.success","level":"info","message":"Paystack webhook processed","received":true,"reference":"ref-001","timestamp":"2026-09-22T18:59:18.541Z"}
